"hash","LR","pred_multi100"
"755aa1b492e1e3593c2559d7a5087710",0,0.263459536773154
"755aa1b492e1e3593c2559d7a5087710",0.5,0.302698412056121
"755aa1b492e1e3593c2559d7a5087710",1,0.338842052046588
"755aa1b492e1e3593c2559d7a5087710",1.5,0.370558171735236
"755aa1b492e1e3593c2559d7a5087710",2,0.396887922896581
"755aa1b492e1e3593c2559d7a5087710",2.5,0.41720545234571
"755aa1b492e1e3593c2559d7a5087710",3,0.431141393866788
"755aa1b492e1e3593c2559d7a5087710",3.5,0.438501978415092
"755aa1b492e1e3593c2559d7a5087710",4,0.43920484555644
"755aa1b492e1e3593c2559d7a5087710",4.5,0.433242859749587
"755aa1b492e1e3593c2559d7a5087710",5,0.420680584291402
"755aa1b492e1e3593c2559d7a5087710",5.5,0.40168380494731
"755aa1b492e1e3593c2559d7a5087710",6,0.37657848646242
"755aa1b492e1e3593c2559d7a5087710",6.5,0.345929528684214
"755aa1b492e1e3593c2559d7a5087710",7,0.310620505635463
"755aa1b492e1e3593c2559d7a5087710",7.5,0.271904742971128
"755aa1b492e1e3593c2559d7a5087710",8,0.231391303354586
"755aa1b492e1e3593c2559d7a5087710",8.5,0.190935915976175
"755aa1b492e1e3593c2559d7a5087710",9,0.152433877287369
"755aa1b492e1e3593c2559d7a5087710",9.5,0.117555109429425
"755aa1b492e1e3593c2559d7a5087710",10,0.0874993858291123
"04849c132ad84ca1b3344976e2007a0a",0,0.368774668543918
"04849c132ad84ca1b3344976e2007a0a",0.5,0.34241353509069
"04849c132ad84ca1b3344976e2007a0a",1,0.320334212532633
"04849c132ad84ca1b3344976e2007a0a",1.5,0.302275200594336
"04849c132ad84ca1b3344976e2007a0a",2,0.287966311168643
"04849c132ad84ca1b3344976e2007a0a",2.5,0.277159217497754
"04849c132ad84ca1b3344976e2007a0a",3,0.269647304174375
"04849c132ad84ca1b3344976e2007a0a",3.5,0.265277744630054
"04849c132ad84ca1b3344976e2007a0a",4,0.263958300372198
"04849c132ad84ca1b3344976e2007a0a",4.5,0.265660647645039
"04849c132ad84ca1b3344976e2007a0a",5,0.27042128917443
"04849c132ad84ca1b3344976e2007a0a",5.5,0.278340369730459
"04849c132ad84ca1b3344976e2007a0a",6,0.2895779841767
"04849c132ad84ca1b3344976e2007a0a",6.5,0.304346825702709
"04849c132ad84ca1b3344976e2007a0a",7,0.322899275612502
"04849c132ad84ca1b3344976e2007a0a",7.5,0.345506365616681
"04849c132ad84ca1b3344976e2007a0a",8,0.372425666583663
"04849c132ad84ca1b3344976e2007a0a",8.5,0.403855486264302
"04849c132ad84ca1b3344976e2007a0a",9,0.439874407893756
"04849c132ad84ca1b3344976e2007a0a",9.5,0.480368851914736
"04849c132ad84ca1b3344976e2007a0a",10,0.524957326735405
"30bf9d373254739b27b406abb7e3eebb",0,0.564706722065854
"30bf9d373254739b27b406abb7e3eebb",0.5,0.553108030820448
"30bf9d373254739b27b406abb7e3eebb",1,0.541814025976893
"30bf9d373254739b27b406abb7e3eebb",1.5,0.530840537849873
"30bf9d373254739b27b406abb7e3eebb",2,0.52020132460795
"30bf9d373254739b27b406abb7e3eebb",2.5,0.50990816087333
"30bf9d373254739b27b406abb7e3eebb",3,0.499970942806667
"30bf9d373254739b27b406abb7e3eebb",3.5,0.490397806018
"30bf9d373254739b27b406abb7e3eebb",4,0.481195252878195
"30bf9d373254739b27b406abb7e3eebb",4.5,0.472368286094857
"30bf9d373254739b27b406abb7e3eebb",5,0.463920545743006
"30bf9d373254739b27b406abb7e3eebb",5.5,0.455854447286877
"30bf9d373254739b27b406abb7e3eebb",6,0.448171318479985
"30bf9d373254739b27b406abb7e3eebb",6.5,0.440871533374322
"30bf9d373254739b27b406abb7e3eebb",7,0.433954641996852
"30bf9d373254739b27b406abb7e3eebb",7.5,0.427419494555504
"30bf9d373254739b27b406abb7e3eebb",8,0.421264359313002
"30bf9d373254739b27b406abb7e3eebb",8.5,0.415487033512472
"30bf9d373254739b27b406abb7e3eebb",9,0.410084946952377
"30bf9d373254739b27b406abb7e3eebb",9.5,0.405055257990701
"30bf9d373254739b27b406abb7e3eebb",10,0.400394941909647
"3eca306733cd7e7887b47d2f2db15f3f",0,0.423830820360271
"3eca306733cd7e7887b47d2f2db15f3f",0.5,0.42019580888544
"3eca306733cd7e7887b47d2f2db15f3f",1,0.415854656721382
"3eca306733cd7e7887b47d2f2db15f3f",1.5,0.410814217562537
"3eca306733cd7e7887b47d2f2db15f3f",2,0.405083108454338
"3eca306733cd7e7887b47d2f2db15f3f",2.5,0.398671980970016
"3eca306733cd7e7887b47d2f2db15f3f",3,0.391593816216163
"3eca306733cd7e7887b47d2f2db15f3f",3.5,0.38386423656284
"3eca306733cd7e7887b47d2f2db15f3f",4,0.375501825443519
"3eca306733cd7e7887b47d2f2db15f3f",4.5,0.366528444925976
"3eca306733cd7e7887b47d2f2db15f3f",5,0.356969539091503
"3eca306733cd7e7887b47d2f2db15f3f",5.5,0.346854409679003
"3eca306733cd7e7887b47d2f2db15f3f",6,0.33621644908172
"3eca306733cd7e7887b47d2f2db15f3f",6.5,0.325093314782225
"3eca306733cd7e7887b47d2f2db15f3f",7,0.313527028847677
"3eca306733cd7e7887b47d2f2db15f3f",7.5,0.301563986360769
"3eca306733cd7e7887b47d2f2db15f3f",8,0.289254857801902
"3eca306733cd7e7887b47d2f2db15f3f",8.5,0.276654372564896
"3eca306733cd7e7887b47d2f2db15f3f",9,0.263820974069894
"3eca306733cd7e7887b47d2f2db15f3f",9.5,0.250816341344571
"3eca306733cd7e7887b47d2f2db15f3f",10,0.237704777392058
"eea8dc48963b0f71797e43c8ce313317",0,0.224514500467857
"eea8dc48963b0f71797e43c8ce313317",0.5,0.246013142733328
"eea8dc48963b0f71797e43c8ce313317",1,0.267125589506806
"eea8dc48963b0f71797e43c8ce313317",1.5,0.287544526552828
"eea8dc48963b0f71797e43c8ce313317",2,0.306988219133405
"eea8dc48963b0f71797e43c8ce313317",2.5,0.32520686036374
"eea8dc48963b0f71797e43c8ce313317",3,0.341985843558898
"eea8dc48963b0f71797e43c8ce313317",3.5,0.357146309766798
"eea8dc48963b0f71797e43c8ce313317",4,0.370543537180075
"eea8dc48963b0f71797e43c8ce313317",4.5,0.382063831013577
"eea8dc48963b0f71797e43c8ce313317",5,0.391620564751623
"eea8dc48963b0f71797e43c8ce313317",5.5,0.399149950053695
"eea8dc48963b0f71797e43c8ce313317",6,0.404607005895009
"eea8dc48963b0f71797e43c8ce313317",6.5,0.40796208347505
"eea8dc48963b0f71797e43c8ce313317",7,0.409198198435276
"eea8dc48963b0f71797e43c8ce313317",7.5,0.408309333418481
"eea8dc48963b0f71797e43c8ce313317",8,0.4052998022924
"eea8dc48963b0f71797e43c8ce313317",8.5,0.400184707876174
"eea8dc48963b0f71797e43c8ce313317",9,0.392991470375362
"eea8dc48963b0f71797e43c8ce313317",9.5,0.383762345591462
"eea8dc48963b0f71797e43c8ce313317",10,0.372557782671631
"7a4d67627a16ad1272312768348f1bbc",0,0.501222978621939
"7a4d67627a16ad1272312768348f1bbc",0.5,0.481563555278988
"7a4d67627a16ad1272312768348f1bbc",1,0.464727482955311
"7a4d67627a16ad1272312768348f1bbc",1.5,0.450724219256862
"7a4d67627a16ad1272312768348f1bbc",2,0.439537626973007
"7a4d67627a16ad1272312768348f1bbc",2.5,0.431139192009646
"7a4d67627a16ad1272312768348f1bbc",3,0.425498438687067
"7a4d67627a16ad1272312768348f1bbc",3.5,0.422590559723845
"7a4d67627a16ad1272312768348f1bbc",4,0.422401412028331
"7a4d67627a16ad1272312768348f1bbc",4.5,0.424930043816534
"7a4d67627a16ad1272312768348f1bbc",5,0.430188857760774
"7a4d67627a16ad1272312768348f1bbc",5.5,0.438201417426331
"7a4d67627a16ad1272312768348f1bbc",6,0.448997804480139
"7a4d67627a16ad1272312768348f1bbc",6.5,0.462607366055634
"7a4d67627a16ad1272312768348f1bbc",7,0.479048693045087
"7a4d67627a16ad1272312768348f1bbc",7.5,0.498316784467973
"7a4d67627a16ad1272312768348f1bbc",8,0.520367626355803
"7a4d67627a16ad1272312768348f1bbc",8.5,0.545100882392755
"7a4d67627a16ad1272312768348f1bbc",9,0.572342062202833
"7a4d67627a16ad1272312768348f1bbc",9.5,0.601826340645897
"7a4d67627a16ad1272312768348f1bbc",10,0.633186987117338
"8962910713598bb7f0d32fcc0bdcd5bc",0,0.462131497307586
"8962910713598bb7f0d32fcc0bdcd5bc",0.5,0.429845408143755
"8962910713598bb7f0d32fcc0bdcd5bc",1,0.401763119212379
"8962910713598bb7f0d32fcc0bdcd5bc",1.5,0.377849136687747
"8962910713598bb7f0d32fcc0bdcd5bc",2,0.357974594626427
"8962910713598bb7f0d32fcc0bdcd5bc",2.5,0.341964637224735
"8962910713598bb7f0d32fcc0bdcd5bc",3,0.329634950010321
"8962910713598bb7f0d32fcc0bdcd5bc",3.5,0.320818025307474
"8962910713598bb7f0d32fcc0bdcd5bc",4,0.315380882825802
"8962910713598bb7f0d32fcc0bdcd5bc",4.5,0.313236184585245
"8962910713598bb7f0d32fcc0bdcd5bc",5,0.314348382512998
"8962910713598bb7f0d32fcc0bdcd5bc",5.5,0.318735987998184
"8962910713598bb7f0d32fcc0bdcd5bc",6,0.326470406108369
"8962910713598bb7f0d32fcc0bdcd5bc",6.5,0.337671104071474
"8962910713598bb7f0d32fcc0bdcd5bc",7,0.352496223429478
"8962910713598bb7f0d32fcc0bdcd5bc",7.5,0.371127153767627
"8962910713598bb7f0d32fcc0bdcd5bc",8,0.393745183478327
"8962910713598bb7f0d32fcc0bdcd5bc",8.5,0.420498359408796
"8962910713598bb7f0d32fcc0bdcd5bc",9,0.45145748357351
"8962910713598bb7f0d32fcc0bdcd5bc",9.5,0.486562196155343
"8962910713598bb7f0d32fcc0bdcd5bc",10,0.525561678407527
"854fe050fa729c4ff84c30b76be3fe1b",0,0.489727779603732
"854fe050fa729c4ff84c30b76be3fe1b",0.5,0.456955332507378
"854fe050fa729c4ff84c30b76be3fe1b",1,0.428195144650461
"854fe050fa729c4ff84c30b76be3fe1b",1.5,0.403491873142453
"854fe050fa729c4ff84c30b76be3fe1b",2,0.382782381937038
"854fe050fa729c4ff84c30b76be3fe1b",2.5,0.365942003196716
"854fe050fa729c4ff84c30b76be3fe1b",3,0.352822010844139
"854fe050fa729c4ff84c30b76be3fe1b",3.5,0.343277813070081
"854fe050fa729c4ff84c30b76be3fe1b",4,0.337188821162418
"854fe050fa729c4ff84c30b76be3fe1b",4.5,0.334471476313363
"854fe050fa729c4ff84c30b76be3fe1b",5,0.33508685038074
"854fe050fa729c4ff84c30b76be3fe1b",5.5,0.339043846939962
"854fe050fa729c4ff84c30b76be3fe1b",6,0.346398486980114
"854fe050fa729c4ff84c30b76be3fe1b",6.5,0.357249168249645
"854fe050fa729c4ff84c30b76be3fe1b",7,0.371727203185789
"854fe050fa729c4ff84c30b76be3fe1b",7.5,0.389981440057438
"854fe050fa729c4ff84c30b76be3fe1b",8,0.412155477254726
"854fe050fa729c4ff84c30b76be3fe1b",8.5,0.438356097147691
"854fe050fa729c4ff84c30b76be3fe1b",9,0.468612372232013
"854fe050fa729c4ff84c30b76be3fe1b",9.5,0.50282677160407
"854fe050fa729c4ff84c30b76be3fe1b",10,0.540722734770676
"103f6acae68e754d5c6cac1f3af55dff",0,0.535183834876354
"103f6acae68e754d5c6cac1f3af55dff",0.5,0.53777244991283
"103f6acae68e754d5c6cac1f3af55dff",1,0.541236551155113
"103f6acae68e754d5c6cac1f3af55dff",1.5,0.545572920064613
"103f6acae68e754d5c6cac1f3af55dff",2,0.550776940899306
"103f6acae68e754d5c6cac1f3af55dff",2.5,0.556842216111771
"103f6acae68e754d5c6cac1f3af55dff",3,0.563760113493982
"103f6acae68e754d5c6cac1f3af55dff",3.5,0.571519252296668
"103f6acae68e754d5c6cac1f3af55dff",4,0.580104938325705
"103f6acae68e754d5c6cac1f3af55dff",4.5,0.589498561368434
"103f6acae68e754d5c6cac1f3af55dff",5,0.599676972177248
"103f6acae68e754d5c6cac1f3af55dff",5.5,0.610611860508653
"103f6acae68e754d5c6cac1f3af55dff",6,0.622269160166504
"103f6acae68e754d5c6cac1f3af55dff",6.5,0.634608511309446
"103f6acae68e754d5c6cac1f3af55dff",7,0.647582814032451
"103f6acae68e754d5c6cac1f3af55dff",7.5,0.661137909905578
"103f6acae68e754d5c6cac1f3af55dff",8,0.675212429168705
"103f6acae68e754d5c6cac1f3af55dff",8.5,0.689737840044863
"103f6acae68e754d5c6cac1f3af55dff",9,0.704638732608888
"103f6acae68e754d5c6cac1f3af55dff",9.5,0.719833362442848
"103f6acae68e754d5c6cac1f3af55dff",10,0.735234468783753
"cec8cee4d3614530c457e61202b20518",0,0.344096175960022
"cec8cee4d3614530c457e61202b20518",0.5,0.347474826094173
"cec8cee4d3614530c457e61202b20518",1,0.35069566919847
"cec8cee4d3614530c457e61202b20518",1.5,0.353756260529357
"cec8cee4d3614530c457e61202b20518",2,0.356654340932594
"cec8cee4d3614530c457e61202b20518",2.5,0.359387829241397
"cec8cee4d3614530c457e61202b20518",3,0.361954814694568
"cec8cee4d3614530c457e61202b20518",3.5,0.364353549451543
"cec8cee4d3614530c457e61202b20518",4,0.366582441275402
"cec8cee4d3614530c457e61202b20518",4.5,0.368640046449387
"cec8cee4d3614530c457e61202b20518",5,0.370525062986803
"cec8cee4d3614530c457e61202b20518",5.5,0.372236324188808
"cec8cee4d3614530c457e61202b20518",6,0.373772792599136
"cec8cee4d3614530c457e61202b20518",6.5,0.375133554399831
"cec8cee4d3614530c457e61202b20518",7,0.37631781428696
"cec8cee4d3614530c457e61202b20518",7.5,0.377324890860636
"cec8cee4d3614530c457e61202b20518",8,0.378154212559104
"cec8cee4d3614530c457e61202b20518",8.5,0.37880531416224
"cec8cee4d3614530c457e61202b20518",9,0.379277833885732
"cec8cee4d3614530c457e61202b20518",9.5,0.379571511083127
"cec8cee4d3614530c457e61202b20518",10,0.379686184569088
"25a24be608a2c42093a6dd1942a3f7ef",0,0.363608079058185
"25a24be608a2c42093a6dd1942a3f7ef",0.5,0.351532117556258
"25a24be608a2c42093a6dd1942a3f7ef",1,0.341861177127782
"25a24be608a2c42093a6dd1942a3f7ef",1.5,0.334514966568608
"25a24be608a2c42093a6dd1942a3f7ef",2,0.329426679366112
"25a24be608a2c42093a6dd1942a3f7ef",2.5,0.326547160434276
"25a24be608a2c42093a6dd1942a3f7ef",3,0.325847563924244
"25a24be608a2c42093a6dd1942a3f7ef",3.5,0.327320770409061
"25a24be608a2c42093a6dd1942a3f7ef",4,0.330981721468862
"25a24be608a2c42093a6dd1942a3f7ef",4.5,0.336866710668767
"25a24be608a2c42093a6dd1942a3f7ef",5,0.345031549083752
"25a24be608a2c42093a6dd1942a3f7ef",5.5,0.355548406633557
"25a24be608a2c42093a6dd1942a3f7ef",6,0.368501025839461
"25a24be608a2c42093a6dd1942a3f7ef",6.5,0.383977926786078
"25a24be608a2c42093a6dd1942a3f7ef",7,0.402063195420052
"25a24be608a2c42093a6dd1942a3f7ef",7.5,0.422824508266885
"25a24be608a2c42093a6dd1942a3f7ef",8,0.446298242798023
"25a24be608a2c42093a6dd1942a3f7ef",8.5,0.472471905480244
"25a24be608a2c42093a6dd1942a3f7ef",9,0.501264716532378
"25a24be608a2c42093a6dd1942a3f7ef",9.5,0.53250801441724
"25a24be608a2c42093a6dd1942a3f7ef",10,0.565928091186605
"876aaf0b4d60d23eaf504b115d578f0d",0,0.58706144739875
"876aaf0b4d60d23eaf504b115d578f0d",0.5,0.569812754808358
"876aaf0b4d60d23eaf504b115d578f0d",1,0.554931422818614
"876aaf0b4d60d23eaf504b115d578f0d",1.5,0.542500239152454
"876aaf0b4d60d23eaf504b115d578f0d",2,0.532571755441941
"876aaf0b4d60d23eaf504b115d578f0d",2.5,0.525176930885427
"876aaf0b4d60d23eaf504b115d578f0d",3,0.520332415467859
"876aaf0b4d60d23eaf504b115d578f0d",3.5,0.518046136662048
"876aaf0b4d60d23eaf504b115d578f0d",4,0.51832101431715
"876aaf0b4d60d23eaf504b115d578f0d",4.5,0.521156725262789
"876aaf0b4d60d23eaf504b115d578f0d",5,0.526549490823298
"876aaf0b4d60d23eaf504b115d578f0d",5.5,0.534489890115124
"876aaf0b4d60d23eaf504b115d578f0d",6,0.544958734341514
"876aaf0b4d60d23eaf504b115d578f0d",6.5,0.557921096795872
"876aaf0b4d60d23eaf504b115d578f0d",7,0.573318702478803
"876aaf0b4d60d23eaf504b115d578f0d",7.5,0.591061057414665
"876aaf0b4d60d23eaf504b115d578f0d",8,0.611015947149572
"876aaf0b4d60d23eaf504b115d578f0d",8.5,0.633000243227948
"876aaf0b4d60d23eaf504b115d578f0d",9,0.656772283289335
"876aaf0b4d60d23eaf504b115d578f0d",9.5,0.682027356699547
"876aaf0b4d60d23eaf504b115d578f0d",10,0.70839792252458
"d5bc053a3912157ac02ff832fae0cda9",0,0.461400861936825
"d5bc053a3912157ac02ff832fae0cda9",0.5,0.446173262053759
"d5bc053a3912157ac02ff832fae0cda9",1,0.434657866644542
"d5bc053a3912157ac02ff832fae0cda9",1.5,0.426808065337108
"d5bc053a3912157ac02ff832fae0cda9",2,0.422581259995928
"d5bc053a3912157ac02ff832fae0cda9",2.5,0.421950902458715
"d5bc053a3912157ac02ff832fae0cda9",3,0.424912817850026
"d5bc053a3912157ac02ff832fae0cda9",3.5,0.431486136916949
"d5bc053a3912157ac02ff832fae0cda9",4,0.44170889069922
"d5bc053a3912157ac02ff832fae0cda9",4.5,0.455628028423386
"d5bc053a3912157ac02ff832fae0cda9",5,0.473283433677191
"d5bc053a3912157ac02ff832fae0cda9",5.5,0.494685579541384
"d5bc053a3912157ac02ff832fae0cda9",6,0.519786948490296
"d5bc053a3912157ac02ff832fae0cda9",6.5,0.548448415415835
"d5bc053a3912157ac02ff832fae0cda9",7,0.580403545528438
"d5bc053a3912157ac02ff832fae0cda9",7.5,0.615226075866075
"d5bc053a3912157ac02ff832fae0cda9",8,0.652308229277336
"d5bc053a3912157ac02ff832fae0cda9",8.5,0.690858959539888
"d5bc053a3912157ac02ff832fae0cda9",9,0.729930391975828
"d5bc053a3912157ac02ff832fae0cda9",9.5,0.76847644450232
"d5bc053a3912157ac02ff832fae0cda9",10,0.805439853476502
"3e356a9a91fa5785575b7f02e247df89",0,0.488218593381101
"3e356a9a91fa5785575b7f02e247df89",0.5,0.402362842333882
"3e356a9a91fa5785575b7f02e247df89",1,0.329241491284328
"3e356a9a91fa5785575b7f02e247df89",1.5,0.269944515528983
"3e356a9a91fa5785575b7f02e247df89",2,0.223685635098353
"3e356a9a91fa5785575b7f02e247df89",2.5,0.188734278091919
"3e356a9a91fa5785575b7f02e247df89",3,0.163132716903959
"3e356a9a91fa5785575b7f02e247df89",3.5,0.145115167645296
"3e356a9a91fa5785575b7f02e247df89",4,0.133291544359532
"3e356a9a91fa5785575b7f02e247df89",4.5,0.126694566488621
"3e356a9a91fa5785575b7f02e247df89",5,0.124769106124974
"3e356a9a91fa5785575b7f02e247df89",5.5,0.127351381934026
"3e356a9a91fa5785575b7f02e247df89",6,0.134660873945985
"3e356a9a91fa5785575b7f02e247df89",6.5,0.147310959236749
"3e356a9a91fa5785575b7f02e247df89",7,0.166330146456274
"3e356a9a91fa5785575b7f02e247df89",7.5,0.193168017323434
"3e356a9a91fa5785575b7f02e247df89",8,0.22963396530991
"3e356a9a91fa5785575b7f02e247df89",8.5,0.277685527917377
"3e356a9a91fa5785575b7f02e247df89",9,0.33896800035151
"3e356a9a91fa5785575b7f02e247df89",9.5,0.414055981776028
"3e356a9a91fa5785575b7f02e247df89",10,0.501511457982855
"f3446562dba5c9f715ff49dcc9933d9b",0,0.650490748337466
"f3446562dba5c9f715ff49dcc9933d9b",0.5,0.540498809554501
"f3446562dba5c9f715ff49dcc9933d9b",1,0.441973394994235
"f3446562dba5c9f715ff49dcc9933d9b",1.5,0.361394087808372
"f3446562dba5c9f715ff49dcc9933d9b",2,0.300172291700148
"f3446562dba5c9f715ff49dcc9933d9b",2.5,0.256831050787437
"f3446562dba5c9f715ff49dcc9933d9b",3,0.228961601334186
"f3446562dba5c9f715ff49dcc9933d9b",3.5,0.21441782027169
"f3446562dba5c9f715ff49dcc9933d9b",4,0.211895599375511
"f3446562dba5c9f715ff49dcc9933d9b",4.5,0.22115604646945
"f3446562dba5c9f715ff49dcc9933d9b",5,0.243057851254358
"f3446562dba5c9f715ff49dcc9933d9b",5.5,0.27942903569453
"f3446562dba5c9f715ff49dcc9933d9b",6,0.332669280393145
"f3446562dba5c9f715ff49dcc9933d9b",6.5,0.404853607180937
"f3446562dba5c9f715ff49dcc9933d9b",7,0.496096268519263
"f3446562dba5c9f715ff49dcc9933d9b",7.5,0.602325169884873
"f3446562dba5c9f715ff49dcc9933d9b",8,0.713707257101359
"f3446562dba5c9f715ff49dcc9933d9b",8.5,0.816085935316075
"f3446562dba5c9f715ff49dcc9933d9b",9,0.896567986288156
"f3446562dba5c9f715ff49dcc9933d9b",9.5,0.949748115206469
"f3446562dba5c9f715ff49dcc9933d9b",10,0.979130916936358
"383301a49ad02f9897226760ad53e414",0,0.146170931956804
"383301a49ad02f9897226760ad53e414",0.5,0.201961944814664
"383301a49ad02f9897226760ad53e414",1,0.261727903221472
"383301a49ad02f9897226760ad53e414",1.5,0.320386837479143
"383301a49ad02f9897226760ad53e414",2,0.373452174470098
"383301a49ad02f9897226760ad53e414",2.5,0.417723048883415
"383301a49ad02f9897226760ad53e414",3,0.451324252758095
"383301a49ad02f9897226760ad53e414",3.5,0.473368628705497
"383301a49ad02f9897226760ad53e414",4,0.48353698220619
"383301a49ad02f9897226760ad53e414",4.5,0.481753470780814
"383301a49ad02f9897226760ad53e414",5,0.468028121387864
"383301a49ad02f9897226760ad53e414",5.5,0.442484690242206
"383301a49ad02f9897226760ad53e414",6,0.405571388552814
"383301a49ad02f9897226760ad53e414",6.5,0.358425282386202
"383301a49ad02f9897226760ad53e414",7,0.30329235598521
"383301a49ad02f9897226760ad53e414",7.5,0.243786914467991
"383301a49ad02f9897226760ad53e414",8,0.184677864923084
"383301a49ad02f9897226760ad53e414",8.5,0.13099296053115
"383301a49ad02f9897226760ad53e414",9,0.0866658689245945
"383301a49ad02f9897226760ad53e414",9.5,0.053452660526184
"383301a49ad02f9897226760ad53e414",10,0.0308006390232424
"8c18a482fc143c5660b57812bb3a06d2",0,0.171443867151824
"8c18a482fc143c5660b57812bb3a06d2",0.5,0.223608841769505
"8c18a482fc143c5660b57812bb3a06d2",1,0.275029287736047
"8c18a482fc143c5660b57812bb3a06d2",1.5,0.321691850563161
"8c18a482fc143c5660b57812bb3a06d2",2,0.360597263440812
"8c18a482fc143c5660b57812bb3a06d2",2.5,0.389824524166982
"8c18a482fc143c5660b57812bb3a06d2",3,0.40830776870898
"8c18a482fc143c5660b57812bb3a06d2",3.5,0.41554567526251
"8c18a482fc143c5660b57812bb3a06d2",4,0.411378837405881
"8c18a482fc143c5660b57812bb3a06d2",4.5,0.395896479779387
"8c18a482fc143c5660b57812bb3a06d2",5,0.369490525335078
"8c18a482fc143c5660b57812bb3a06d2",5.5,0.333047076685906
"8c18a482fc143c5660b57812bb3a06d2",6,0.288228367542676
"8c18a482fc143c5660b57812bb3a06d2",6.5,0.237732623583925
"8c18a482fc143c5660b57812bb3a06d2",7,0.18533201972201
"8c18a482fc143c5660b57812bb3a06d2",7.5,0.13545212200481
"8c18a482fc143c5660b57812bb3a06d2",8,0.0922153571247269
"8c18a482fc143c5660b57812bb3a06d2",8.5,0.058287282374733
"8c18a482fc143c5660b57812bb3a06d2",9,0.0342165243213736
"8c18a482fc143c5660b57812bb3a06d2",9.5,0.0187121991259524
"8c18a482fc143c5660b57812bb3a06d2",10,0.00957354560665303
"aae673cfa50aa18ca36647bf095bb398",0,0.768249996710297
"aae673cfa50aa18ca36647bf095bb398",0.5,0.715618858338064
"aae673cfa50aa18ca36647bf095bb398",1,0.666608268570705
"aae673cfa50aa18ca36647bf095bb398",1.5,0.624103763984568
"aae673cfa50aa18ca36647bf095bb398",2,0.590024910959911
"aae673cfa50aa18ca36647bf095bb398",2.5,0.565470693654441
"aae673cfa50aa18ca36647bf095bb398",3,0.550977372365038
"aae673cfa50aa18ca36647bf095bb398",3.5,0.546758870434717
"aae673cfa50aa18ca36647bf095bb398",4,0.552863033840568
"aae673cfa50aa18ca36647bf095bb398",4.5,0.569218523592401
"aae673cfa50aa18ca36647bf095bb398",5,0.595567143000394
"aae673cfa50aa18ca36647bf095bb398",5.5,0.631289440094315
"aae673cfa50aa18ca36647bf095bb398",6,0.675154501535272
"aae673cfa50aa18ca36647bf095bb398",6.5,0.725070935720407
"aae673cfa50aa18ca36647bf095bb398",7,0.77798098110887
"aae673cfa50aa18ca36647bf095bb398",7.5,0.830079126406423
"aae673cfa50aa18ca36647bf095bb398",8,0.877459288794823
"aae673cfa50aa18ca36647bf095bb398",8.5,0.917041284019692
"aae673cfa50aa18ca36647bf095bb398",9,0.94733630912847
"aae673cfa50aa18ca36647bf095bb398",9.5,0.968607478484385
"aae673cfa50aa18ca36647bf095bb398",10,0.98237616579235
"34f62924bb628f522e70bd3ea25497f3",0,0.265798895844622
"34f62924bb628f522e70bd3ea25497f3",0.5,0.22207717227314
"34f62924bb628f522e70bd3ea25497f3",1,0.187940845254446
"34f62924bb628f522e70bd3ea25497f3",1.5,0.16180580441932
"34f62924bb628f522e70bd3ea25497f3",2,0.142198208549583
"34f62924bb628f522e70bd3ea25497f3",2.5,0.12788696352938
"34f62924bb628f522e70bd3ea25497f3",3,0.117920521156702
"34f62924bb628f522e70bd3ea25497f3",3.5,0.111617356710991
"34f62924bb628f522e70bd3ea25497f3",4,0.108541304527683
"34f62924bb628f522e70bd3ea25497f3",4.5,0.108478662076903
"34f62924bb628f522e70bd3ea25497f3",5,0.111425073841069
"34f62924bb628f522e70bd3ea25497f3",5.5,0.117585251450482
"34f62924bb628f522e70bd3ea25497f3",6,0.127385586228775
"34f62924bb628f522e70bd3ea25497f3",6.5,0.141496749548424
"34f62924bb628f522e70bd3ea25497f3",7,0.160858544032043
"34f62924bb628f522e70bd3ea25497f3",7.5,0.186690572943991
"34f62924bb628f522e70bd3ea25497f3",8,0.220458255983099
"34f62924bb628f522e70bd3ea25497f3",8.5,0.263745596086461
"34f62924bb628f522e70bd3ea25497f3",9,0.317972642120277
"34f62924bb628f522e70bd3ea25497f3",9.5,0.38390912678969
"34f62924bb628f522e70bd3ea25497f3",10,0.461011884138178
"be527bb1ed65d93b94b819da7d73c8bf",0,0.296447098624911
"be527bb1ed65d93b94b819da7d73c8bf",0.5,0.250333549519906
"be527bb1ed65d93b94b819da7d73c8bf",1,0.215605158007564
"be527bb1ed65d93b94b819da7d73c8bf",1.5,0.190450767470596
"be527bb1ed65d93b94b819da7d73c8bf",2,0.173252789793541
"be527bb1ed65d93b94b819da7d73c8bf",2.5,0.162773830577594
"be527bb1ed65d93b94b819da7d73c8bf",3,0.158214465236499
"be527bb1ed65d93b94b819da7d73c8bf",3.5,0.159217415995025
"be527bb1ed65d93b94b819da7d73c8bf",4,0.165861733068573
"be527bb1ed65d93b94b819da7d73c8bf",4.5,0.17866447595558
"be527bb1ed65d93b94b819da7d73c8bf",5,0.19858614548906
"be527bb1ed65d93b94b819da7d73c8bf",5.5,0.227013684381091
"be527bb1ed65d93b94b819da7d73c8bf",6,0.265666279861355
"be527bb1ed65d93b94b819da7d73c8bf",6.5,0.316337970543702
"be527bb1ed65d93b94b819da7d73c8bf",7,0.380380297198514
"be527bb1ed65d93b94b819da7d73c8bf",7.5,0.457887179020778
"be527bb1ed65d93b94b819da7d73c8bf",8,0.546725356105362
"be527bb1ed65d93b94b819da7d73c8bf",8.5,0.641845968281534
"be527bb1ed65d93b94b819da7d73c8bf",9,0.735557646460607
"be527bb1ed65d93b94b819da7d73c8bf",9.5,0.819273213425747
"be527bb1ed65d93b94b819da7d73c8bf",10,0.886311356758389
"76e7788f7d04a7155d86bfe9162b4240",0,0.28527097737123
"76e7788f7d04a7155d86bfe9162b4240",0.5,0.239339019649097
"76e7788f7d04a7155d86bfe9162b4240",1,0.206042363266042
"76e7788f7d04a7155d86bfe9162b4240",1.5,0.183370739317912
"76e7788f7d04a7155d86bfe9162b4240",2,0.169605460282885
"76e7788f7d04a7155d86bfe9162b4240",2.5,0.163574841166363
"76e7788f7d04a7155d86bfe9162b4240",3,0.164737505627868
"76e7788f7d04a7155d86bfe9162b4240",3.5,0.173199092486953
"76e7788f7d04a7155d86bfe9162b4240",4,0.189710022443926
"76e7788f7d04a7155d86bfe9162b4240",4.5,0.215635165160196
"76e7788f7d04a7155d86bfe9162b4240",5,0.252828611011847
"76e7788f7d04a7155d86bfe9162b4240",5.5,0.303291983043173
"76e7788f7d04a7155d86bfe9162b4240",6,0.368486217314812
"76e7788f7d04a7155d86bfe9162b4240",6.5,0.448305004592425
"76e7788f7d04a7155d86bfe9162b4240",7,0.540084879609048
"76e7788f7d04a7155d86bfe9162b4240",7.5,0.638406480811776
"76e7788f7d04a7155d86bfe9162b4240",8,0.73603389838835
"76e7788f7d04a7155d86bfe9162b4240",8.5,0.824930455076837
"76e7788f7d04a7155d86bfe9162b4240",9,0.896920420873258
"76e7788f7d04a7155d86bfe9162b4240",9.5,0.94666710562389
"76e7788f7d04a7155d86bfe9162b4240",10,0.97550569121999
"6918060d3b4662ceba4858d711005eac",0,0.0385325882213933
"6918060d3b4662ceba4858d711005eac",0.5,0.0443472624987732
"6918060d3b4662ceba4858d711005eac",1,0.0504391747771497
"6918060d3b4662ceba4858d711005eac",1.5,0.0566997365309527
"6918060d3b4662ceba4858d711005eac",2,0.0630035112402068
"6918060d3b4662ceba4858d711005eac",2.5,0.0692126377993198
"6918060d3b4662ceba4858d711005eac",3,0.0751821049488801
"6918060d3b4662ceba4858d711005eac",3.5,0.080765505138018
"6918060d3b4662ceba4858d711005eac",4,0.085820884787587
"6918060d3b4662ceba4858d711005eac",4.5,0.0902163422241075
"6918060d3b4662ceba4858d711005eac",5,0.0938350913656144
"6918060d3b4662ceba4858d711005eac",5.5,0.0965797910747637
"6918060d3b4662ceba4858d711005eac",6,0.098376019751975
"6918060d3b4662ceba4858d711005eac",6.5,0.0991748390169238
"6918060d3b4662ceba4858d711005eac",7,0.0989544321438235
"6918060d3b4662ceba4858d711005eac",7.5,0.0977208217831136
"6918060d3b4662ceba4858d711005eac",8,0.0955076726271852
"6918060d3b4662ceba4858d711005eac",8.5,0.0923751772324633
"6918060d3b4662ceba4858d711005eac",9,0.088408018170941
"6918060d3b4662ceba4858d711005eac",9.5,0.0837124075276469
"6918060d3b4662ceba4858d711005eac",10,0.0784122331954119
"ee854102f757a361f5b5148574413f5a",0,0.0414798809795325
"ee854102f757a361f5b5148574413f5a",0.5,0.0428940973052082
"ee854102f757a361f5b5148574413f5a",1,0.0442676258225614
"ee854102f757a361f5b5148574413f5a",1.5,0.0455939353951275
"ee854102f757a361f5b5148574413f5a",2,0.0468666077967154
"ee854102f757a361f5b5148574413f5a",2.5,0.0480793869459602
"ee854102f757a361f5b5148574413f5a",3,0.0492262271228717
"ee854102f757a361f5b5148574413f5a",3.5,0.0503013396962239
"ee854102f757a361f5b5148574413f5a",4,0.0512992379222131
"ee854102f757a361f5b5148574413f5a",4.5,0.0522147794098168
"ee854102f757a361f5b5148574413f5a",5,0.0530432058857803
"ee854102f757a361f5b5148574413f5a",5.5,0.053780179930645
"ee854102f757a361f5b5148574413f5a",6,0.0544218183960963
"ee854102f757a361f5b5148574413f5a",6.5,0.0549647222520307
"ee854102f757a361f5b5148574413f5a",7,0.0554060026486985
"ee854102f757a361f5b5148574413f5a",7.5,0.0557433030144455
"ee854102f757a361f5b5148574413f5a",8,0.0559748170429635
"ee854102f757a361f5b5148574413f5a",8.5,0.0560993024552559
"ee854102f757a361f5b5148574413f5a",9,0.0561160904510948
"ee854102f757a361f5b5148574413f5a",9.5,0.056025090792758
"ee854102f757a361f5b5148574413f5a",10,0.055826792490686
"940172412b25143b87189a668e249dc3",0,0.953844434951377
"940172412b25143b87189a668e249dc3",0.5,0.963885624591574
"940172412b25143b87189a668e249dc3",1,0.97069934777984
"940172412b25143b87189a668e249dc3",1.5,0.975299405645029
"940172412b25143b87189a668e249dc3",2,0.978335552653963
"940172412b25143b87189a668e249dc3",2.5,0.980213851338106
"940172412b25143b87189a668e249dc3",3,0.981173754757766
"940172412b25143b87189a668e249dc3",3.5,0.98133355331684
"940172412b25143b87189a668e249dc3",4,0.980712647522996
"940172412b25143b87189a668e249dc3",4.5,0.979235182217304
"940172412b25143b87189a668e249dc3",5,0.976715804742761
"940172412b25143b87189a668e249dc3",5.5,0.972824594484607
"940172412b25143b87189a668e249dc3",6,0.967024321942834
"940172412b25143b87189a668e249dc3",6.5,0.958469480234564
"940172412b25143b87189a668e249dc3",7,0.945855200033764
"940172412b25143b87189a668e249dc3",7.5,0.92721184933108
"940172412b25143b87189a668e249dc3",8,0.899673016636843
"940172412b25143b87189a668e249dc3",8.5,0.85932840487519
"940172412b25143b87189a668e249dc3",9,0.801444878765362
"940172412b25143b87189a668e249dc3",9.5,0.721586305907216
"940172412b25143b87189a668e249dc3",10,0.618177714413581
"a061f2c4823250a2aceada98c598ae3e",0,0.308377431129439
"a061f2c4823250a2aceada98c598ae3e",0.5,0.322641108767452
"a061f2c4823250a2aceada98c598ae3e",1,0.334992728020173
"a061f2c4823250a2aceada98c598ae3e",1.5,0.345293229275501
"a061f2c4823250a2aceada98c598ae3e",2,0.353436506391521
"a061f2c4823250a2aceada98c598ae3e",2.5,0.359345263695927
"a061f2c4823250a2aceada98c598ae3e",3,0.362967153041554
"a061f2c4823250a2aceada98c598ae3e",3.5,0.364271666867658
"a061f2c4823250a2aceada98c598ae3e",4,0.363248114164123
"a061f2c4823250a2aceada98c598ae3e",4.5,0.359904870015929
"a061f2c4823250a2aceada98c598ae3e",5,0.354269965374867
"a061f2c4823250a2aceada98c598ae3e",5.5,0.346392964860069
"a061f2c4823250a2aceada98c598ae3e",6,0.336347957439978
"a061f2c4823250a2aceada98c598ae3e",6.5,0.324237350298632
"a061f2c4823250a2aceada98c598ae3e",7,0.310196008413403
"a061f2c4823250a2aceada98c598ae3e",7.5,0.294395129531974
"a061f2c4823250a2aceada98c598ae3e",8,0.277045107325747
"a061f2c4823250a2aceada98c598ae3e",8.5,0.258396549068029
"a061f2c4823250a2aceada98c598ae3e",9,0.238738622771034
"a061f2c4823250a2aceada98c598ae3e",9.5,0.218394057142594
"a061f2c4823250a2aceada98c598ae3e",10,0.197710435135954
"0eef35e45e7eaf69d310f8384cb76be7",0,0.260543217685534
"0eef35e45e7eaf69d310f8384cb76be7",0.5,0.294828542736101
"0eef35e45e7eaf69d310f8384cb76be7",1,0.326334432403401
"0eef35e45e7eaf69d310f8384cb76be7",1.5,0.354038700264012
"0eef35e45e7eaf69d310f8384cb76be7",2,0.377178773515968
"0eef35e45e7eaf69d310f8384cb76be7",2.5,0.395228848110108
"0eef35e45e7eaf69d310f8384cb76be7",3,0.407854588706915
"0eef35e45e7eaf69d310f8384cb76be7",3.5,0.414863447681455
"0eef35e45e7eaf69d310f8384cb76be7",4,0.416163592440344
"0eef35e45e7eaf69d310f8384cb76be7",4.5,0.411739184142871
"0eef35e45e7eaf69d310f8384cb76be7",5,0.401645656255104
"0eef35e45e7eaf69d310f8384cb76be7",5.5,0.386025611805874
"0eef35e45e7eaf69d310f8384cb76be7",6,0.365143157656075
"0eef35e45e7eaf69d310f8384cb76be7",6.5,0.339430953874626
"0eef35e45e7eaf69d310f8384cb76be7",7,0.309539468257409
"0eef35e45e7eaf69d310f8384cb76be7",7.5,0.276372494073409
"0eef35e45e7eaf69d310f8384cb76be7",8,0.241089176406155
"0eef35e45e7eaf69d310f8384cb76be7",8.5,0.205054354572462
"0eef35e45e7eaf69d310f8384cb76be7",9,0.169729506034543
"0eef35e45e7eaf69d310f8384cb76be7",9.5,0.136515984195203
"0eef35e45e7eaf69d310f8384cb76be7",10,0.106584124863413
"a862e49e8faf5d890e9490e71dbcf9e6",0,0.361397875000552
"a862e49e8faf5d890e9490e71dbcf9e6",0.5,0.409563828644046
"a862e49e8faf5d890e9490e71dbcf9e6",1,0.453067531291672
"a862e49e8faf5d890e9490e71dbcf9e6",1.5,0.490830992365132
"a862e49e8faf5d890e9490e71dbcf9e6",2,0.522271440238002
"a862e49e8faf5d890e9490e71dbcf9e6",2.5,0.547169331264449
"a862e49e8faf5d890e9490e71dbcf9e6",3,0.565526236908665
"a862e49e8faf5d890e9490e71dbcf9e6",3.5,0.577442987808492
"a862e49e8faf5d890e9490e71dbcf9e6",4,0.583030050220782
"a862e49e8faf5d890e9490e71dbcf9e6",4.5,0.582351316821912
"a862e49e8faf5d890e9490e71dbcf9e6",5,0.575398615566636
"a862e49e8faf5d890e9490e71dbcf9e6",5.5,0.562094771886971
"a862e49e8faf5d890e9490e71dbcf9e6",6,0.542325516935138
"a862e49e8faf5d890e9490e71dbcf9e6",6.5,0.516002764739318
"a862e49e8faf5d890e9490e71dbcf9e6",7,0.483161580237945
"a862e49e8faf5d890e9490e71dbcf9e6",7.5,0.444087973334695
"a862e49e8faf5d890e9490e71dbcf9e6",8,0.399462146817666
"a862e49e8faf5d890e9490e71dbcf9e6",8.5,0.350482129042758
"a862e49e8faf5d890e9490e71dbcf9e6",9,0.298912327454717
"a862e49e8faf5d890e9490e71dbcf9e6",9.5,0.246996049461715
"a862e49e8faf5d890e9490e71dbcf9e6",10,0.197200088762362
"50417d083db650ca1651734afdd5c0af",0,0.214702257677893
"50417d083db650ca1651734afdd5c0af",0.5,0.23581379656143
"50417d083db650ca1651734afdd5c0af",1,0.256098610151335
"50417d083db650ca1651734afdd5c0af",1.5,0.275172770892547
"50417d083db650ca1651734afdd5c0af",2,0.292695762656608
"50417d083db650ca1651734afdd5c0af",2.5,0.308376699496014
"50417d083db650ca1651734afdd5c0af",3,0.321975914405465
"50417d083db650ca1651734afdd5c0af",3.5,0.333303015217574
"50417d083db650ca1651734afdd5c0af",4,0.342212697479338
"50417d083db650ca1651734afdd5c0af",4.5,0.348599569734579
"50417d083db650ca1651734afdd5c0af",5,0.352393068621951
"50417d083db650ca1651734afdd5c0af",5.5,0.353553296167338
"50417d083db650ca1651734afdd5c0af",6,0.352068352881323
"50417d083db650ca1651734afdd5c0af",6.5,0.347953494114228
"50417d083db650ca1651734afdd5c0af",7,0.34125220749168
"50417d083db650ca1651734afdd5c0af",7.5,0.332039086025552
"50417d083db650ca1651734afdd5c0af",8,0.320424140186784
"50417d083db650ca1651734afdd5c0af",8.5,0.306557943925931
"50417d083db650ca1651734afdd5c0af",9,0.290636750603479
"50417d083db650ca1651734afdd5c0af",9.5,0.27290647457661
"50417d083db650ca1651734afdd5c0af",10,0.253664269335297
"5948e57ac28d29f3aa96e11ae4960858",0,0.192343126225327
"5948e57ac28d29f3aa96e11ae4960858",0.5,0.23358191105632
"5948e57ac28d29f3aa96e11ae4960858",1,0.2744885066983
"5948e57ac28d29f3aa96e11ae4960858",1.5,0.31302738983763
"5948e57ac28d29f3aa96e11ae4960858",2,0.347474064813751
"5948e57ac28d29f3aa96e11ae4960858",2.5,0.376523149994648
"5948e57ac28d29f3aa96e11ae4960858",3,0.399284867677685
"5948e57ac28d29f3aa96e11ae4960858",3.5,0.415212424014008
"5948e57ac28d29f3aa96e11ae4960858",4,0.424006641418763
"5948e57ac28d29f3aa96e11ae4960858",4.5,0.425532716358475
"5948e57ac28d29f3aa96e11ae4960858",5,0.419769488797029
"5948e57ac28d29f3aa96e11ae4960858",5.5,0.406800339206281
"5948e57ac28d29f3aa96e11ae4960858",6,0.386847114169515
"5948e57ac28d29f3aa96e11ae4960858",6.5,0.360341502607667
"5948e57ac28d29f3aa96e11ae4960858",7,0.328018707556816
"5948e57ac28d29f3aa96e11ae4960858",7.5,0.29100475167353
"5948e57ac28d29f3aa96e11ae4960858",8,0.25085480702603
"5948e57ac28d29f3aa96e11ae4960858",8.5,0.209495656184412
"5948e57ac28d29f3aa96e11ae4960858",9,0.169044236658241
"5948e57ac28d29f3aa96e11ae4960858",9.5,0.131521347552029
"5948e57ac28d29f3aa96e11ae4960858",10,0.098537677959405
"fb6115806f075181758533269aada8c3",0,0.473218293769132
"fb6115806f075181758533269aada8c3",0.5,0.518039113829755
"fb6115806f075181758533269aada8c3",1,0.555246365512152
"fb6115806f075181758533269aada8c3",1.5,0.584624750920083
"fb6115806f075181758533269aada8c3",2,0.606279352752109
"fb6115806f075181758533269aada8c3",2.5,0.620445591124186
"fb6115806f075181758533269aada8c3",3,0.627350109463244
"fb6115806f075181758533269aada8c3",3.5,0.627124095527095
"fb6115806f075181758533269aada8c3",4,0.619763040879392
"fb6115806f075181758533269aada8c3",4.5,0.605128033372692
"fb6115806f075181758533269aada8c3",5,0.582988763335475
"fb6115806f075181758533269aada8c3",5.5,0.553113383424953
"fb6115806f075181758533269aada8c3",6,0.515411047388237
"fb6115806f075181758533269aada8c3",6.5,0.470124750779662
"fb6115806f075181758533269aada8c3",7,0.418051390929268
"fb6115806f075181758533269aada8c3",7.5,0.360734372041333
"fb6115806f075181758533269aada8c3",8,0.300543195577672
"fb6115806f075181758533269aada8c3",8.5,0.240545557798409
"fb6115806f075181758533269aada8c3",9,0.184114289429318
"fb6115806f075181758533269aada8c3",9.5,0.134310404874308
"fb6115806f075181758533269aada8c3",10,0.09322926241653
"e1c1338485544cd03f5f88c7dd65fb72",0,0.373564986158294
"e1c1338485544cd03f5f88c7dd65fb72",0.5,0.372255223075517
"e1c1338485544cd03f5f88c7dd65fb72",1,0.371258098884994
"e1c1338485544cd03f5f88c7dd65fb72",1.5,0.370572607571813
"e1c1338485544cd03f5f88c7dd65fb72",2,0.370198050314471
"e1c1338485544cd03f5f88c7dd65fb72",2.5,0.370134042791179
"e1c1338485544cd03f5f88c7dd65fb72",3,0.370380519150526
"e1c1338485544cd03f5f88c7dd65fb72",3.5,0.370937732688487
"e1c1338485544cd03f5f88c7dd65fb72",4,0.371806253238978
"e1c1338485544cd03f5f88c7dd65fb72",4.5,0.372986961250281
"e1c1338485544cd03f5f88c7dd65fb72",5,0.374481038485132
"e1c1338485544cd03f5f88c7dd65fb72",5.5,0.376289955248732
"e1c1338485544cd03f5f88c7dd65fb72",6,0.378415454016713
"e1c1338485544cd03f5f88c7dd65fb72",6.5,0.380859529305088
"e1c1338485544cd03f5f88c7dd65fb72",7,0.383624403596779
"e1c1338485544cd03f5f88c7dd65fb72",7.5,0.386712499115565
"e1c1338485544cd03f5f88c7dd65fb72",8,0.390126405218903
"e1c1338485544cd03f5f88c7dd65fb72",8.5,0.393868841167116
"e1c1338485544cd03f5f88c7dd65fb72",9,0.397942614019264
"e1c1338485544cd03f5f88c7dd65fb72",9.5,0.402350571406627
"e1c1338485544cd03f5f88c7dd65fb72",10,0.407095548944926
"6bc6a591a042ea59e555561b3860e8a2",0,0.509153228036093
"6bc6a591a042ea59e555561b3860e8a2",0.5,0.469892278471289
"6bc6a591a042ea59e555561b3860e8a2",1,0.435824342434275
"6bc6a591a042ea59e555561b3860e8a2",1.5,0.407083532175953
"6bc6a591a042ea59e555561b3860e8a2",2,0.383602033116969
"6bc6a591a042ea59e555561b3860e8a2",2.5,0.365201779379645
"6bc6a591a042ea59e555561b3860e8a2",3,0.351667459966872
"6bc6a591a042ea59e555561b3860e8a2",3.5,0.3427992304614
"6bc6a591a042ea59e555561b3860e8a2",4,0.338447556082602
"6bc6a591a042ea59e555561b3860e8a2",4.5,0.33853378497351
"6bc6a591a042ea59e555561b3860e8a2",5,0.343059508977108
"6bc6a591a042ea59e555561b3860e8a2",5.5,0.352106383091897
"6bc6a591a042ea59e555561b3860e8a2",6,0.365826369507744
"6bc6a591a042ea59e555561b3860e8a2",6.5,0.384420672513498
"6bc6a591a042ea59e555561b3860e8a2",7,0.408104265660102
"6bc6a591a042ea59e555561b3860e8a2",7.5,0.437052419024216
"6bc6a591a042ea59e555561b3860e8a2",8,0.471326896795244
"6bc6a591a042ea59e555561b3860e8a2",8.5,0.510783682241033
"6bc6a591a042ea59e555561b3860e8a2",9,0.554972134821882
"6bc6a591a042ea59e555561b3860e8a2",9.5,0.603046903179533
"6bc6a591a042ea59e555561b3860e8a2",10,0.653725145785195
"220d0a5496bad04c259c0da9954a3e4e",0,0.584889580028609
"220d0a5496bad04c259c0da9954a3e4e",0.5,0.584409673439416
"220d0a5496bad04c259c0da9954a3e4e",1,0.583112946717404
"220d0a5496bad04c259c0da9954a3e4e",1.5,0.580997256888007
"220d0a5496bad04c259c0da9954a3e4e",2,0.578059225659872
"220d0a5496bad04c259c0da9954a3e4e",2.5,0.574294405187721
"220d0a5496bad04c259c0da9954a3e4e",3,0.56969751132761
"220d0a5496bad04c259c0da9954a3e4e",3.5,0.564262727366075
"220d0a5496bad04c259c0da9954a3e4e",4,0.557984081508164
"220d0a5496bad04c259c0da9954a3e4e",4.5,0.550855901294139
"220d0a5496bad04c259c0da9954a3e4e",5,0.542873347461415
"220d0a5496bad04c259c0da9954a3e4e",5.5,0.53403302844886
"220d0a5496bad04c259c0da9954a3e4e",6,0.52433369462515
"220d0a5496bad04c259c0da9954a3e4e",6.5,0.513777008292217
"220d0a5496bad04c259c0da9954a3e4e",7,0.502368381476685
"220d0a5496bad04c259c0da9954a3e4e",7.5,0.490117868435559
"220d0a5496bad04c259c0da9954a3e4e",8,0.477041093706518
"220d0a5496bad04c259c0da9954a3e4e",8.5,0.463160189580198
"220d0a5496bad04c259c0da9954a3e4e",9,0.44850470936152
"220d0a5496bad04c259c0da9954a3e4e",9.5,0.433112475194251
"220d0a5496bad04c259c0da9954a3e4e",10,0.417030312214311
"4a02b4357ad2b785282b7b29333adfca",0,0.39584234016835
"4a02b4357ad2b785282b7b29333adfca",0.5,0.380284802217602
"4a02b4357ad2b785282b7b29333adfca",1,0.367327652839669
"4a02b4357ad2b785282b7b29333adfca",1.5,0.356889337494192
"4a02b4357ad2b785282b7b29333adfca",2,0.348892037289588
"4a02b4357ad2b785282b7b29333adfca",2.5,0.343268967806089
"4a02b4357ad2b785282b7b29333adfca",3,0.339969520156448
"4a02b4357ad2b785282b7b29333adfca",3.5,0.338962615845331
"4a02b4357ad2b785282b7b29333adfca",4,0.340238568785391
"4a02b4357ad2b785282b7b29333adfca",4.5,0.343809637297576
"4a02b4357ad2b785282b7b29333adfca",5,0.349709323315666
"4a02b4357ad2b785282b7b29333adfca",5.5,0.357990346394857
"4a02b4357ad2b785282b7b29333adfca",6,0.368721095635719
"4a02b4357ad2b785282b7b29333adfca",6.5,0.381980254853689
"4a02b4357ad2b785282b7b29333adfca",7,0.397849223493581
"4a02b4357ad2b785282b7b29333adfca",7.5,0.416401946451925
"4a02b4357ad2b785282b7b29333adfca",8,0.437691860778833
"4a02b4357ad2b785282b7b29333adfca",8.5,0.461735916537475
"4a02b4357ad2b785282b7b29333adfca",9,0.488496082752187
"4a02b4357ad2b785282b7b29333adfca",9.5,0.517859434854315
"4a02b4357ad2b785282b7b29333adfca",10,0.549618807459951
"108480afb7588a15888d22eddbec5866",0,0.307243656269884
"108480afb7588a15888d22eddbec5866",0.5,0.287051953613291
"108480afb7588a15888d22eddbec5866",1,0.271840925853249
"108480afb7588a15888d22eddbec5866",1.5,0.261221727928887
"108480afb7588a15888d22eddbec5866",2,0.254896906653664
"108480afb7588a15888d22eddbec5866",2.5,0.252679642776915
"108480afb7588a15888d22eddbec5866",3,0.254502796367852
"108480afb7588a15888d22eddbec5866",3.5,0.260421635163011
"108480afb7588a15888d22eddbec5866",4,0.270611608156296
"108480afb7588a15888d22eddbec5866",4.5,0.285360044426955
"108480afb7588a15888d22eddbec5866",5,0.305048144012524
"108480afb7588a15888d22eddbec5866",5.5,0.330117146842786
"108480afb7588a15888d22eddbec5866",6,0.36101062313392
"108480afb7588a15888d22eddbec5866",6.5,0.398084714941042
"108480afb7588a15888d22eddbec5866",7,0.44148213193882
"108480afb7588a15888d22eddbec5866",7.5,0.490976496061675
"108480afb7588a15888d22eddbec5866",8,0.54581253208865
"108480afb7588a15888d22eddbec5866",8.5,0.604590974841152
"108480afb7588a15888d22eddbec5866",9,0.665263207814387
"108480afb7588a15888d22eddbec5866",9.5,0.72529172057403
"108480afb7588a15888d22eddbec5866",10,0.781985490561004
"c73db60d9b370f1192a1f35d5796aa9a",0,0.735953584598818
"c73db60d9b370f1192a1f35d5796aa9a",0.5,0.711047841945438
"c73db60d9b370f1192a1f35d5796aa9a",1,0.687593573458911
"c73db60d9b370f1192a1f35d5796aa9a",1.5,0.666023343555978
"c73db60d9b370f1192a1f35d5796aa9a",2,0.646693048786613
"c73db60d9b370f1192a1f35d5796aa9a",2.5,0.629883014379893
"c73db60d9b370f1192a1f35d5796aa9a",3,0.615804787060921
"c73db60d9b370f1192a1f35d5796aa9a",3.5,0.604611138798323
"c73db60d9b370f1192a1f35d5796aa9a",4,0.596407061647476
"c73db60d9b370f1192a1f35d5796aa9a",4.5,0.59126000577359
"c73db60d9b370f1192a1f35d5796aa9a",5,0.589208121554829
"c73db60d9b370f1192a1f35d5796aa9a",5.5,0.590265714402938
"c73db60d9b370f1192a1f35d5796aa9a",6,0.594425475460522
"c73db60d9b370f1192a1f35d5796aa9a",6.5,0.601657327990103
"c73db60d9b370f1192a1f35d5796aa9a",7,0.611903970993493
"c73db60d9b370f1192a1f35d5796aa9a",7.5,0.625073461596814
"c73db60d9b370f1192a1f35d5796aa9a",8,0.641029503975924
"c73db60d9b370f1192a1f35d5796aa9a",8.5,0.659580531320549
"c73db60d9b370f1192a1f35d5796aa9a",9,0.680469163823068
"c73db60d9b370f1192a1f35d5796aa9a",9.5,0.703364124544325
"c73db60d9b370f1192a1f35d5796aa9a",10,0.727857048818182
"2d1a1f018cdf65bdd0289896bd116814",0,0.118612838229233
"2d1a1f018cdf65bdd0289896bd116814",0.5,0.187620404389438
"2d1a1f018cdf65bdd0289896bd116814",1,0.267393525996177
"2d1a1f018cdf65bdd0289896bd116814",1.5,0.348656894781638
"2d1a1f018cdf65bdd0289896bd116814",2,0.42310679011541
"2d1a1f018cdf65bdd0289896bd116814",2.5,0.485324185217465
"2d1a1f018cdf65bdd0289896bd116814",3,0.532750065834067
"2d1a1f018cdf65bdd0289896bd116814",3.5,0.564734113364454
"2d1a1f018cdf65bdd0289896bd116814",4,0.581492738319071
"2d1a1f018cdf65bdd0289896bd116814",4.5,0.583352071585617
"2d1a1f018cdf65bdd0289896bd116814",5,0.57035732280777
"2d1a1f018cdf65bdd0289896bd116814",5.5,0.542230252596795
"2d1a1f018cdf65bdd0289896bd116814",6,0.498670061875615
"2d1a1f018cdf65bdd0289896bd116814",6.5,0.440019321658344
"2d1a1f018cdf65bdd0289896bd116814",7,0.368254392165405
"2d1a1f018cdf65bdd0289896bd116814",7.5,0.288018968176624
"2d1a1f018cdf65bdd0289896bd116814",8,0.206983323575399
"2d1a1f018cdf65bdd0289896bd116814",8.5,0.134480920637405
"2d1a1f018cdf65bdd0289896bd116814",9,0.0781320433982814
"2d1a1f018cdf65bdd0289896bd116814",9.5,0.0405027355663688
"2d1a1f018cdf65bdd0289896bd116814",10,0.0188526635965133
"362aa6ba3f0c4f103c2b50bc9284d954",0,0.740201370752824
"362aa6ba3f0c4f103c2b50bc9284d954",0.5,0.744194391646615
"362aa6ba3f0c4f103c2b50bc9284d954",1,0.741549131752573
"362aa6ba3f0c4f103c2b50bc9284d954",1.5,0.732191916114997
"362aa6ba3f0c4f103c2b50bc9284d954",2,0.715890278552741
"362aa6ba3f0c4f103c2b50bc9284d954",2.5,0.692341818144071
"362aa6ba3f0c4f103c2b50bc9284d954",3,0.661327319306758
"362aa6ba3f0c4f103c2b50bc9284d954",3.5,0.622905217839309
"362aa6ba3f0c4f103c2b50bc9284d954",4,0.577574917538238
"362aa6ba3f0c4f103c2b50bc9284d954",4.5,0.526287695004002
"362aa6ba3f0c4f103c2b50bc9284d954",5,0.470209769373565
"362aa6ba3f0c4f103c2b50bc9284d954",5.5,0.410312915493015
"362aa6ba3f0c4f103c2b50bc9284d954",6,0.347139761285833
"362aa6ba3f0c4f103c2b50bc9284d954",6.5,0.281244032070055
"362aa6ba3f0c4f103c2b50bc9284d954",7,0.21446820930433
"362aa6ba3f0c4f103c2b50bc9284d954",7.5,0.151124452000277
"362aa6ba3f0c4f103c2b50bc9284d954",8,0.0971502167317089
"362aa6ba3f0c4f103c2b50bc9284d954",8.5,0.0568499698561549
"362aa6ba3f0c4f103c2b50bc9284d954",9,0.0304548992403631
"362aa6ba3f0c4f103c2b50bc9284d954",9.5,0.0150518004276142
"362aa6ba3f0c4f103c2b50bc9284d954",10,0.0069230292890775
"d9928e69c0c4e195612845bd1499b617",0,0.89289201860145
"d9928e69c0c4e195612845bd1499b617",0.5,0.812102275383798
"d9928e69c0c4e195612845bd1499b617",1,0.711278524552227
"d9928e69c0c4e195612845bd1499b617",1.5,0.603678998217079
"d9928e69c0c4e195612845bd1499b617",2,0.502789957941465
"d9928e69c0c4e195612845bd1499b617",2.5,0.417308421852264
"d9928e69c0c4e195612845bd1499b617",3,0.350422836090069
"d9928e69c0c4e195612845bd1499b617",3.5,0.301664364015186
"d9928e69c0c4e195612845bd1499b617",4,0.269041856571907
"d9928e69c0c4e195612845bd1499b617",4.5,0.250474773154259
"d9928e69c0c4e195612845bd1499b617",5,0.244524457100394
"d9928e69c0c4e195612845bd1499b617",5.5,0.250692463003118
"d9928e69c0c4e195612845bd1499b617",6,0.269495133436391
"d9928e69c0c4e195612845bd1499b617",6.5,0.302386091987592
"d9928e69c0c4e195612845bd1499b617",7,0.351452394209054
"d9928e69c0c4e195612845bd1499b617",7.5,0.418673001844506
"d9928e69c0c4e195612845bd1499b617",8,0.504471668392828
"d9928e69c0c4e195612845bd1499b617",8.5,0.605574222442128
"d9928e69c0c4e195612845bd1499b617",9,0.71318030833973
"d9928e69c0c4e195612845bd1499b617",9.5,0.813751212509564
"d9928e69c0c4e195612845bd1499b617",10,0.894098313981208
"96be76edb9ace04dd87dfa8eec048b2f",0,0.435164328384554
"96be76edb9ace04dd87dfa8eec048b2f",0.5,0.503465803832136
"96be76edb9ace04dd87dfa8eec048b2f",1,0.564151763460663
"96be76edb9ace04dd87dfa8eec048b2f",1.5,0.615847526462704
"96be76edb9ace04dd87dfa8eec048b2f",2,0.658281365247434
"96be76edb9ace04dd87dfa8eec048b2f",2.5,0.69187538769645
"96be76edb9ace04dd87dfa8eec048b2f",3,0.717374058517641
"96be76edb9ace04dd87dfa8eec048b2f",3.5,0.735575541378657
"96be76edb9ace04dd87dfa8eec048b2f",4,0.747165867694889
"96be76edb9ace04dd87dfa8eec048b2f",4.5,0.752629361637278
"96be76edb9ace04dd87dfa8eec048b2f",5,0.752206491436602
"96be76edb9ace04dd87dfa8eec048b2f",5.5,0.745878374566725
"96be76edb9ace04dd87dfa8eec048b2f",6,0.73336787358149
"96be76edb9ace04dd87dfa8eec048b2f",6.5,0.714158063296854
"96be76edb9ace04dd87dfa8eec048b2f",7,0.687539708970198
"96be76edb9ace04dd87dfa8eec048b2f",7.5,0.652709968313273
"96be76edb9ace04dd87dfa8eec048b2f",8,0.608951723524588
"96be76edb9ace04dd87dfa8eec048b2f",8.5,0.555918168344362
"96be76edb9ace04dd87dfa8eec048b2f",9,0.494015828304198
"96be76edb9ace04dd87dfa8eec048b2f",9.5,0.424808077263174
"96be76edb9ace04dd87dfa8eec048b2f",10,0.351262328611245
"6051f6f5b3c041f1e6737aec002a1749",0,0.0474733048239305
"6051f6f5b3c041f1e6737aec002a1749",0.5,0.0794425386789575
"6051f6f5b3c041f1e6737aec002a1749",1,0.121719049705326
"6051f6f5b3c041f1e6737aec002a1749",1.5,0.171346915606292
"6051f6f5b3c041f1e6737aec002a1749",2,0.223323346015866
"6051f6f5b3c041f1e6737aec002a1749",2.5,0.272198935670033
"6051f6f5b3c041f1e6737aec002a1749",3,0.313440959281083
"6051f6f5b3c041f1e6737aec002a1749",3.5,0.343968859607212
"6051f6f5b3c041f1e6737aec002a1749",4,0.362021844259813
"6051f6f5b3c041f1e6737aec002a1749",4.5,0.366780003451891
"6051f6f5b3c041f1e6737aec002a1749",5,0.35805522912152
"6051f6f5b3c041f1e6737aec002a1749",5.5,0.3362014078784
"6051f6f5b3c041f1e6737aec002a1749",6,0.302276620101211
"6051f6f5b3c041f1e6737aec002a1749",6.5,0.258395069686848
"6051f6f5b3c041f1e6737aec002a1749",7,0.208074080508336
"6051f6f5b3c041f1e6737aec002a1749",7.5,0.156211721879897
"6051f6f5b3c041f1e6737aec002a1749",8,0.108297166225412
"6051f6f5b3c041f1e6737aec002a1749",8.5,0.0688773756164205
"6051f6f5b3c041f1e6737aec002a1749",9,0.0401032274391389
"6051f6f5b3c041f1e6737aec002a1749",9.5,0.0214206041453883
"6051f6f5b3c041f1e6737aec002a1749",10,0.0105430943894047
"71a2df58829933d8ee0c2405aef26d57",0,0.856501451629401
"71a2df58829933d8ee0c2405aef26d57",0.5,0.802916205839885
"71a2df58829933d8ee0c2405aef26d57",1,0.74722926481617
"71a2df58829933d8ee0c2405aef26d57",1.5,0.694438544820319
"71a2df58829933d8ee0c2405aef26d57",2,0.648596936782954
"71a2df58829933d8ee0c2405aef26d57",2.5,0.612414601192916
"71a2df58829933d8ee0c2405aef26d57",3,0.587418575289225
"71a2df58829933d8ee0c2405aef26d57",3.5,0.574332056933541
"71a2df58829933d8ee0c2405aef26d57",4,0.573423975231907
"71a2df58829933d8ee0c2405aef26d57",4.5,0.584710187419426
"71a2df58829933d8ee0c2405aef26d57",5,0.607967765287437
"71a2df58829933d8ee0c2405aef26d57",5.5,0.642560344246907
"71a2df58829933d8ee0c2405aef26d57",6,0.687105712520238
"71a2df58829933d8ee0c2405aef26d57",6.5,0.739088638477728
"71a2df58829933d8ee0c2405aef26d57",7,0.794647697751082
"71a2df58829933d8ee0c2405aef26d57",7.5,0.848871133676835
"71a2df58829933d8ee0c2405aef26d57",8,0.896814606677991
"71a2df58829933d8ee0c2405aef26d57",8.5,0.934943391974603
"71a2df58829933d8ee0c2405aef26d57",9,0.962145268284618
"71a2df58829933d8ee0c2405aef26d57",9.5,0.979612079284653
"71a2df58829933d8ee0c2405aef26d57",10,0.989788685124943
"7b62065e4cd491acbc01b9f2e6190062",0,0.661707538658678
"7b62065e4cd491acbc01b9f2e6190062",0.5,0.640667310635228
"7b62065e4cd491acbc01b9f2e6190062",1,0.623225716098076
"7b62065e4cd491acbc01b9f2e6190062",1.5,0.609659090843234
"7b62065e4cd491acbc01b9f2e6190062",2,0.600149420226829
"7b62065e4cd491acbc01b9f2e6190062",2.5,0.594806539921428
"7b62065e4cd491acbc01b9f2e6190062",3,0.59368563303937
"7b62065e4cd491acbc01b9f2e6190062",3.5,0.596797675530067
"7b62065e4cd491acbc01b9f2e6190062",4,0.604111679154757
"7b62065e4cd491acbc01b9f2e6190062",4.5,0.615548507467814
"7b62065e4cd491acbc01b9f2e6190062",5,0.630966902944754
"7b62065e4cd491acbc01b9f2e6190062",5.5,0.650143396697584
"7b62065e4cd491acbc01b9f2e6190062",6,0.672749136131068
"7b62065e4cd491acbc01b9f2e6190062",6.5,0.698328332940029
"7b62065e4cd491acbc01b9f2e6190062",7,0.72628466821445
"7b62065e4cd491acbc01b9f2e6190062",7.5,0.75588288206647
"7b62065e4cd491acbc01b9f2e6190062",8,0.786271945220791
"7b62065e4cd491acbc01b9f2e6190062",8.5,0.81653282523698
"7b62065e4cd491acbc01b9f2e6190062",9,0.845747907619248
"7b62065e4cd491acbc01b9f2e6190062",9.5,0.873082022028034
"7b62065e4cd491acbc01b9f2e6190062",10,0.897859502141656
"ba1f22ece8cf807b12dc52e06eb14ba8",0,0.867616073658506
"ba1f22ece8cf807b12dc52e06eb14ba8",0.5,0.840387061879027
"ba1f22ece8cf807b12dc52e06eb14ba8",1,0.812364548254863
"ba1f22ece8cf807b12dc52e06eb14ba8",1.5,0.784612586541169
"ba1f22ece8cf807b12dc52e06eb14ba8",2,0.758181303061916
"ba1f22ece8cf807b12dc52e06eb14ba8",2.5,0.734025662305027
"ba1f22ece8cf807b12dc52e06eb14ba8",3,0.712954154488929
"ba1f22ece8cf807b12dc52e06eb14ba8",3.5,0.695607679137899
"ba1f22ece8cf807b12dc52e06eb14ba8",4,0.6824618687106
"ba1f22ece8cf807b12dc52e06eb14ba8",4.5,0.673843073056048
"ba1f22ece8cf807b12dc52e06eb14ba8",5,0.669948437006793
"ba1f22ece8cf807b12dc52e06eb14ba8",5.5,0.670862545402494
"ba1f22ece8cf807b12dc52e06eb14ba8",6,0.676565800036522
"ba1f22ece8cf807b12dc52e06eb14ba8",6.5,0.686932407019956
"ba1f22ece8cf807b12dc52e06eb14ba8",7,0.701718468008417
"ba1f22ece8cf807b12dc52e06eb14ba8",7.5,0.720543313158828
"ba1f22ece8cf807b12dc52e06eb14ba8",8,0.742869956010727
"ba1f22ece8cf807b12dc52e06eb14ba8",8.5,0.767993100294982
"ba1f22ece8cf807b12dc52e06eb14ba8",9,0.795044639858807
"ba1f22ece8cf807b12dc52e06eb14ba8",9.5,0.82302573191505
"ba1f22ece8cf807b12dc52e06eb14ba8",10,0.850869999301757
"b186ea0764bc444cd47fbc1c264ffc86",0,0.481582043397296
"b186ea0764bc444cd47fbc1c264ffc86",0.5,0.423176076947022
"b186ea0764bc444cd47fbc1c264ffc86",1,0.375255016194989
"b186ea0764bc444cd47fbc1c264ffc86",1.5,0.337595025817208
"b186ea0764bc444cd47fbc1c264ffc86",2,0.309471492985069
"b186ea0764bc444cd47fbc1c264ffc86",2.5,0.290038636767922
"b186ea0764bc444cd47fbc1c264ffc86",3,0.278566400457836
"b186ea0764bc444cd47fbc1c264ffc86",3.5,0.274570307604487
"b186ea0764bc444cd47fbc1c264ffc86",4,0.27787257655935
"b186ea0764bc444cd47fbc1c264ffc86",4.5,0.288620451801701
"b186ea0764bc444cd47fbc1c264ffc86",5,0.307271168036987
"b186ea0764bc444cd47fbc1c264ffc86",5.5,0.334535754882231
"b186ea0764bc444cd47fbc1c264ffc86",6,0.371257202745838
"b186ea0764bc444cd47fbc1c264ffc86",6.5,0.418185467973635
"b186ea0764bc444cd47fbc1c264ffc86",7,0.475612230487898
"b186ea0764bc444cd47fbc1c264ffc86",7.5,0.542863588369088
"b186ea0764bc444cd47fbc1c264ffc86",8,0.617748276189719
"b186ea0764bc444cd47fbc1c264ffc86",8.5,0.69622406766122
"b186ea0764bc444cd47fbc1c264ffc86",9,0.772673583132986
"b186ea0764bc444cd47fbc1c264ffc86",9.5,0.841050373330268
"b186ea0764bc444cd47fbc1c264ffc86",10,0.896633054430255
"b0aa564069708c2e90901b3d02470657",0,0.604206242182765
"b0aa564069708c2e90901b3d02470657",0.5,0.527599877361461
"b0aa564069708c2e90901b3d02470657",1,0.458332081950679
"b0aa564069708c2e90901b3d02470657",1.5,0.398749965784666
"b0aa564069708c2e90901b3d02470657",2,0.349693694592542
"b0aa564069708c2e90901b3d02470657",2.5,0.310968710524055
"b0aa564069708c2e90901b3d02470657",3,0.28183274822273
"b0aa564069708c2e90901b3d02470657",3.5,0.261380156492081
"b0aa564069708c2e90901b3d02470657",4,0.248798222067375
"b0aa564069708c2e90901b3d02470657",4.5,0.243515788663869
"b0aa564069708c2e90901b3d02470657",5,0.245277216487212
"b0aa564069708c2e90901b3d02470657",5.5,0.254168778597068
"b0aa564069708c2e90901b3d02470657",6,0.270610184490679
"b0aa564069708c2e90901b3d02470657",6.5,0.295306921000499
"b0aa564069708c2e90901b3d02470657",7,0.329142893588271
"b0aa564069708c2e90901b3d02470657",7.5,0.372981697753633
"b0aa564069708c2e90901b3d02470657",8,0.427346720566375
"b0aa564069708c2e90901b3d02470657",8.5,0.491977571716541
"b0aa564069708c2e90901b3d02470657",9,0.565328087273252
"b0aa564069708c2e90901b3d02470657",9.5,0.644186579246687
"b0aa564069708c2e90901b3d02470657",10,0.723718350857607
"880492630ecf1df4163b14a6056fbc2c",0,0.909081420510025
"880492630ecf1df4163b14a6056fbc2c",0.5,0.898688805443311
"880492630ecf1df4163b14a6056fbc2c",1,0.888879222606897
"880492630ecf1df4163b14a6056fbc2c",1.5,0.879979267886376
"880492630ecf1df4163b14a6056fbc2c",2,0.872290788921991
"880492630ecf1df4163b14a6056fbc2c",2.5,0.866076623312026
"880492630ecf1df4163b14a6056fbc2c",3,0.861549507371295
"880492630ecf1df4163b14a6056fbc2c",3.5,0.858864138133999
"880492630ecf1df4163b14a6056fbc2c",4,0.858112043086847
"880492630ecf1df4163b14a6056fbc2c",4.5,0.859318815986678
"880492630ecf1df4163b14a6056fbc2c",5,0.862443381293205
"880492630ecf1df4163b14a6056fbc2c",5.5,0.867379182692108
"880492630ecf1df4163b14a6056fbc2c",6,0.87395746130481
"880492630ecf1df4163b14a6056fbc2c",6.5,0.881952999873552
"880492630ecf1df4163b14a6056fbc2c",7,0.891092772048707
"880492630ecf1df4163b14a6056fbc2c",7.5,0.901067786683007
"880492630ecf1df4163b14a6056fbc2c",8,0.911548036414254
"880492630ecf1df4163b14a6056fbc2c",8.5,0.922199893810333
"880492630ecf1df4163b14a6056fbc2c",9,0.932704666970224
"880492630ecf1df4163b14a6056fbc2c",9.5,0.942776506772764
"880492630ecf1df4163b14a6056fbc2c",10,0.952177635324655
"fdc429e534076328a88202e860e56aaa",0,0.884126452875556
"fdc429e534076328a88202e860e56aaa",0.5,0.859426604050176
"fdc429e534076328a88202e860e56aaa",1,0.83348438858576
"fdc429e534076328a88202e860e56aaa",1.5,0.807195929016957
"fdc429e534076328a88202e860e56aaa",2,0.781502685139338
"fdc429e534076328a88202e860e56aaa",2.5,0.757312513943277
"fdc429e534076328a88202e860e56aaa",3,0.73543902704273
"fdc429e534076328a88202e860e56aaa",3.5,0.716565207268537
"fdc429e534076328a88202e860e56aaa",4,0.701230061364221
"fdc429e534076328a88202e860e56aaa",4.5,0.68983238076418
"fdc429e534076328a88202e860e56aaa",5,0.682643909296229
"fdc429e534076328a88202e860e56aaa",5.5,0.679824685173283
"fdc429e534076328a88202e860e56aaa",6,0.681435011922787
"fdc429e534076328a88202e860e56aaa",6.5,0.687440615951162
"fdc429e534076328a88202e860e56aaa",7,0.697709669274807
"fdc429e534076328a88202e860e56aaa",7.5,0.712002429813743
"fdc429e534076328a88202e860e56aaa",8,0.729956356098488
"fdc429e534076328a88202e860e56aaa",8.5,0.751071683895228
"fdc429e534076328a88202e860e56aaa",9,0.774704316529796
"fdc429e534076328a88202e860e56aaa",9.5,0.800073781544334
"fdc429e534076328a88202e860e56aaa",10,0.826292942287662
"c1ecaba13f8f4546583b712bc25e9bf0",0,0.166681613300299
"c1ecaba13f8f4546583b712bc25e9bf0",0.5,0.188470241961411
"c1ecaba13f8f4546583b712bc25e9bf0",1,0.21068029260503
"c1ecaba13f8f4546583b712bc25e9bf0",1.5,0.232928267027097
"c1ecaba13f8f4546583b712bc25e9bf0",2,0.254830276348364
"c1ecaba13f8f4546583b712bc25e9bf0",2.5,0.276018704049584
"c1ecaba13f8f4546583b712bc25e9bf0",3,0.296155392600927
"c1ecaba13f8f4546583b712bc25e9bf0",3.5,0.314940619902301
"c1ecaba13f8f4546583b712bc25e9bf0",4,0.332117816133136
"c1ecaba13f8f4546583b712bc25e9bf0",4.5,0.34747451040695
"c1ecaba13f8f4546583b712bc25e9bf0",5,0.360840332365189
"c1ecaba13f8f4546583b712bc25e9bf0",5.5,0.372083029799663
"c1ecaba13f8f4546583b712bc25e9bf0",6,0.381103442096696
"c1ecaba13f8f4546583b712bc25e9bf0",6.5,0.387830248292864
"c1ecaba13f8f4546583b712bc25e9bf0",7,0.392215141675384
"c1ecaba13f8f4546583b712bc25e9bf0",7.5,0.394228910028763
"c1ecaba13f8f4546583b712bc25e9bf0",8,0.393858744817259
"c1ecaba13f8f4546583b712bc25e9bf0",8.5,0.391106971693505
"c1ecaba13f8f4546583b712bc25e9bf0",9,0.385991285397665
"c1ecaba13f8f4546583b712bc25e9bf0",9.5,0.378546474037394
"c1ecaba13f8f4546583b712bc25e9bf0",10,0.368827517534796
"32f670ab661c11bd4d1043130a007cf2",0,0.274168708233616
"32f670ab661c11bd4d1043130a007cf2",0.5,0.285522910146729
"32f670ab661c11bd4d1043130a007cf2",1,0.296138239539941
"32f670ab661c11bd4d1043130a007cf2",1.5,0.305943627436979
"32f670ab661c11bd4d1043130a007cf2",2,0.314876926824945
"32f670ab661c11bd4d1043130a007cf2",2.5,0.322884622453715
"32f670ab661c11bd4d1043130a007cf2",3,0.329921380390636
"32f670ab661c11bd4d1043130a007cf2",3.5,0.335949498447009
"32f670ab661c11bd4d1043130a007cf2",4,0.340938313811478
"32f670ab661c11bd4d1043130a007cf2",4.5,0.344863617495586
"32f670ab661c11bd4d1043130a007cf2",5,0.347707117440506
"32f670ab661c11bd4d1043130a007cf2",5.5,0.349455984043919
"32f670ab661c11bd4d1043130a007cf2",6,0.350102503893562
"32f670ab661c11bd4d1043130a007cf2",6.5,0.349643859867963
"32f670ab661c11bd4d1043130a007cf2",7,0.348082048529649
"32f670ab661c11bd4d1043130a007cf2",7.5,0.345423938799458
"32f670ab661c11bd4d1043130a007cf2",8,0.341681469085244
"32f670ab661c11bd4d1043130a007cf2",8.5,0.336871973136319
"32f670ab661c11bd4d1043130a007cf2",9,0.331018617719984
"32f670ab661c11bd4d1043130a007cf2",9.5,0.324150927658242
"32f670ab661c11bd4d1043130a007cf2",10,0.316305365838732
"60c901acfd112190b7be28a148cac4d9",0,0.382731638399004
"60c901acfd112190b7be28a148cac4d9",0.5,0.428174504130794
"60c901acfd112190b7be28a148cac4d9",1,0.468757008284252
"60c901acfd112190b7be28a148cac4d9",1.5,0.503666957150513
"60c901acfd112190b7be28a148cac4d9",2,0.532497752796456
"60c901acfd112190b7be28a148cac4d9",2.5,0.55512660968305
"60c901acfd112190b7be28a148cac4d9",3,0.571594362792359
"60c901acfd112190b7be28a148cac4d9",3.5,0.582006610301369
"60c901acfd112190b7be28a148cac4d9",4,0.586462875876401
"60c901acfd112190b7be28a148cac4d9",4.5,0.58501344867279
"60c901acfd112190b7be28a148cac4d9",5,0.577641467801983
"60c901acfd112190b7be28a148cac4d9",5.5,0.564268708131671
"60c901acfd112190b7be28a148cac4d9",6,0.544785601433669
"60c901acfd112190b7be28a148cac4d9",6.5,0.519107725327357
"60c901acfd112190b7be28a148cac4d9",7,0.487260661955235
"60c901acfd112190b7be28a148cac4d9",7.5,0.449490842184163
"60c901acfd112190b7be28a148cac4d9",8,0.406390009318583
"60c901acfd112190b7be28a148cac4d9",8.5,0.359005367592941
"60c901acfd112190b7be28a148cac4d9",9,0.308891087186426
"60c901acfd112190b7be28a148cac4d9",9.5,0.258051001916067
"60c901acfd112190b7be28a148cac4d9",10,0.208741673036853
"05bf5ecf435d597a0513007d399884c8",0,0.382514134320452
"05bf5ecf435d597a0513007d399884c8",0.5,0.347184399779785
"05bf5ecf435d597a0513007d399884c8",1,0.317894904202779
"05bf5ecf435d597a0513007d399884c8",1.5,0.294228786533345
"05bf5ecf435d597a0513007d399884c8",2,0.275715528747221
"05bf5ecf435d597a0513007d399884c8",2.5,0.261908758182187
"05bf5ecf435d597a0513007d399884c8",3,0.252433855510749
"05bf5ecf435d597a0513007d399884c8",3.5,0.247014480566897
"05bf5ecf435d597a0513007d399884c8",4,0.245485923314785
"05bf5ecf435d597a0513007d399884c8",4.5,0.247800883908444
"05bf5ecf435d597a0513007d399884c8",5,0.254030853927354
"05bf5ecf435d597a0513007d399884c8",5.5,0.26436398163672
"05bf5ecf435d597a0513007d399884c8",6,0.279098081827468
"05bf5ecf435d597a0513007d399884c8",6.5,0.298625131593324
"05bf5ecf435d597a0513007d399884c8",7,0.323401148749257
"05bf5ecf435d597a0513007d399884c8",7.5,0.353893161617696
"05bf5ecf435d597a0513007d399884c8",8,0.390494209105146
"05bf5ecf435d597a0513007d399884c8",8.5,0.433400236653092
"05bf5ecf435d597a0513007d399884c8",9,0.482452592762486
"05bf5ecf435d597a0513007d399884c8",9.5,0.536969089233301
"05bf5ecf435d597a0513007d399884c8",10,0.595613086121371
"7e00657eaa0406e3168501b03504c91a",0,0.18054342093075
"7e00657eaa0406e3168501b03504c91a",0.5,0.196825546528428
"7e00657eaa0406e3168501b03504c91a",1,0.213641645401143
"7e00657eaa0406e3168501b03504c91a",1.5,0.230900650704255
"7e00657eaa0406e3168501b03504c91a",2,0.248505142922488
"7e00657eaa0406e3168501b03504c91a",2.5,0.266353473281349
"7e00657eaa0406e3168501b03504c91a",3,0.284341936260871
"7e00657eaa0406e3168501b03504c91a",3.5,0.302366892725727
"7e00657eaa0406e3168501b03504c91a",4,0.320326755229844
"7e00657eaa0406e3168501b03504c91a",4.5,0.338123762468079
"7e00657eaa0406e3168501b03504c91a",5,0.355665488673424
"7e00657eaa0406e3168501b03504c91a",5.5,0.372866053953822
"7e00657eaa0406e3168501b03504c91a",6,0.389647021264552
"7e00657eaa0406e3168501b03504c91a",6.5,0.405937983418627
"7e00657eaa0406e3168501b03504c91a",7,0.421676858211641
"7e00657eaa0406e3168501b03504c91a",7.5,0.436809920823186
"7e00657eaa0406e3168501b03504c91a",8,0.451291610034495
"7e00657eaa0406e3168501b03504c91a",8.5,0.465084148699346
"7e00657eaa0406e3168501b03504c91a",9,0.478157019792937
"7e00657eaa0406e3168501b03504c91a",9.5,0.490486337846245
"7e00657eaa0406e3168501b03504c91a",10,0.502054152300218
"79660f4a8fc84d8a775da5ec1f493398",0,0.541333948141632
"79660f4a8fc84d8a775da5ec1f493398",0.5,0.523152287262909
"79660f4a8fc84d8a775da5ec1f493398",1,0.507092429682348
"79660f4a8fc84d8a775da5ec1f493398",1.5,0.493200627735983
"79660f4a8fc84d8a775da5ec1f493398",2,0.481499073502618
"79660f4a8fc84d8a775da5ec1f493398",2.5,0.471993543339938
"79660f4a8fc84d8a775da5ec1f493398",3,0.464680013564701
"79660f4a8fc84d8a775da5ec1f493398",3.5,0.459550072153004
"79660f4a8fc84d8a775da5ec1f493398",4,0.456595064847877
"79660f4a8fc84d8a775da5ec1f493398",4.5,0.455808978006026
"79660f4a8fc84d8a775da5ec1f493398",5,0.457190085472174
"79660f4a8fc84d8a775da5ec1f493398",5.5,0.46074138468765
"79660f4a8fc84d8a775da5ec1f493398",6,0.46646982989524
"79660f4a8fc84d8a775da5ec1f493398",6.5,0.474384348949481
"79660f4a8fc84d8a775da5ec1f493398",7,0.484492615946352
"79660f4a8fc84d8a775da5ec1f493398",7.5,0.496796556032675
"79660f4a8fc84d8a775da5ec1f493398",8,0.511286593242308
"79660f4a8fc84d8a775da5ec1f493398",8.5,0.527934728823718
"79660f4a8fc84d8a775da5ec1f493398",9,0.546686665991716
"79660f4a8fc84d8a775da5ec1f493398",9.5,0.567453381297191
"79660f4a8fc84d8a775da5ec1f493398",10,0.590102775552114
"73d1d0b25878ea0c119f2af85c7c24bd",0,0.270761604398824
"73d1d0b25878ea0c119f2af85c7c24bd",0.5,0.259456814727065
"73d1d0b25878ea0c119f2af85c7c24bd",1,0.251271822399863
"73d1d0b25878ea0c119f2af85c7c24bd",1.5,0.246033050498999
"73d1d0b25878ea0c119f2af85c7c24bd",2,0.243625185618139
"73d1d0b25878ea0c119f2af85c7c24bd",2.5,0.243994162069931
"73d1d0b25878ea0c119f2af85c7c24bd",3,0.247148307518081
"73d1d0b25878ea0c119f2af85c7c24bd",3.5,0.25315817672614
"73d1d0b25878ea0c119f2af85c7c24bd",4,0.26215499311273
"73d1d0b25878ea0c119f2af85c7c24bd",4.5,0.274327005898866
"73d1d0b25878ea0c119f2af85c7c24bd",5,0.289912424175216
"73d1d0b25878ea0c119f2af85c7c24bd",5.5,0.309186915037712
"73d1d0b25878ea0c119f2af85c7c24bd",6,0.332443036778394
"73d1d0b25878ea0c119f2af85c7c24bd",6.5,0.359958639374081
"73d1d0b25878ea0c119f2af85c7c24bd",7,0.391951609185934
"73d1d0b25878ea0c119f2af85c7c24bd",7.5,0.428519960166303
"73d1d0b25878ea0c119f2af85c7c24bd",8,0.469569834011422
"73d1d0b25878ea0c119f2af85c7c24bd",8.5,0.514739787984319
"73d1d0b25878ea0c119f2af85c7c24bd",9,0.563337126708801
"73d1d0b25878ea0c119f2af85c7c24bd",9.5,0.614308524954896
"73d1d0b25878ea0c119f2af85c7c24bd",10,0.666268504987718
"d90d7801346af8b57484c159b3b14ada",0,0.176672852846209
"d90d7801346af8b57484c159b3b14ada",0.5,0.195905030683928
"d90d7801346af8b57484c159b3b14ada",1,0.215430190571458
"d90d7801346af8b57484c159b3b14ada",1.5,0.235002565909628
"d90d7801346af8b57484c159b3b14ada",2,0.254375995289006
"d90d7801346af8b57484c159b3b14ada",2.5,0.273311995247989
"d90d7801346af8b57484c159b3b14ada",3,0.291586486917869
"d90d7801346af8b57484c159b3b14ada",3.5,0.308994850961089
"d90d7801346af8b57484c159b3b14ada",4,0.325355201559283
"d90d7801346af8b57484c159b3b14ada",4.5,0.340509959064497
"d90d7801346af8b57484c159b3b14ada",5,0.354325941884895
"d90d7801346af8b57484c159b3b14ada",5.5,0.366693284079371
"d90d7801346af8b57484c159b3b14ada",6,0.377523519670263
"d90d7801346af8b57484c159b3b14ada",6.5,0.386747168366789
"d90d7801346af8b57484c159b3b14ada",7,0.394311123470184
"d90d7801346af8b57484c159b3b14ada",7.5,0.400176093963789
"d90d7801346af8b57484c159b3b14ada",8,0.404314299481006
"d90d7801346af8b57484c159b3b14ada",8.5,0.406707566032116
"d90d7801346af8b57484c159b3b14ada",9,0.407345925867995
"d90d7801346af8b57484c159b3b14ada",9.5,0.406226787754482
"d90d7801346af8b57484c159b3b14ada",10,0.403354713284287
"a73542825807077c91963ae33d44790b",0,0.575866309974516
"a73542825807077c91963ae33d44790b",0.5,0.571990955774579
"a73542825807077c91963ae33d44790b",1,0.567353164456412
"a73542825807077c91963ae33d44790b",1.5,0.561947829334182
"a73542825807077c91963ae33d44790b",2,0.555769824693053
"a73542825807077c91963ae33d44790b",2.5,0.548814385876048
"a73542825807077c91963ae33d44790b",3,0.541077550450652
"a73542825807077c91963ae33d44790b",3.5,0.532556661019709
"a73542825807077c91963ae33d44790b",4,0.523250928634031
"a73542825807077c91963ae33d44790b",4.5,0.513162053530151
"a73542825807077c91963ae33d44790b",5,0.50229489700032
"a73542825807077c91963ae33d44790b",5.5,0.490658194581864
"a73542825807077c91963ae33d44790b",6,0.478265296458445
"a73542825807077c91963ae33d44790b",6.5,0.465134916097161
"a73542825807077c91963ae33d44790b",7,0.451291862893849
"a73542825807077c91963ae33d44790b",7.5,0.436767729263441
"a73542825807077c91963ae33d44790b",8,0.421601497609789
"a73542825807077c91963ae33d44790b",8.5,0.405840028472483
"a73542825807077c91963ae33d44790b",9,0.389538388504119
"a73542825807077c91963ae33d44790b",9.5,0.372759976459502
"a73542825807077c91963ae33d44790b",10,0.355576407739955
"f8a46f9a5288a500cd945b877e0f711f",0,0.372069470451436
"f8a46f9a5288a500cd945b877e0f711f",0.5,0.361820772768693
"f8a46f9a5288a500cd945b877e0f711f",1,0.35304405715703
"f8a46f9a5288a500cd945b877e0f711f",1.5,0.345700277689745
"f8a46f9a5288a500cd945b877e0f711f",2,0.339753395418359
"f8a46f9a5288a500cd945b877e0f711f",2.5,0.335172019153841
"f8a46f9a5288a500cd945b877e0f711f",3,0.331930640832469
"f8a46f9a5288a500cd945b877e0f711f",3.5,0.330010526386817
"f8a46f9a5288a500cd945b877e0f711f",4,0.329400312569172
"f8a46f9a5288a500cd945b877e0f711f",4.5,0.330096347012607
"f8a46f9a5288a500cd945b877e0f711f",5,0.332102794166455
"f8a46f9a5288a500cd945b877e0f711f",5.5,0.33543151437897
"f8a46f9a5288a500cd945b877e0f711f",6,0.340101707834507
"f8a46f9a5288a500cd945b877e0f711f",6.5,0.346139299717925
"f8a46f9a5288a500cd945b877e0f711f",7,0.353576028400642
"f8a46f9a5288a500cd945b877e0f711f",7.5,0.362448185414646
"f8a46f9a5288a500cd945b877e0f711f",8,0.372794945739797
"f8a46f9a5288a500cd945b877e0f711f",8.5,0.384656221317477
"f8a46f9a5288a500cd945b877e0f711f",9,0.39806997228639
"f8a46f9a5288a500cd945b877e0f711f",9.5,0.413068922529834
"f8a46f9a5288a500cd945b877e0f711f",10,0.429676652639133
"aaccf5c4ba90bda685fa3de92cdad93f",0,0.129259633039609
"aaccf5c4ba90bda685fa3de92cdad93f",0.5,0.139222237696867
"aaccf5c4ba90bda685fa3de92cdad93f",1,0.150156549895552
"aaccf5c4ba90bda685fa3de92cdad93f",1.5,0.162144376289314
"aaccf5c4ba90bda685fa3de92cdad93f",2,0.175269571338696
"aaccf5c4ba90bda685fa3de92cdad93f",2.5,0.189616471435247
"aaccf5c4ba90bda685fa3de92cdad93f",3,0.205267844983668
"aaccf5c4ba90bda685fa3de92cdad93f",3.5,0.222302305352541
"aaccf5c4ba90bda685fa3de92cdad93f",4,0.24079115421293
"aaccf5c4ba90bda685fa3de92cdad93f",4.5,0.260794655887872
"aaccf5c4ba90bda685fa3de92cdad93f",5,0.282357790685975
"aaccf5c4ba90bda685fa3de92cdad93f",5.5,0.305505597118723
"aaccf5c4ba90bda685fa3de92cdad93f",6,0.330238287434032
"aaccf5c4ba90bda685fa3de92cdad93f",6.5,0.356526402928002
"aaccf5c4ba90bda685fa3de92cdad93f",7,0.384306356229813
"aaccf5c4ba90bda685fa3de92cdad93f",7.5,0.41347677481298
"aaccf5c4ba90bda685fa3de92cdad93f",8,0.443896098460533
"aaccf5c4ba90bda685fa3de92cdad93f",8.5,0.475381878042385
"aaccf5c4ba90bda685fa3de92cdad93f",9,0.507712161303217
"aaccf5c4ba90bda685fa3de92cdad93f",9.5,0.540629227385576
"aaccf5c4ba90bda685fa3de92cdad93f",10,0.573845749092365
"4f7aa159b250025c6921e76e9130222a",0,0.508755871802949
"4f7aa159b250025c6921e76e9130222a",0.5,0.510492289789307
"4f7aa159b250025c6921e76e9130222a",1,0.511291509916463
"4f7aa159b250025c6921e76e9130222a",1.5,0.511153729594653
"4f7aa159b250025c6921e76e9130222a",2,0.510078913125181
"4f7aa159b250025c6921e76e9130222a",2.5,0.508066805857623
"4f7aa159b250025c6921e76e9130222a",3,0.505117044677588
"4f7aa159b250025c6921e76e9130222a",3.5,0.501229365034302
"4f7aa159b250025c6921e76e9130222a",4,0.496403904710389
"4f7aa159b250025c6921e76e9130222a",4.5,0.490641604182229
"4f7aa159b250025c6921e76e9130222a",5,0.483944702557789
"4f7aa159b250025c6921e76e9130222a",5.5,0.476317326549608
"4f7aa159b250025c6921e76e9130222a",6,0.467766167596595
"4f7aa159b250025c6921e76e9130222a",6.5,0.458301238964227
"4f7aa159b250025c6921e76e9130222a",7,0.447936700345461
"4f7aa159b250025c6921e76e9130222a",7.5,0.436691732137013
"4f7aa159b250025c6921e76e9130222a",8,0.424591435257211
"4f7aa159b250025c6921e76e9130222a",8.5,0.411667725311802
"4f7aa159b250025c6921e76e9130222a",9,0.397960182475021
"4f7aa159b250025c6921e76e9130222a",9.5,0.383516811194906
"4f7aa159b250025c6921e76e9130222a",10,0.368394657512267
"81c4c885be80ee63d7c8d0121915b815",0,0.053737299299991
"81c4c885be80ee63d7c8d0121915b815",0.5,0.0701317160927457
"81c4c885be80ee63d7c8d0121915b815",1,0.0897358884967984
"81c4c885be80ee63d7c8d0121915b815",1.5,0.112548930517943
"81c4c885be80ee63d7c8d0121915b815",2,0.138378741526409
"81c4c885be80ee63d7c8d0121915b815",2.5,0.166842328621873
"81c4c885be80ee63d7c8d0121915b815",3,0.197391482782491
"81c4c885be80ee63d7c8d0121915b815",3.5,0.229358303032321
"81c4c885be80ee63d7c8d0121915b815",4,0.262011159279984
"81c4c885be80ee63d7c8d0121915b815",4.5,0.294611028070474
"81c4c885be80ee63d7c8d0121915b815",5,0.326460072001919
"81c4c885be80ee63d7c8d0121915b815",5.5,0.356937508355993
"81c4c885be80ee63d7c8d0121915b815",6,0.385521035901625
"81c4c885be80ee63d7c8d0121915b815",6.5,0.411794663210447
"81c4c885be80ee63d7c8d0121915b815",7,0.435445439788632
"81c4c885be80ee63d7c8d0121915b815",7.5,0.456252345270071
"81c4c885be80ee63d7c8d0121915b815",8,0.474070617834104
"81c4c885be80ee63d7c8d0121915b815",8.5,0.488814352373327
"81c4c885be80ee63d7c8d0121915b815",9,0.500439524395144
"81c4c885be80ee63d7c8d0121915b815",9.5,0.508928898483349
"81c4c885be80ee63d7c8d0121915b815",10,0.51427968772377
"d1e69e3fef48f82473be61d0e6fd6920",0,0.446775194166476
"d1e69e3fef48f82473be61d0e6fd6920",0.5,0.362849069310857
"d1e69e3fef48f82473be61d0e6fd6920",1,0.295195879210491
"d1e69e3fef48f82473be61d0e6fd6920",1.5,0.243635615894256
"d1e69e3fef48f82473be61d0e6fd6920",2,0.206432399002939
"d1e69e3fef48f82473be61d0e6fd6920",2.5,0.181355488037343
"d1e69e3fef48f82473be61d0e6fd6920",3,0.166411921186963
"d1e69e3fef48f82473be61d0e6fd6920",3.5,0.160227867431096
"d1e69e3fef48f82473be61d0e6fd6920",4,0.162195546796992
"d1e69e3fef48f82473be61d0e6fd6920",4.5,0.172510775688176
"d1e69e3fef48f82473be61d0e6fd6920",5,0.192162653357772
"d1e69e3fef48f82473be61d0e6fd6920",5.5,0.222855319972025
"d1e69e3fef48f82473be61d0e6fd6920",6,0.26676482208008
"d1e69e3fef48f82473be61d0e6fd6920",6.5,0.325996330505493
"d1e69e3fef48f82473be61d0e6fd6920",7,0.401675776198202
"d1e69e3fef48f82473be61d0e6fd6920",7.5,0.492801309979816
"d1e69e3fef48f82473be61d0e6fd6920",8,0.595144650279954
"d1e69e3fef48f82473be61d0e6fd6920",8.5,0.700633609141875
"d1e69e3fef48f82473be61d0e6fd6920",9,0.798257117086629
"d1e69e3fef48f82473be61d0e6fd6920",9.5,0.877737565952022
"d1e69e3fef48f82473be61d0e6fd6920",10,0.934221190151945
"f00d913ee9e8c83b0d84efac3ee32dcd",0,0.800363962158876
"f00d913ee9e8c83b0d84efac3ee32dcd",0.5,0.718405649255342
"f00d913ee9e8c83b0d84efac3ee32dcd",1,0.631557182475166
"f00d913ee9e8c83b0d84efac3ee32dcd",1.5,0.547785440841119
"f00d913ee9e8c83b0d84efac3ee32dcd",2,0.473126163391558
"f00d913ee9e8c83b0d84efac3ee32dcd",2.5,0.41083676903937
"f00d913ee9e8c83b0d84efac3ee32dcd",3,0.361811596897039
"f00d913ee9e8c83b0d84efac3ee32dcd",3.5,0.325510614252544
"f00d913ee9e8c83b0d84efac3ee32dcd",4,0.300827104766598
"f00d913ee9e8c83b0d84efac3ee32dcd",4.5,0.286677130424107
"f00d913ee9e8c83b0d84efac3ee32dcd",5,0.282324257362523
"f00d913ee9e8c83b0d84efac3ee32dcd",5.5,0.287525765893497
"f00d913ee9e8c83b0d84efac3ee32dcd",6,0.302570823190939
"f00d913ee9e8c83b0d84efac3ee32dcd",6.5,0.328234480381853
"f00d913ee9e8c83b0d84efac3ee32dcd",7,0.365619081927205
"f00d913ee9e8c83b0d84efac3ee32dcd",7.5,0.415809385172038
"f00d913ee9e8c83b0d84efac3ee32dcd",8,0.479256934443133
"f00d913ee9e8c83b0d84efac3ee32dcd",8.5,0.554893480757131
"f00d913ee9e8c83b0d84efac3ee32dcd",9,0.639219251988942
"f00d913ee9e8c83b0d84efac3ee32dcd",9.5,0.725970542334694
"f00d913ee9e8c83b0d84efac3ee32dcd",10,0.807103800298643
"e1ae010e46b575f4b788c89aae6caecb",0,0.018478952006106
"e1ae010e46b575f4b788c89aae6caecb",0.5,0.0292807672898688
"e1ae010e46b575f4b788c89aae6caecb",1,0.0441944821700904
"e1ae010e46b575f4b788c89aae6caecb",1.5,0.0635005624278666
"e1ae010e46b575f4b788c89aae6caecb",2,0.0868786217726755
"e1ae010e46b575f4b788c89aae6caecb",2.5,0.113322367898718
"e1ae010e46b575f4b788c89aae6caecb",3,0.141236767215288
"e1ae010e46b575f4b788c89aae6caecb",3.5,0.168685053302894
"e1ae010e46b575f4b788c89aae6caecb",4,0.193688610889935
"e1ae010e46b575f4b788c89aae6caecb",4.5,0.214481467975014
"e1ae010e46b575f4b788c89aae6caecb",5,0.229668313121577
"e1ae010e46b575f4b788c89aae6caecb",5.5,0.238288947637403
"e1ae010e46b575f4b788c89aae6caecb",6,0.23982421806883
"e1ae010e46b575f4b788c89aae6caecb",6.5,0.234183776213639
"e1ae010e46b575f4b788c89aae6caecb",7,0.221702720747527
"e1ae010e46b575f4b788c89aae6caecb",7.5,0.203152188721183
"e1ae010e46b575f4b788c89aae6caecb",8,0.179745630351345
"e1ae010e46b575f4b788c89aae6caecb",8.5,0.153104431945803
"e1ae010e46b575f4b788c89aae6caecb",9,0.125142635441865
"e1ae010e46b575f4b788c89aae6caecb",9.5,0.0978507220314224
"e1ae010e46b575f4b788c89aae6caecb",10,0.0730051350149076
"2a104a9587ad9ac5bd7ed4233490f238",0,0.255552064580835
"2a104a9587ad9ac5bd7ed4233490f238",0.5,0.21312520066795
"2a104a9587ad9ac5bd7ed4233490f238",1,0.179695827101888
"2a104a9587ad9ac5bd7ed4233490f238",1.5,0.153924550110606
"2a104a9587ad9ac5bd7ed4233490f238",2,0.134487893997796
"2a104a9587ad9ac5bd7ed4233490f238",2.5,0.120232358136209
"2a104a9587ad9ac5bd7ed4233490f238",3,0.110238356277786
"2a104a9587ad9ac5bd7ed4233490f238",3.5,0.103831011660456
"2a104a9587ad9ac5bd7ed4233490f238",4,0.100567514926249
"2a104a9587ad9ac5bd7ed4233490f238",4.5,0.100219997720518
"2a104a9587ad9ac5bd7ed4233490f238",5,0.102764119124248
"2a104a9587ad9ac5bd7ed4233490f238",5.5,0.108377744716769
"2a104a9587ad9ac5bd7ed4233490f238",6,0.117450147793769
"2a104a9587ad9ac5bd7ed4233490f238",6.5,0.130598421998655
"2a104a9587ad9ac5bd7ed4233490f238",7,0.148682564907697
"2a104a9587ad9ac5bd7ed4233490f238",7.5,0.172802673813797
"2a104a9587ad9ac5bd7ed4233490f238",8,0.204251142128369
"2a104a9587ad9ac5bd7ed4233490f238",8.5,0.244383788558415
"2a104a9587ad9ac5bd7ed4233490f238",9,0.294376776471957
"2a104a9587ad9ac5bd7ed4233490f238",9.5,0.354864784339123
"2a104a9587ad9ac5bd7ed4233490f238",10,0.425513918409945
"cb94f09500131226930954d0d220d195",0,0.838694450930314
"cb94f09500131226930954d0d220d195",0.5,0.856350799647275
"cb94f09500131226930954d0d220d195",1,0.866164680801253
"cb94f09500131226930954d0d220d195",1.5,0.869180699100946
"cb94f09500131226930954d0d220d195",2,0.865731320694543
"cb94f09500131226930954d0d220d195",2.5,0.855436729785628
"cb94f09500131226930954d0d220d195",3,0.837205458105681
"cb94f09500131226930954d0d220d195",3.5,0.809278788039147
"cb94f09500131226930954d0d220d195",4,0.769445884396574
"cb94f09500131226930954d0d220d195",4.5,0.715611516308892
"cb94f09500131226930954d0d220d195",5,0.646791344996054
"cb94f09500131226930954d0d220d195",5.5,0.564188907425123
"cb94f09500131226930954d0d220d195",6,0.471545125735454
"cb94f09500131226930954d0d220d195",6.5,0.374350360016026
"cb94f09500131226930954d0d220d195",7,0.278610892831059
"cb94f09500131226930954d0d220d195",7.5,0.190097315720925
"cb94f09500131226930954d0d220d195",8,0.115086653022609
"cb94f09500131226930954d0d220d195",8.5,0.0602706373757045
"cb94f09500131226930954d0d220d195",9,0.0273204887142351
"cb94f09500131226930954d0d220d195",9.5,0.0107741906444444
"cb94f09500131226930954d0d220d195",10,0.00370586143959425
"066b89e7d3f855ff1818b33aa6aa1693",0,0.0805727731295244
"066b89e7d3f855ff1818b33aa6aa1693",0.5,0.0944790144578321
"066b89e7d3f855ff1818b33aa6aa1693",1,0.110332728723105
"066b89e7d3f855ff1818b33aa6aa1693",1.5,0.128274415649911
"066b89e7d3f855ff1818b33aa6aa1693",2,0.148417544174061
"066b89e7d3f855ff1818b33aa6aa1693",2.5,0.170838277833003
"066b89e7d3f855ff1818b33aa6aa1693",3,0.195565575037367
"066b89e7d3f855ff1818b33aa6aa1693",3.5,0.222572721252158
"066b89e7d3f855ff1818b33aa6aa1693",4,0.25177138985853
"066b89e7d3f855ff1818b33aa6aa1693",4.5,0.283009175963857
"066b89e7d3f855ff1818b33aa6aa1693",5,0.316071194626686
"066b89e7d3f855ff1818b33aa6aa1693",5.5,0.350685831774399
"066b89e7d3f855ff1818b33aa6aa1693",6,0.38653418618377
"066b89e7d3f855ff1818b33aa6aa1693",6.5,0.423262273507613
"066b89e7d3f855ff1818b33aa6aa1693",7,0.460494789300039
"066b89e7d3f855ff1818b33aa6aa1693",7.5,0.497849198616236
"066b89e7d3f855ff1818b33aa6aa1693",8,0.534949108407828
"066b89e7d3f855ff1818b33aa6aa1693",8.5,0.571436195118569
"066b89e7d3f855ff1818b33aa6aa1693",9,0.606980289228238
"066b89e7d3f855ff1818b33aa6aa1693",9.5,0.641287469062697
"066b89e7d3f855ff1818b33aa6aa1693",10,0.674106149666582
"8efb64ad363d41fa9968fb1f2322bf3f",0,0.0875296972765824
"8efb64ad363d41fa9968fb1f2322bf3f",0.5,0.0958010069498911
"8efb64ad363d41fa9968fb1f2322bf3f",1,0.104335741914198
"8efb64ad363d41fa9968fb1f2322bf3f",1.5,0.113076947244962
"8efb64ad363d41fa9968fb1f2322bf3f",2,0.121962531902724
"8efb64ad363d41fa9968fb1f2322bf3f",2.5,0.130926365397404
"8efb64ad363d41fa9968fb1f2322bf3f",3,0.139899450853142
"8efb64ad363d41fa9968fb1f2322bf3f",3.5,0.148811125242412
"8efb64ad363d41fa9968fb1f2322bf3f",4,0.157590240194923
"8efb64ad363d41fa9968fb1f2322bf3f",4.5,0.166166282329024
"8efb64ad363d41fa9968fb1f2322bf3f",5,0.174470399730002
"8efb64ad363d41fa9968fb1f2322bf3f",5.5,0.182436310139916
"8efb64ad363d41fa9968fb1f2322bf3f",6,0.190001075769463
"8efb64ad363d41fa9968fb1f2322bf3f",6.5,0.197105738638778
"8efb64ad363d41fa9968fb1f2322bf3f",7,0.203695818407089
"8efb64ad363d41fa9968fb1f2322bf3f",7.5,0.209721681354835
"8efb64ad363d41fa9968fb1f2322bf3f",8,0.215138794315472
"8efb64ad363d41fa9968fb1f2322bf3f",8.5,0.219907880860033
"8efb64ad363d41fa9968fb1f2322bf3f",9,0.223994998985224
"8efb64ad363d41fa9968fb1f2322bf3f",9.5,0.227371560102903
"8efb64ad363d41fa9968fb1f2322bf3f",10,0.230014308482707
"f60b46d1e976e0fb1b76d6d7e0aa1e10",0,0.161999209612021
"f60b46d1e976e0fb1b76d6d7e0aa1e10",0.5,0.136916719641281
"f60b46d1e976e0fb1b76d6d7e0aa1e10",1,0.122900141018628
"f60b46d1e976e0fb1b76d6d7e0aa1e10",1.5,0.118012736541149
"f60b46d1e976e0fb1b76d6d7e0aa1e10",2,0.121526403707339
"f60b46d1e976e0fb1b76d6d7e0aa1e10",2.5,0.133967162470394
"f60b46d1e976e0fb1b76d6d7e0aa1e10",3,0.157086129677965
"f60b46d1e976e0fb1b76d6d7e0aa1e10",3.5,0.193611007742862
"f60b46d1e976e0fb1b76d6d7e0aa1e10",4,0.246277087026848
"f60b46d1e976e0fb1b76d6d7e0aa1e10",4.5,0.315513717281957
"f60b46d1e976e0fb1b76d6d7e0aa1e10",5,0.39633514748146
"f60b46d1e976e0fb1b76d6d7e0aa1e10",5.5,0.478348123300154
"f60b46d1e976e0fb1b76d6d7e0aa1e10",6,0.552919455600452
"f60b46d1e976e0fb1b76d6d7e0aa1e10",6.5,0.620451891010837
"f60b46d1e976e0fb1b76d6d7e0aa1e10",7,0.68848563424895
"f60b46d1e976e0fb1b76d6d7e0aa1e10",7.5,0.764888270858781
"f60b46d1e976e0fb1b76d6d7e0aa1e10",8,0.852167930207005
"f60b46d1e976e0fb1b76d6d7e0aa1e10",8.5,0.933590441179935
"f60b46d1e976e0fb1b76d6d7e0aa1e10",9,0.979665621710313
"f60b46d1e976e0fb1b76d6d7e0aa1e10",9.5,0.995222203029883
"f60b46d1e976e0fb1b76d6d7e0aa1e10",10,0.999038783866161
"5a356f1aad8d8f9e040920f50613d5aa",0,0.126816395381457
"5a356f1aad8d8f9e040920f50613d5aa",0.5,0.0985234598125975
"5a356f1aad8d8f9e040920f50613d5aa",1,0.0785080360958155
"5a356f1aad8d8f9e040920f50613d5aa",1.5,0.0644457147391183
"5a356f1aad8d8f9e040920f50613d5aa",2,0.0546619463911184
"5a356f1aad8d8f9e040920f50613d5aa",2.5,0.0480024731166281
"5a356f1aad8d8f9e040920f50613d5aa",3,0.0437019938448583
"5a356f1aad8d8f9e040920f50613d5aa",3.5,0.0412812121649186
"5a356f1aad8d8f9e040920f50613d5aa",4,0.0404772014029544
"5a356f1aad8d8f9e040920f50613d5aa",4.5,0.0412039118276494
"5a356f1aad8d8f9e040920f50613d5aa",5,0.0435390910146749
"5a356f1aad8d8f9e040920f50613d5aa",5.5,0.047736104505353
"5a356f1aad8d8f9e040920f50613d5aa",6,0.0542620298176865
"5a356f1aad8d8f9e040920f50613d5aa",6.5,0.0638656828385713
"5a356f1aad8d8f9e040920f50613d5aa",7,0.0776789031596624
"5a356f1aad8d8f9e040920f50613d5aa",7.5,0.0973468735780547
"5a356f1aad8d8f9e040920f50613d5aa",8,0.125159204358535
"5a356f1aad8d8f9e040920f50613d5aa",8.5,0.164099084140716
"5a356f1aad8d8f9e040920f50613d5aa",9,0.217634820423689
"5a356f1aad8d8f9e040920f50613d5aa",9.5,0.288978924819863
"5a356f1aad8d8f9e040920f50613d5aa",10,0.379569928822491
"c1cfc00fd93e08d820785c69d28773f4",0,0.107661007308738
"c1cfc00fd93e08d820785c69d28773f4",0.5,0.0853441651032192
"c1cfc00fd93e08d820785c69d28773f4",1,0.0692941138128504
"c1cfc00fd93e08d820785c69d28773f4",1.5,0.057799032808872
"c1cfc00fd93e08d820785c69d28773f4",2,0.0496296633608776
"c1cfc00fd93e08d820785c69d28773f4",2.5,0.0439305155058246
"c1cfc00fd93e08d820785c69d28773f4",3,0.0401235679058715
"c1cfc00fd93e08d820785c69d28773f4",3.5,0.037835487282031
"c1cfc00fd93e08d820785c69d28773f4",4,0.0368481411874859
"c1cfc00fd93e08d820785c69d28773f4",4.5,0.0370690655259829
"c1cfc00fd93e08d820785c69d28773f4",5,0.0385188572999887
"c1cfc00fd93e08d820785c69d28773f4",5.5,0.0413339862737915
"c1cfc00fd93e08d820785c69d28773f4",6,0.0457853720317278
"c1cfc00fd93e08d820785c69d28773f4",6.5,0.0523148619651087
"c1cfc00fd93e08d820785c69d28773f4",7,0.0615929726747222
"c1cfc00fd93e08d820785c69d28773f4",7.5,0.0746006668929638
"c1cfc00fd93e08d820785c69d28773f4",8,0.0927325479342264
"c1cfc00fd93e08d820785c69d28773f4",8.5,0.117902725699091
"c1cfc00fd93e08d820785c69d28773f4",9,0.152598702155846
"c1cfc00fd93e08d820785c69d28773f4",9.5,0.199766286116029
"c1cfc00fd93e08d820785c69d28773f4",10,0.262335142051899
"31500e9defef5397bf96bb3f6c46fd98",0,0.098757454151271
"31500e9defef5397bf96bb3f6c46fd98",0.5,0.107893746252905
"31500e9defef5397bf96bb3f6c46fd98",1,0.123623134734605
"31500e9defef5397bf96bb3f6c46fd98",1.5,0.147492844714293
"31500e9defef5397bf96bb3f6c46fd98",2,0.181288727171321
"31500e9defef5397bf96bb3f6c46fd98",2.5,0.226303912601452
"31500e9defef5397bf96bb3f6c46fd98",3,0.282119138107893
"31500e9defef5397bf96bb3f6c46fd98",3.5,0.345549228563459
"31500e9defef5397bf96bb3f6c46fd98",4,0.411248771774902
"31500e9defef5397bf96bb3f6c46fd98",4.5,0.474500964356816
"31500e9defef5397bf96bb3f6c46fd98",5,0.533500425097142
"31500e9defef5397bf96bb3f6c46fd98",5.5,0.588296162545647
"31500e9defef5397bf96bb3f6c46fd98",6,0.639483875425792
"31500e9defef5397bf96bb3f6c46fd98",6.5,0.691798011561951
"31500e9defef5397bf96bb3f6c46fd98",7,0.755072413145869
"31500e9defef5397bf96bb3f6c46fd98",7.5,0.833546998993836
"31500e9defef5397bf96bb3f6c46fd98",8,0.912552007583151
"31500e9defef5397bf96bb3f6c46fd98",8.5,0.965904843638744
"31500e9defef5397bf96bb3f6c46fd98",9,0.989512517785114
"31500e9defef5397bf96bb3f6c46fd98",9.5,0.997217880753606
"31500e9defef5397bf96bb3f6c46fd98",10,0.999329494016581
"cebc20bf1e507c64e529ecb7278ffde6",0,0.226273415306487
"cebc20bf1e507c64e529ecb7278ffde6",0.5,0.251899224265364
"cebc20bf1e507c64e529ecb7278ffde6",1,0.276309940871272
"cebc20bf1e507c64e529ecb7278ffde6",1.5,0.298921820120342
"cebc20bf1e507c64e529ecb7278ffde6",2,0.319238395807535
"cebc20bf1e507c64e529ecb7278ffde6",2.5,0.336857791728942
"cebc20bf1e507c64e529ecb7278ffde6",3,0.351469863534949
"cebc20bf1e507c64e529ecb7278ffde6",3.5,0.362846760220387
"cebc20bf1e507c64e529ecb7278ffde6",4,0.370830534812578
"cebc20bf1e507c64e529ecb7278ffde6",4.5,0.375320882054417
"cebc20bf1e507c64e529ecb7278ffde6",5,0.376265286712908
"cebc20bf1e507c64e529ecb7278ffde6",5.5,0.373653065123762
"cebc20bf1e507c64e529ecb7278ffde6",6,0.367514075623916
"cebc20bf1e507c64e529ecb7278ffde6",6.5,0.357922254943286
"cebc20bf1e507c64e529ecb7278ffde6",7,0.345003540823204
"cebc20bf1e507c64e529ecb7278ffde6",7.5,0.328947086783686
"cebc20bf1e507c64e529ecb7278ffde6",8,0.310017919044729
"cebc20bf1e507c64e529ecb7278ffde6",8.5,0.288568367304479
"cebc20bf1e507c64e529ecb7278ffde6",9,0.265044883071781
"cebc20bf1e507c64e529ecb7278ffde6",9.5,0.239986537665088
"cebc20bf1e507c64e529ecb7278ffde6",10,0.214011940731996
"e46ed935762c7d6b3a7d27f28f6fb4f2",0,0.220656948757779
"e46ed935762c7d6b3a7d27f28f6fb4f2",0.5,0.238254561085467
"e46ed935762c7d6b3a7d27f28f6fb4f2",1,0.25535434411661
"e46ed935762c7d6b3a7d27f28f6fb4f2",1.5,0.271746020218651
"e46ed935762c7d6b3a7d27f28f6fb4f2",2,0.28723734916762
"e46ed935762c7d6b3a7d27f28f6fb4f2",2.5,0.301656979454166
"e46ed935762c7d6b3a7d27f28f6fb4f2",3,0.314855825683944
"e46ed935762c7d6b3a7d27f28f6fb4f2",3.5,0.326707182795812
"e46ed935762c7d6b3a7d27f28f6fb4f2",4,0.33710585770555
"e46ed935762c7d6b3a7d27f28f6fb4f2",4.5,0.345966625239497
"e46ed935762c7d6b3a7d27f28f6fb4f2",5,0.353222307184058
"e46ed935762c7d6b3a7d27f28f6fb4f2",5.5,0.358821742159272
"e46ed935762c7d6b3a7d27f28f6fb4f2",6,0.362727870321966
"e46ed935762c7d6b3a7d27f28f6fb4f2",6.5,0.364916108847025
"e46ed935762c7d6b3a7d27f28f6fb4f2",7,0.365373147099031
"e46ed935762c7d6b3a7d27f28f6fb4f2",7.5,0.364096247009269
"e46ed935762c7d6b3a7d27f28f6fb4f2",8,0.361093094769226
"e46ed935762c7d6b3a7d27f28f6fb4f2",8.5,0.356382213298141
"e46ed935762c7d6b3a7d27f28f6fb4f2",9,0.349993908909493
"e46ed935762c7d6b3a7d27f28f6fb4f2",9.5,0.341971687874535
"e46ed935762c7d6b3a7d27f28f6fb4f2",10,0.332374037361692
"5e1e91ecc3954cf4532ec385d63e41ae",0,0.516904892728655
"5e1e91ecc3954cf4532ec385d63e41ae",0.5,0.501334680403698
"5e1e91ecc3954cf4532ec385d63e41ae",1,0.488508826340156
"5e1e91ecc3954cf4532ec385d63e41ae",1.5,0.478441122856122
"5e1e91ecc3954cf4532ec385d63e41ae",2,0.471129987284743
"5e1e91ecc3954cf4532ec385d63e41ae",2.5,0.466567423960183
"5e1e91ecc3954cf4532ec385d63e41ae",3,0.464745526600376
"5e1e91ecc3954cf4532ec385d63e41ae",3.5,0.465660512643737
"5e1e91ecc3954cf4532ec385d63e41ae",4,0.469314326346806
"5e1e91ecc3954cf4532ec385d63e41ae",4.5,0.47571383432478
"5e1e91ecc3954cf4532ec385d63e41ae",5,0.484867601002712
"5e1e91ecc3954cf4532ec385d63e41ae",5.5,0.496780206805576
"5e1e91ecc3954cf4532ec385d63e41ae",6,0.511444093868572
"5e1e91ecc3954cf4532ec385d63e41ae",6.5,0.528829028168156
"5e1e91ecc3954cf4532ec385d63e41ae",7,0.548869486457938
"5e1e91ecc3954cf4532ec385d63e41ae",7.5,0.571450633820986
"5e1e91ecc3954cf4532ec385d63e41ae",8,0.596394050092059
"5e1e91ecc3954cf4532ec385d63e41ae",8.5,0.623444942073121
"5e1e91ecc3954cf4532ec385d63e41ae",9,0.65226312886602
"5e1e91ecc3954cf4532ec385d63e41ae",9.5,0.682420422688206
"5e1e91ecc3954cf4532ec385d63e41ae",10,0.713406911194692
"4a2e6649fa55b59c2702fd8d47fab891",0,0.261339403778398
"4a2e6649fa55b59c2702fd8d47fab891",0.5,0.271680355935098
"4a2e6649fa55b59c2702fd8d47fab891",1,0.281727854970877
"4a2e6649fa55b59c2702fd8d47fab891",1.5,0.291440678120634
"4a2e6649fa55b59c2702fd8d47fab891",2,0.300780475331354
"4a2e6649fa55b59c2702fd8d47fab891",2.5,0.309711887151813
"4a2e6649fa55b59c2702fd8d47fab891",3,0.31820259560034
"4a2e6649fa55b59c2702fd8d47fab891",3.5,0.32622331568146
"4a2e6649fa55b59c2702fd8d47fab891",4,0.333747736226923
"4a2e6649fa55b59c2702fd8d47fab891",4.5,0.340752419260551
"4a2e6649fa55b59c2702fd8d47fab891",5,0.347216667193391
"4a2e6649fa55b59c2702fd8d47fab891",5.5,0.353122366921482
"4a2e6649fa55b59c2702fd8d47fab891",6,0.358453819401239
"4a2e6649fa55b59c2702fd8d47fab891",6.5,0.363197562593444
"4a2e6649fa55b59c2702fd8d47fab891",7,0.367342194864041
"4a2e6649fa55b59c2702fd8d47fab891",7.5,0.370878205066737
"4a2e6649fa55b59c2702fd8d47fab891",8,0.373797814654763
"4a2e6649fa55b59c2702fd8d47fab891",8.5,0.376094836311364
"4a2e6649fa55b59c2702fd8d47fab891",9,0.377764552772975
"4a2e6649fa55b59c2702fd8d47fab891",9.5,0.378803618757481
"4a2e6649fa55b59c2702fd8d47fab891",10,0.379209988205692
"1136a87304495f26cf134bbd699eee2d",0,0.201595407967155
"1136a87304495f26cf134bbd699eee2d",0.5,0.232931125544578
"1136a87304495f26cf134bbd699eee2d",1,0.263672245840338
"1136a87304495f26cf134bbd699eee2d",1.5,0.292827643710535
"1136a87304495f26cf134bbd699eee2d",2,0.319527957958197
"1136a87304495f26cf134bbd699eee2d",2.5,0.343062068764738
"1136a87304495f26cf134bbd699eee2d",3,0.362884875941827
"1136a87304495f26cf134bbd699eee2d",3.5,0.378603997299609
"1136a87304495f26cf134bbd699eee2d",4,0.389954961183208
"1136a87304495f26cf134bbd699eee2d",4.5,0.396773650074852
"1136a87304495f26cf134bbd699eee2d",5,0.39897260062078
"1136a87304495f26cf134bbd699eee2d",5.5,0.396525412426216
"1136a87304495f26cf134bbd699eee2d",6,0.389461521750452
"1136a87304495f26cf134bbd699eee2d",6.5,0.377872011917329
"1136a87304495f26cf134bbd699eee2d",7,0.361925711001155
"1136a87304495f26cf134bbd699eee2d",7.5,0.341893225531256
"1136a87304495f26cf134bbd699eee2d",8,0.318174538582112
"1136a87304495f26cf134bbd699eee2d",8.5,0.291323439049357
"1136a87304495f26cf134bbd699eee2d",9,0.262059935368031
"1136a87304495f26cf134bbd699eee2d",9.5,0.23126110153169
"1136a87304495f26cf134bbd699eee2d",10,0.199922942608683
"7ff94a4ff621cb44d7ff02f0550a7bad",0,0.379953353003725
"7ff94a4ff621cb44d7ff02f0550a7bad",0.5,0.380982924397938
"7ff94a4ff621cb44d7ff02f0550a7bad",1,0.38280178245789
"7ff94a4ff621cb44d7ff02f0550a7bad",1.5,0.38541402833319
"7ff94a4ff621cb44d7ff02f0550a7bad",2,0.388825372106527
"7ff94a4ff621cb44d7ff02f0550a7bad",2.5,0.393042949702264
"7ff94a4ff621cb44d7ff02f0550a7bad",3,0.398075078407646
"7ff94a4ff621cb44d7ff02f0550a7bad",3.5,0.403930946663949
"7ff94a4ff621cb44d7ff02f0550a7bad",4,0.410620233302267
"7ff94a4ff621cb44d7ff02f0550a7bad",4.5,0.418152651291865
"7ff94a4ff621cb44d7ff02f0550a7bad",5,0.42653741144961
"7ff94a4ff621cb44d7ff02f0550a7bad",5.5,0.435782602551759
"7ff94a4ff621cb44d7ff02f0550a7bad",6,0.445894486029667
"7ff94a4ff621cb44d7ff02f0550a7bad",6.5,0.456876706054168
"7ff94a4ff621cb44d7ff02f0550a7bad",7,0.468729419444152
"7ff94a4ff621cb44d7ff02f0550a7bad",7.5,0.481448354566096
"7ff94a4ff621cb44d7ff02f0550a7bad",8,0.495023814261243
"7ff94a4ff621cb44d7ff02f0550a7bad",8.5,0.509439644796981
"7ff94a4ff621cb44d7ff02f0550a7bad",9,0.524672200719633
"7ff94a4ff621cb44d7ff02f0550a7bad",9.5,0.540689343960835
"7ff94a4ff621cb44d7ff02f0550a7bad",10,0.557449524102998
"3d6522155416aeb020d4efcac39d6e06",0,0.37816113586652
"3d6522155416aeb020d4efcac39d6e06",0.5,0.363270278653138
"3d6522155416aeb020d4efcac39d6e06",1,0.350853834196644
"3d6522155416aeb020d4efcac39d6e06",1.5,0.340822906857515
"3d6522155416aeb020d4efcac39d6e06",2,0.333095041594051
"3d6522155416aeb020d4efcac39d6e06",2.5,0.327600393636396
"3d6522155416aeb020d4efcac39d6e06",3,0.324286030787313
"3d6522155416aeb020d4efcac39d6e06",3.5,0.323118733136156
"3d6522155416aeb020d4efcac39d6e06",4,0.324086572124459
"3d6522155416aeb020d4efcac39d6e06",4.5,0.327199446456501
"3d6522155416aeb020d4efcac39d6e06",5,0.332488638514466
"3d6522155416aeb020d4efcac39d6e06",5.5,0.340005338456321
"3d6522155416aeb020d4efcac39d6e06",6,0.34981796886396
"3d6522155416aeb020d4efcac39d6e06",6.5,0.362008037081721
"3d6522155416aeb020d4efcac39d6e06",7,0.376664156789024
"3d6522155416aeb020d4efcac39d6e06",7.5,0.393873835033328
"3d6522155416aeb020d4efcac39d6e06",8,0.413712647412995
"3d6522155416aeb020d4efcac39d6e06",8.5,0.436230565688469
"3d6522155416aeb020d4efcac39d6e06",9,0.461435509439801
"3d6522155416aeb020d4efcac39d6e06",9.5,0.4892747109645
"3d6522155416aeb020d4efcac39d6e06",10,0.519615223044038
"43cb0929c64206945852047bf76f7632",0,0.371931522469071
"43cb0929c64206945852047bf76f7632",0.5,0.368821832482075
"43cb0929c64206945852047bf76f7632",1,0.366503438772165
"43cb0929c64206945852047bf76f7632",1.5,0.364970286041945
"43cb0929c64206945852047bf76f7632",2,0.364218276496828
"43cb0929c64206945852047bf76f7632",2.5,0.364245373084695
"43cb0929c64206945852047bf76f7632",3,0.365051649514161
"43cb0929c64206945852047bf76f7632",3.5,0.366639288459455
"43cb0929c64206945852047bf76f7632",4,0.369012527900926
"43cb0929c64206945852047bf76f7632",4.5,0.372177554092783
"43cb0929c64206945852047bf76f7632",5,0.3761423382428
"43cb0929c64206945852047bf76f7632",5.5,0.380916412687649
"43cb0929c64206945852047bf76f7632",6,0.386510581218343
"43cb0929c64206945852047bf76f7632",6.5,0.392936557336703
"43cb0929c64206945852047bf76f7632",7,0.400206523710477
"43cb0929c64206945852047bf76f7632",7.5,0.408332606070133
"43cb0929c64206945852047bf76f7632",8,0.417326255409007
"43cb0929c64206945852047bf76f7632",8.5,0.427197533785725
"43cb0929c64206945852047bf76f7632",9,0.43795430147408
"43cb0929c64206945852047bf76f7632",9.5,0.449601306850638
"43cb0929c64206945852047bf76f7632",10,0.462139185419995
"679787619038813ca6346d70150b9e7d",0,0.488933242110059
"679787619038813ca6346d70150b9e7d",0.5,0.474309150209871
"679787619038813ca6346d70150b9e7d",1,0.462019486708144
"679787619038813ca6346d70150b9e7d",1.5,0.45205827178804
"679787619038813ca6346d70150b9e7d",2,0.4444105019486
"679787619038813ca6346d70150b9e7d",2.5,0.439058508406616
"679787619038813ca6346d70150b9e7d",3,0.435986762985404
"679787619038813ca6346d70150b9e7d",3.5,0.435185181524659
"679787619038813ca6346d70150b9e7d",4,0.436650992288309
"679787619038813ca6346d70150b9e7d",4.5,0.440389219860135
"679787619038813ca6346d70150b9e7d",5,0.446411799087887
"679787619038813ca6346d70150b9e7d",5.5,0.454735292881473
"679787619038813ca6346d70150b9e7d",6,0.465377155779316
"679787619038813ca6346d70150b9e7d",6.5,0.478350476615822
"679787619038813ca6346d70150b9e7d",7,0.49365716430738
"679787619038813ca6346d70150b9e7d",7.5,0.511279627779317
"679787619038813ca6346d70150b9e7d",8,0.531171160135798
"679787619038813ca6346d70150b9e7d",8.5,0.553245477587215
"679787619038813ca6346d70150b9e7d",9,0.577366179837342
"679787619038813ca6346d70150b9e7d",9.5,0.60333725969918
"679787619038813ca6346d70150b9e7d",10,0.630896129851899
"bf281eddc6db1f0ab5fcec2ae2a03adc",0,0.379337827064804
"bf281eddc6db1f0ab5fcec2ae2a03adc",0.5,0.368826555724162
"bf281eddc6db1f0ab5fcec2ae2a03adc",1,0.360379778209745
"bf281eddc6db1f0ab5fcec2ae2a03adc",1.5,0.353944778959439
"bf281eddc6db1f0ab5fcec2ae2a03adc",2,0.349477543699933
"bf281eddc6db1f0ab5fcec2ae2a03adc",2.5,0.346945587383055
"bf281eddc6db1f0ab5fcec2ae2a03adc",3,0.346329803967313
"bf281eddc6db1f0ab5fcec2ae2a03adc",3.5,0.347625471396916
"bf281eddc6db1f0ab5fcec2ae2a03adc",4,0.350842491133737
"bf281eddc6db1f0ab5fcec2ae2a03adc",4.5,0.356004881925322
"bf281eddc6db1f0ab5fcec2ae2a03adc",5,0.363149486564818
"bf281eddc6db1f0ab5fcec2ae2a03adc",5.5,0.372323792169061
"bf281eddc6db1f0ab5fcec2ae2a03adc",6,0.383582713904167
"bf281eddc6db1f0ab5fcec2ae2a03adc",6.5,0.39698415644441
"bf281eddc6db1f0ab5fcec2ae2a03adc",7,0.412583157677212
"bf281eddc6db1f0ab5fcec2ae2a03adc",7.5,0.430424450460647
"bf281eddc6db1f0ab5fcec2ae2a03adc",8,0.450533369605545
"bf281eddc6db1f0ab5fcec2ae2a03adc",8.5,0.472905202944086
"bf281eddc6db1f0ab5fcec2ae2a03adc",9,0.497493353092291
"bf281eddc6db1f0ab5fcec2ae2a03adc",9.5,0.524197041768089
"bf281eddc6db1f0ab5fcec2ae2a03adc",10,0.552849725212449
"021d794240d541d49cd1e2f48ae1abcd",0,0.300233897807204
"021d794240d541d49cd1e2f48ae1abcd",0.5,0.310117900250693
"021d794240d541d49cd1e2f48ae1abcd",1,0.319623920332115
"021d794240d541d49cd1e2f48ae1abcd",1.5,0.328719863757188
"021d794240d541d49cd1e2f48ae1abcd",2,0.337376578469534
"021d794240d541d49cd1e2f48ae1abcd",2.5,0.345567807310369
"021d794240d541d49cd1e2f48ae1abcd",3,0.353270097441116
"021d794240d541d49cd1e2f48ae1abcd",3.5,0.360462675095473
"021d794240d541d49cd1e2f48ae1abcd",4,0.367127294111986
"021d794240d541d49cd1e2f48ae1abcd",4.5,0.373248066320763
"021d794240d541d49cd1e2f48ae1abcd",5,0.378811281288483
"021d794240d541d49cd1e2f48ae1abcd",5.5,0.383805222228757
"021d794240d541d49cd1e2f48ae1abcd",6,0.388219984117263
"021d794240d541d49cd1e2f48ae1abcd",6.5,0.392047299259938
"021d794240d541d49cd1e2f48ae1abcd",7,0.39528037478361
"021d794240d541d49cd1e2f48ae1abcd",7.5,0.397913745779072
"021d794240d541d49cd1e2f48ae1abcd",8,0.399943147141974
"021d794240d541d49cd1e2f48ae1abcd",8.5,0.401365406536178
"021d794240d541d49cd1e2f48ae1abcd",9,0.402178360347868
"021d794240d541d49cd1e2f48ae1abcd",9.5,0.402380794001656
"021d794240d541d49cd1e2f48ae1abcd",10,0.401972407562971
"3280978ebc26b1ccaa2f9e0fa93a2ce9",0,0.571505617555937
"3280978ebc26b1ccaa2f9e0fa93a2ce9",0.5,0.549048686838082
"3280978ebc26b1ccaa2f9e0fa93a2ce9",1,0.52978311226973
"3280978ebc26b1ccaa2f9e0fa93a2ce9",1.5,0.513828158948238
"3280978ebc26b1ccaa2f9e0fa93a2ce9",2,0.501245629942938
"3280978ebc26b1ccaa2f9e0fa93a2ce9",2.5,0.492060336260431
"3280978ebc26b1ccaa2f9e0fa93a2ce9",3,0.486276989051387
"3280978ebc26b1ccaa2f9e0fa93a2ce9",3.5,0.483892742186588
"3280978ebc26b1ccaa2f9e0fa93a2ce9",4,0.484905114738352
"3280978ebc26b1ccaa2f9e0fa93a2ce9",4.5,0.489315253367432
"3280978ebc26b1ccaa2f9e0fa93a2ce9",5,0.49712654762883
"3280978ebc26b1ccaa2f9e0fa93a2ce9",5.5,0.508338590565712
"3280978ebc26b1ccaa2f9e0fa93a2ce9",6,0.522936487596823
"3280978ebc26b1ccaa2f9e0fa93a2ce9",6.5,0.540875663294883
"3280978ebc26b1ccaa2f9e0fa93a2ce9",7,0.562062697898864
"3280978ebc26b1ccaa2f9e0fa93a2ce9",7.5,0.5863334192853
"3280978ebc26b1ccaa2f9e0fa93a2ce9",8,0.61343049307485
"3280978ebc26b1ccaa2f9e0fa93a2ce9",8.5,0.642983978213172
"3280978ebc26b1ccaa2f9e0fa93a2ce9",9,0.674499441918553
"3280978ebc26b1ccaa2f9e0fa93a2ce9",9.5,0.70735874329017
"3280978ebc26b1ccaa2f9e0fa93a2ce9",10,0.740837878595228
"521567dde6d784c05c162157d34786e2",0,0.133556483455013
"521567dde6d784c05c162157d34786e2",0.5,0.181399744136596
"521567dde6d784c05c162157d34786e2",1,0.231926783719942
"521567dde6d784c05c162157d34786e2",1.5,0.280961376061744
"521567dde6d784c05c162157d34786e2",2,0.324783366482018
"521567dde6d784c05c162157d34786e2",2.5,0.360621631489947
"521567dde6d784c05c162157d34786e2",3,0.386704131751492
"521567dde6d784c05c162157d34786e2",3.5,0.402051753184597
"521567dde6d784c05c162157d34786e2",4,0.406216510991756
"521567dde6d784c05c162157d34786e2",4.5,0.399093537504525
"521567dde6d784c05c162157d34786e2",5,0.380866536238321
"521567dde6d784c05c162157d34786e2",5.5,0.352100215847604
"521567dde6d784c05c162157d34786e2",6,0.313955861652836
"521567dde6d784c05c162157d34786e2",6.5,0.268454358429404
"521567dde6d784c05c162157d34786e2",7,0.218636421003562
"521567dde6d784c05c162157d34786e2",7.5,0.168409881969714
"521567dde6d784c05c162157d34786e2",8,0.121930500187337
"521567dde6d784c05c162157d34786e2",8.5,0.0826266233553957
"521567dde6d784c05c162157d34786e2",9,0.0523257224521583
"521567dde6d784c05c162157d34786e2",9.5,0.0309981817533783
"521567dde6d784c05c162157d34786e2",10,0.0172249472369961
"8a1efcfc0a9e1d7dfb3ac35aeb2aa229",0,0.0941515136838692
"8a1efcfc0a9e1d7dfb3ac35aeb2aa229",0.5,0.142390019608026
"8a1efcfc0a9e1d7dfb3ac35aeb2aa229",1,0.198066982773635
"8a1efcfc0a9e1d7dfb3ac35aeb2aa229",1.5,0.255579371911107
"8a1efcfc0a9e1d7dfb3ac35aeb2aa229",2,0.309188156733548
"8a1efcfc0a9e1d7dfb3ac35aeb2aa229",2.5,0.354370238828701
"8a1efcfc0a9e1d7dfb3ac35aeb2aa229",3,0.388221147497886
"8a1efcfc0a9e1d7dfb3ac35aeb2aa229",3.5,0.40918547067041
"8a1efcfc0a9e1d7dfb3ac35aeb2aa229",4,0.416579272868455
"8a1efcfc0a9e1d7dfb3ac35aeb2aa229",4.5,0.410213059488657
"8a1efcfc0a9e1d7dfb3ac35aeb2aa229",5,0.390248370612066
"8a1efcfc0a9e1d7dfb3ac35aeb2aa229",5.5,0.35732153380855
"8a1efcfc0a9e1d7dfb3ac35aeb2aa229",6,0.312906144934942
"8a1efcfc0a9e1d7dfb3ac35aeb2aa229",6.5,0.259791249812206
"8a1efcfc0a9e1d7dfb3ac35aeb2aa229",7,0.202381611397327
"8a1efcfc0a9e1d7dfb3ac35aeb2aa229",7.5,0.146360733992515
"8a1efcfc0a9e1d7dfb3ac35aeb2aa229",8,0.0974052115901826
"8a1efcfc0a9e1d7dfb3ac35aeb2aa229",8.5,0.059370990064758
"8a1efcfc0a9e1d7dfb3ac35aeb2aa229",9,0.0331450237256258
"8a1efcfc0a9e1d7dfb3ac35aeb2aa229",9.5,0.0170119694364289
"8a1efcfc0a9e1d7dfb3ac35aeb2aa229",10,0.008070052268969
"cb9920cbbcbc19d02460d4fcc02a251a",0,0.523737724941022
"cb9920cbbcbc19d02460d4fcc02a251a",0.5,0.453484175939123
"cb9920cbbcbc19d02460d4fcc02a251a",1,0.390039511187929
"cb9920cbbcbc19d02460d4fcc02a251a",1.5,0.334697163947207
"cb9920cbbcbc19d02460d4fcc02a251a",2,0.287777614718017
"cb9920cbbcbc19d02460d4fcc02a251a",2.5,0.248917702631786
"cb9920cbbcbc19d02460d4fcc02a251a",3,0.217364050998838
"cb9920cbbcbc19d02460d4fcc02a251a",3.5,0.192207344260694
"cb9920cbbcbc19d02460d4fcc02a251a",4,0.172540794654474
"cb9920cbbcbc19d02460d4fcc02a251a",4.5,0.157552239327601
"cb9920cbbcbc19d02460d4fcc02a251a",5,0.146568543849465
"cb9920cbbcbc19d02460d4fcc02a251a",5.5,0.13907066463239
"cb9920cbbcbc19d02460d4fcc02a251a",6,0.13469360522531
"cb9920cbbcbc19d02460d4fcc02a251a",6.5,0.133220853488163
"cb9920cbbcbc19d02460d4fcc02a251a",7,0.134579051882415
"cb9920cbbcbc19d02460d4fcc02a251a",7.5,0.138835860827325
"cb9920cbbcbc19d02460d4fcc02a251a",8,0.146201935333031
"cb9920cbbcbc19d02460d4fcc02a251a",8.5,0.157036167701418
"cb9920cbbcbc19d02460d4fcc02a251a",9,0.171851330215136
"cb9920cbbcbc19d02460d4fcc02a251a",9.5,0.19131449742131
"cb9920cbbcbc19d02460d4fcc02a251a",10,0.21623283547239
"59512dff68b01c30ea701a2eb2898cae",0,0.255841425082196
"59512dff68b01c30ea701a2eb2898cae",0.5,0.346456842571055
"59512dff68b01c30ea701a2eb2898cae",1,0.432537116273844
"59512dff68b01c30ea701a2eb2898cae",1.5,0.507209197437446
"59512dff68b01c30ea701a2eb2898cae",2,0.566864800719948
"59512dff68b01c30ea701a2eb2898cae",2.5,0.610411831823683
"59512dff68b01c30ea701a2eb2898cae",3,0.638153312466504
"59512dff68b01c30ea701a2eb2898cae",3.5,0.65079894212925
"59512dff68b01c30ea701a2eb2898cae",4,0.648811037801663
"59512dff68b01c30ea701a2eb2898cae",4.5,0.632111067275212
"59512dff68b01c30ea701a2eb2898cae",5,0.6001253326819
"59512dff68b01c30ea701a2eb2898cae",5.5,0.552174744163144
"59512dff68b01c30ea701a2eb2898cae",6,0.488227534142581
"59512dff68b01c30ea701a2eb2898cae",6.5,0.409954697101129
"59512dff68b01c30ea701a2eb2898cae",7,0.321814236442938
"59512dff68b01c30ea701a2eb2898cae",7.5,0.231566672501253
"59512dff68b01c30ea701a2eb2898cae",8,0.149365410149354
"59512dff68b01c30ea701a2eb2898cae",8.5,0.084679156471846
"59512dff68b01c30ea701a2eb2898cae",9,0.0418395444939102
"59512dff68b01c30ea701a2eb2898cae",9.5,0.0181463848488624
"59512dff68b01c30ea701a2eb2898cae",10,0.00702421727990609
"1a5c4c690bf50a51d87a34d73ca57c54",0,0.121345314051298
"1a5c4c690bf50a51d87a34d73ca57c54",0.5,0.174681538808446
"1a5c4c690bf50a51d87a34d73ca57c54",1,0.232519267076151
"1a5c4c690bf50a51d87a34d73ca57c54",1.5,0.28915177317421
"1a5c4c690bf50a51d87a34d73ca57c54",2,0.33954211521685
"1a5c4c690bf50a51d87a34d73ca57c54",2.5,0.380104579090511
"1a5c4c690bf50a51d87a34d73ca57c54",3,0.408711597919795
"1a5c4c690bf50a51d87a34d73ca57c54",3.5,0.424305703033717
"1a5c4c690bf50a51d87a34d73ca57c54",4,0.426470163405502
"1a5c4c690bf50a51d87a34d73ca57c54",4.5,0.415156154211774
"1a5c4c690bf50a51d87a34d73ca57c54",5,0.390643210889989
"1a5c4c690bf50a51d87a34d73ca57c54",5.5,0.353741609206606
"1a5c4c690bf50a51d87a34d73ca57c54",6,0.306185996323726
"1a5c4c690bf50a51d87a34d73ca57c54",6.5,0.251068003921171
"1a5c4c690bf50a51d87a34d73ca57c54",7,0.193001666156486
"1a5c4c690bf50a51d87a34d73ca57c54",7.5,0.137618770156152
"1a5c4c690bf50a51d87a34d73ca57c54",8,0.0902210782534622
"1a5c4c690bf50a51d87a34d73ca57c54",8.5,0.0541088324841033
"1a5c4c690bf50a51d87a34d73ca57c54",9,0.0296799918320584
"1a5c4c690bf50a51d87a34d73ca57c54",9.5,0.0149476396149317
"1a5c4c690bf50a51d87a34d73ca57c54",10,0.00695163237613818
"8df30188c9b5743645cb5f1d902bfa89",0,0.781743011053746
"8df30188c9b5743645cb5f1d902bfa89",0.5,0.725734836219668
"8df30188c9b5743645cb5f1d902bfa89",1,0.672912757435059
"8df30188c9b5743645cb5f1d902bfa89",1.5,0.626777868433551
"8df30188c9b5743645cb5f1d902bfa89",2,0.589672680838463
"8df30188c9b5743645cb5f1d902bfa89",2.5,0.56293109858043
"8df30188c9b5743645cb5f1d902bfa89",3,0.547193145080189
"8df30188c9b5743645cb5f1d902bfa89",3.5,0.542706758945444
"8df30188c9b5743645cb5f1d902bfa89",4,0.549525001116218
"8df30188c9b5743645cb5f1d902bfa89",4.5,0.567564138780504
"8df30188c9b5743645cb5f1d902bfa89",5,0.596515658972319
"8df30188c9b5743645cb5f1d902bfa89",5.5,0.635623287264985
"8df30188c9b5743645cb5f1d902bfa89",6,0.683368474464786
"8df30188c9b5743645cb5f1d902bfa89",6.5,0.737172124667781
"8df30188c9b5743645cb5f1d902bfa89",7,0.79330812992073
"8df30188c9b5743645cb5f1d902bfa89",7.5,0.847267645693603
"8df30188c9b5743645cb5f1d902bfa89",8,0.894677862039935
"8df30188c9b5743645cb5f1d902bfa89",8.5,0.932493824678374
"8df30188c9b5743645cb5f1d902bfa89",9,0.959801108642865
"8df30188c9b5743645cb5f1d902bfa89",9.5,0.977700563653772
"8df30188c9b5743645cb5f1d902bfa89",10,0.988426725037097
"5a7b2c8f60952c48090821944ed1c883",0,0.658064657191944
"5a7b2c8f60952c48090821944ed1c883",0.5,0.624928160097345
"5a7b2c8f60952c48090821944ed1c883",1,0.595931628130325
"5a7b2c8f60952c48090821944ed1c883",1.5,0.571669818783316
"5a7b2c8f60952c48090821944ed1c883",2,0.552514900706343
"5a7b2c8f60952c48090821944ed1c883",2.5,0.538675928450237
"5a7b2c8f60952c48090821944ed1c883",3,0.530256157113505
"5a7b2c8f60952c48090821944ed1c883",3.5,0.527298539054488
"5a7b2c8f60952c48090821944ed1c883",4,0.529814574582927
"5a7b2c8f60952c48090821944ed1c883",4.5,0.537794599064454
"5a7b2c8f60952c48090821944ed1c883",5,0.551199027348497
"5a7b2c8f60952c48090821944ed1c883",5.5,0.569930956548808
"5a7b2c8f60952c48090821944ed1c883",6,0.593791884513061
"5a7b2c8f60952c48090821944ed1c883",6.5,0.622425067060047
"5a7b2c8f60952c48090821944ed1c883",7,0.655255716029302
"5a7b2c8f60952c48090821944ed1c883",7.5,0.691443320320702
"5a7b2c8f60952c48090821944ed1c883",8,0.729866619172173
"5a7b2c8f60952c48090821944ed1c883",8.5,0.76916205435971
"5a7b2c8f60952c48090821944ed1c883",9,0.807827361850927
"5a7b2c8f60952c48090821944ed1c883",9.5,0.844382067811837
"5a7b2c8f60952c48090821944ed1c883",10,0.877551964703696
"97b487951add6437f06cbc26f4609a7e",0,0.283874763053682
"97b487951add6437f06cbc26f4609a7e",0.5,0.238543845508245
"97b487951add6437f06cbc26f4609a7e",1,0.204708511655245
"97b487951add6437f06cbc26f4609a7e",1.5,0.180433645672072
"97b487951add6437f06cbc26f4609a7e",2,0.164034762635959
"97b487951add6437f06cbc26f4609a7e",2.5,0.154251399275499
"97b487951add6437f06cbc26f4609a7e",3,0.150291424359789
"97b487951add6437f06cbc26f4609a7e",3.5,0.151826808940441
"97b487951add6437f06cbc26f4609a7e",4,0.158985208762552
"97b487951add6437f06cbc26f4609a7e",4.5,0.172353688982814
"97b487951add6437f06cbc26f4609a7e",5,0.192988394439187
"97b487951add6437f06cbc26f4609a7e",5.5,0.222399175252528
"97b487951add6437f06cbc26f4609a7e",6,0.262445186159925
"97b487951add6437f06cbc26f4609a7e",6.5,0.315041096350996
"97b487951add6437f06cbc26f4609a7e",7,0.381564154120334
"97b487951add6437f06cbc26f4609a7e",7.5,0.461934720555702
"97b487951add6437f06cbc26f4609a7e",8,0.553579534981845
"97b487951add6437f06cbc26f4609a7e",8.5,0.650827005651152
"97b487951add6437f06cbc26f4609a7e",9,0.745457617659131
"97b487951add6437f06cbc26f4609a7e",9.5,0.828744821102923
"97b487951add6437f06cbc26f4609a7e",10,0.89430379816197
"47def0952e6ec6a7857cd19bdcf3d509",0,0.276983967761063
"47def0952e6ec6a7857cd19bdcf3d509",0.5,0.235226527915305
"47def0952e6ec6a7857cd19bdcf3d509",1,0.205160180138203
"47def0952e6ec6a7857cd19bdcf3d509",1.5,0.185003384821247
"47def0952e6ec6a7857cd19bdcf3d509",2,0.173284773017355
"47def0952e6ec6a7857cd19bdcf3d509",2.5,0.169053148937823
"47def0952e6ec6a7857cd19bdcf3d509",3,0.17194884340896
"47def0952e6ec6a7857cd19bdcf3d509",3.5,0.18221887669018
"47def0952e6ec6a7857cd19bdcf3d509",4,0.200707217378975
"47def0952e6ec6a7857cd19bdcf3d509",4.5,0.228798687662311
"47def0952e6ec6a7857cd19bdcf3d509",5,0.268242970948382
"47def0952e6ec6a7857cd19bdcf3d509",5.5,0.320749787960016
"47def0952e6ec6a7857cd19bdcf3d509",6,0.387286424438379
"47def0952e6ec6a7857cd19bdcf3d509",6.5,0.467206846676612
"47def0952e6ec6a7857cd19bdcf3d509",7,0.557645819244198
"47def0952e6ec6a7857cd19bdcf3d509",7.5,0.653613449285561
"47def0952e6ec6a7857cd19bdcf3d509",8,0.74850870626724
"47def0952e6ec6a7857cd19bdcf3d509",8.5,0.834351601757094
"47def0952e6ec6a7857cd19bdcf3d509",9,0.902908628776319
"47def0952e6ec6a7857cd19bdcf3d509",9.5,0.949616303265469
"47def0952e6ec6a7857cd19bdcf3d509",10,0.976579031497319
"6825c0116d4b4b8464cf4e648e3b5b1d",0,0.0427340383737399
"6825c0116d4b4b8464cf4e648e3b5b1d",0.5,0.0497165391730903
"6825c0116d4b4b8464cf4e648e3b5b1d",1,0.0569574420765199
"6825c0116d4b4b8464cf4e648e3b5b1d",1.5,0.0642703257243108
"6825c0116d4b4b8464cf4e648e3b5b1d",2,0.0714467049481497
"6825c0116d4b4b8464cf4e648e3b5b1d",2.5,0.0782664416498214
"6825c0116d4b4b8464cf4e648e3b5b1d",3,0.0845091581643259
"6825c0116d4b4b8464cf4e648e3b5b1d",3.5,0.0899656748183577
"6825c0116d4b4b8464cf4e648e3b5b1d",4,0.0944486212264754
"6825c0116d4b4b8464cf4e648e3b5b1d",4.5,0.0978015907932512
"6825c0116d4b4b8464cf4e648e3b5b1d",5,0.0999064516377494
"6825c0116d4b4b8464cf4e648e3b5b1d",5.5,0.100688635376078
"6825c0116d4b4b8464cf4e648e3b5b1d",6,0.100120362066804
"6825c0116d4b4b8464cf4e648e3b5b1d",6.5,0.0982218179759374
"6825c0116d4b4b8464cf4e648e3b5b1d",7,0.0950603010548328
"6825c0116d4b4b8464cf4e648e3b5b1d",7.5,0.0907473228369214
"6825c0116d4b4b8464cf4e648e3b5b1d",8,0.085433647127552
"6825c0116d4b4b8464cf4e648e3b5b1d",8.5,0.0793022928711303
"6825c0116d4b4b8464cf4e648e3b5b1d",9,0.072559652723476
"6825c0116d4b4b8464cf4e648e3b5b1d",9.5,0.0654250774082516
"6825c0116d4b4b8464cf4e648e3b5b1d",10,0.0581195175245447
"2c25e0887db42a1326da9a176ff639df",0,0.0129841286407388
"2c25e0887db42a1326da9a176ff639df",0.5,0.0188521111061145
"2c25e0887db42a1326da9a176ff639df",1,0.0263711895614951
"2c25e0887db42a1326da9a176ff639df",1.5,0.0355391950403483
"2c25e0887db42a1326da9a176ff639df",2,0.0461518283741556
"2c25e0887db42a1326da9a176ff639df",2.5,0.0577823524384958
"2c25e0887db42a1326da9a176ff639df",3,0.0698022865725181
"2c25e0887db42a1326da9a176ff639df",3.5,0.0814421601317563
"2c25e0887db42a1326da9a176ff639df",4,0.0918794682419424
"2c25e0887db42a1326da9a176ff639df",4.5,0.100334824497889
"2c25e0887db42a1326da9a176ff639df",5,0.106158794058507
"2c25e0887db42a1326da9a176ff639df",5.5,0.108898444452935
"2c25e0887db42a1326da9a176ff639df",6,0.108339769073445
"2c25e0887db42a1326da9a176ff639df",6.5,0.104526443173082
"2c25e0887db42a1326da9a176ff639df",7,0.0977560666491544
"2c25e0887db42a1326da9a176ff639df",7.5,0.0885536084750797
"2c25e0887db42a1326da9a176ff639df",8,0.0776207847084383
"2c25e0887db42a1326da9a176ff639df",8.5,0.0657619390748244
"2c25e0887db42a1326da9a176ff639df",9,0.0537924706421288
"2c25e0887db42a1326da9a176ff639df",9.5,0.042443264062601
"2c25e0887db42a1326da9a176ff639df",10,0.0322799055727863
"353c3a68d04d27cf753f4d2f7820ac24",0,0.230126762524592
"353c3a68d04d27cf753f4d2f7820ac24",0.5,0.186744804882518
"353c3a68d04d27cf753f4d2f7820ac24",1,0.15228918248111
"353c3a68d04d27cf753f4d2f7820ac24",1.5,0.125320200258297
"353c3a68d04d27cf753f4d2f7820ac24",2,0.104423827336946
"353c3a68d04d27cf753f4d2f7820ac24",2.5,0.0883498401036808
"353c3a68d04d27cf753f4d2f7820ac24",3,0.0760634593394348
"353c3a68d04d27cf753f4d2f7820ac24",3.5,0.0667457266006543
"353c3a68d04d27cf753f4d2f7820ac24",4,0.0597695307910319
"353c3a68d04d27cf753f4d2f7820ac24",4.5,0.0546681186751188
"353c3a68d04d27cf753f4d2f7820ac24",5,0.05110498728869
"353c3a68d04d27cf753f4d2f7820ac24",5.5,0.0488490317739227
"353c3a68d04d27cf753f4d2f7820ac24",6,0.0477561341504272
"353c3a68d04d27cf753f4d2f7820ac24",6.5,0.0477571966018021
"353c3a68d04d27cf753f4d2f7820ac24",7,0.0488522860552524
"353c3a68d04d27cf753f4d2f7820ac24",7.5,0.051110639887545
"353c3a68d04d27cf753f4d2f7820ac24",8,0.054676533027912
"353c3a68d04d27cf753f4d2f7820ac24",8.5,0.0597812570141219
"353c3a68d04d27cf753f4d2f7820ac24",9,0.0667615440798991
"353c3a68d04d27cf753f4d2f7820ac24",9.5,0.0760844313774025
"353c3a68d04d27cf753f4d2f7820ac24",10,0.0883773762789729
"c4c23479a122e43e8f4e924d622b1843",0,0.375731476962803
"c4c23479a122e43e8f4e924d622b1843",0.5,0.375779112152385
"c4c23479a122e43e8f4e924d622b1843",1,0.374674455436286
"c4c23479a122e43e8f4e924d622b1843",1.5,0.372421496699191
"c4c23479a122e43e8f4e924d622b1843",2,0.369028544811492
"c4c23479a122e43e8f4e924d622b1843",2.5,0.364508545030649
"c4c23479a122e43e8f4e924d622b1843",3,0.358879543377616
"c4c23479a122e43e8f4e924d622b1843",3.5,0.352165278784243
"c4c23479a122e43e8f4e924d622b1843",4,0.344395876087861
"c4c23479a122e43e8f4e924d622b1843",4.5,0.335608604458824
"c4c23479a122e43e8f4e924d622b1843",5,0.325848656768941
"c4c23479a122e43e8f4e924d622b1843",5.5,0.315169896180906
"c4c23479a122e43e8f4e924d622b1843",6,0.303635507588419
"c4c23479a122e43e8f4e924d622b1843",6.5,0.291318484488122
"c4c23479a122e43e8f4e924d622b1843",7,0.278301877704509
"c4c23479a122e43e8f4e924d622b1843",7.5,0.264678732571605
"c4c23479a122e43e8f4e924d622b1843",8,0.250551647154446
"c4c23479a122e43e8f4e924d622b1843",8.5,0.236031897084973
"c4c23479a122e43e8f4e924d622b1843",9,0.221238093270297
"c4c23479a122e43e8f4e924d622b1843",9.5,0.206294366943999
"c4c23479a122e43e8f4e924d622b1843",10,0.191328110999304
"25f19e50ee29351324c839e40525a96b",0,0.193701717489688
"25f19e50ee29351324c839e40525a96b",0.5,0.217155008704071
"25f19e50ee29351324c839e40525a96b",1,0.240423733531274
"25f19e50ee29351324c839e40525a96b",1.5,0.263050478361908
"25f19e50ee29351324c839e40525a96b",2,0.28460957063318
"25f19e50ee29351324c839e40525a96b",2.5,0.304721527249296
"25f19e50ee29351324c839e40525a96b",3,0.32306120647526
"25f19e50ee29351324c839e40525a96b",3.5,0.33936024975921
"25f19e50ee29351324c839e40525a96b",4,0.35340502226559
"25f19e50ee29351324c839e40525a96b",4.5,0.365031527665465
"25f19e50ee29351324c839e40525a96b",5,0.374118756975164
"25f19e50ee29351324c839e40525a96b",5.5,0.380581737948203
"25f19e50ee29351324c839e40525a96b",6,0.384365278859541
"25f19e50ee29351324c839e40525a96b",6.5,0.385439119220632
"25f19e50ee29351324c839e40525a96b",7,0.383794948332422
"25f19e50ee29351324c839e40525a96b",7.5,0.379445540854968
"25f19e50ee29351324c839e40525a96b",8,0.372426077117908
"25f19e50ee29351324c839e40525a96b",8.5,0.362797543928656
"25f19e50ee29351324c839e40525a96b",9,0.350651925300648
"25f19e50ee29351324c839e40525a96b",9.5,0.336118672684943
"25f19e50ee29351324c839e40525a96b",10,0.319371684751102
"54b2db02d2f8eaebeaf2ffabfac36fcd",0,0.425086983579517
"54b2db02d2f8eaebeaf2ffabfac36fcd",0.5,0.435475335368052
"54b2db02d2f8eaebeaf2ffabfac36fcd",1,0.445554111316944
"54b2db02d2f8eaebeaf2ffabfac36fcd",1.5,0.455310095958437
"54b2db02d2f8eaebeaf2ffabfac36fcd",2,0.464731794034007
"54b2db02d2f8eaebeaf2ffabfac36fcd",2.5,0.473809340527004
"54b2db02d2f8eaebeaf2ffabfac36fcd",3,0.482534399865083
"54b2db02d2f8eaebeaf2ffabfac36fcd",3.5,0.490900057107815
"54b2db02d2f8eaebeaf2ffabfac36fcd",4,0.498900703707678
"54b2db02d2f8eaebeaf2ffabfac36fcd",4.5,0.506531920175828
"54b2db02d2f8eaebeaf2ffabfac36fcd",5,0.513790357711967
"54b2db02d2f8eaebeaf2ffabfac36fcd",5.5,0.520673620580406
"54b2db02d2f8eaebeaf2ffabfac36fcd",6,0.52718015074224
"54b2db02d2f8eaebeaf2ffabfac36fcd",6.5,0.533309115993401
"54b2db02d2f8eaebeaf2ffabfac36fcd",7,0.539060302615776
"54b2db02d2f8eaebeaf2ffabfac36fcd",7.5,0.544434013327246
"54b2db02d2f8eaebeaf2ffabfac36fcd",8,0.549430971119174
"54b2db02d2f8eaebeaf2ffabfac36fcd",8.5,0.554052229397256
"54b2db02d2f8eaebeaf2ffabfac36fcd",9,0.558299088694051
"54b2db02d2f8eaebeaf2ffabfac36fcd",9.5,0.562173020098453
"54b2db02d2f8eaebeaf2ffabfac36fcd",10,0.565675595447379
"5feddf4858eca0a19fb5872a83288aa5",0,0.244505291879102
"5feddf4858eca0a19fb5872a83288aa5",0.5,0.251054926155827
"5feddf4858eca0a19fb5872a83288aa5",1,0.257828952096363
"5feddf4858eca0a19fb5872a83288aa5",1.5,0.264831796935034
"5feddf4858eca0a19fb5872a83288aa5",2,0.272067650476424
"5feddf4858eca0a19fb5872a83288aa5",2.5,0.279540423770611
"5feddf4858eca0a19fb5872a83288aa5",3,0.28725370523923
"5feddf4858eca0a19fb5872a83288aa5",3.5,0.29521071435958
"5feddf4858eca0a19fb5872a83288aa5",4,0.303414253062712
"5feddf4858eca0a19fb5872a83288aa5",4.5,0.311866655054853
"5feddf4858eca0a19fb5872a83288aa5",5,0.32056973333065
"5feddf4858eca0a19fb5872a83288aa5",5.5,0.329524726209527
"5feddf4858eca0a19fb5872a83288aa5",6,0.338732242294182
"5feddf4858eca0a19fb5872a83288aa5",6.5,0.348192204820604
"5feddf4858eca0a19fb5872a83288aa5",7,0.357903795941487
"5feddf4858eca0a19fb5872a83288aa5",7.5,0.367865401558365
"5feddf4858eca0a19fb5872a83288aa5",8,0.378074557389954
"5feddf4858eca0a19fb5872a83288aa5",8.5,0.388527897034016
"5feddf4858eca0a19fb5872a83288aa5",9,0.399221102844428
"5feddf4858eca0a19fb5872a83288aa5",9.5,0.410148860502349
"5feddf4858eca0a19fb5872a83288aa5",10,0.4213048182078
"aa3f87b0785a6f9d1719241f05f0f6f8",0,0.141489924819801
"aa3f87b0785a6f9d1719241f05f0f6f8",0.5,0.162903004134117
"aa3f87b0785a6f9d1719241f05f0f6f8",1,0.185721086410487
"aa3f87b0785a6f9d1719241f05f0f6f8",1.5,0.209704896999143
"aa3f87b0785a6f9d1719241f05f0f6f8",2,0.234578395478503
"aa3f87b0785a6f9d1719241f05f0f6f8",2.5,0.260041606247376
"aa3f87b0785a6f9d1719241f05f0f6f8",3,0.28578414988583
"aa3f87b0785a6f9d1719241f05f0f6f8",3.5,0.311498203199519
"aa3f87b0785a6f9d1719241f05f0f6f8",4,0.336889859661447
"aa3f87b0785a6f9d1719241f05f0f6f8",4.5,0.361688202219631
"aa3f87b0785a6f9d1719241f05f0f6f8",5,0.385651758506239
"aa3f87b0785a6f9d1719241f05f0f6f8",5.5,0.408572324603235
"aa3f87b0785a6f9d1719241f05f0f6f8",6,0.430276383823418
"aa3f87b0785a6f9d1719241f05f0f6f8",6.5,0.45062450118339
"aa3f87b0785a6f9d1719241f05f0f6f8",7,0.469509148798659
"aa3f87b0785a6f9d1719241f05f0f6f8",7.5,0.486851427896099
"aa3f87b0785a6f9d1719241f05f0f6f8",8,0.502597118231326
"aa3f87b0785a6f9d1719241f05f0f6f8",8.5,0.516712423363247
"aa3f87b0785a6f9d1719241f05f0f6f8",9,0.529179705555156
"aa3f87b0785a6f9d1719241f05f0f6f8",9.5,0.539993428442575
"aa3f87b0785a6f9d1719241f05f0f6f8",10,0.549156456743343
"cd0f803a7ce00be28ceb482bd6b7100f",0,0.35682030708647
"cd0f803a7ce00be28ceb482bd6b7100f",0.5,0.386499812866298
"cd0f803a7ce00be28ceb482bd6b7100f",1,0.414885704276042
"cd0f803a7ce00be28ceb482bd6b7100f",1.5,0.441658726594776
"cd0f803a7ce00be28ceb482bd6b7100f",2,0.466570551811204
"cd0f803a7ce00be28ceb482bd6b7100f",2.5,0.489440169132638
"cd0f803a7ce00be28ceb482bd6b7100f",3,0.510146326741728
"cd0f803a7ce00be28ceb482bd6b7100f",3.5,0.52861768042956
"cd0f803a7ce00be28ceb482bd6b7100f",4,0.544822062785806
"cd0f803a7ce00be28ceb482bd6b7100f",4.5,0.558755938950379
"cd0f803a7ce00be28ceb482bd6b7100f",5,0.570434756980468
"cd0f803a7ce00be28ceb482bd6b7100f",5.5,0.579884591859187
"cd0f803a7ce00be28ceb482bd6b7100f",6,0.587135248689061
"cd0f803a7ce00be28ceb482bd6b7100f",6.5,0.592214836162922
"cd0f803a7ce00be28ceb482bd6b7100f",7,0.595145736296421
"cd0f803a7ce00be28ceb482bd6b7100f",7.5,0.595941865550326
"cd0f803a7ce00be28ceb482bd6b7100f",8,0.59460713025474
"cd0f803a7ce00be28ceb482bd6b7100f",8.5,0.591135011859047
"cd0f803a7ce00be28ceb482bd6b7100f",9,0.585509263457015
"cd0f803a7ce00be28ceb482bd6b7100f",9.5,0.577705748438647
"cd0f803a7ce00be28ceb482bd6b7100f",10,0.567695495659418
"e3f6a550c10f4b20f090ec7e847bb8b1",0,0.273858617842883
"e3f6a550c10f4b20f090ec7e847bb8b1",0.5,0.263488876165256
"e3f6a550c10f4b20f090ec7e847bb8b1",1,0.255954055741089
"e3f6a550c10f4b20f090ec7e847bb8b1",1.5,0.251111325680006
"e3f6a550c10f4b20f090ec7e847bb8b1",2,0.248865609872198
"e3f6a550c10f4b20f090ec7e847bb8b1",2.5,0.249171976213193
"e3f6a550c10f4b20f090ec7e847bb8b1",3,0.252036585404006
"e3f6a550c10f4b20f090ec7e847bb8b1",3.5,0.257516567497189
"e3f6a550c10f4b20f090ec7e847bb8b1",4,0.265718776172949
"e3f6a550c10f4b20f090ec7e847bb8b1",4.5,0.276796949959591
"e3f6a550c10f4b20f090ec7e847bb8b1",5,0.290946368812768
"e3f6a550c10f4b20f090ec7e847bb8b1",5.5,0.30839463697454
"e3f6a550c10f4b20f090ec7e847bb8b1",6,0.329386796800977
"e3f6a550c10f4b20f090ec7e847bb8b1",6.5,0.354162706448117
"e3f6a550c10f4b20f090ec7e847bb8b1",7,0.382924726623123
"e3f6a550c10f4b20f090ec7e847bb8b1",7.5,0.415794605035912
"e3f6a550c10f4b20f090ec7e847bb8b1",8,0.4527604330169
"e3f6a550c10f4b20f090ec7e847bb8b1",8.5,0.493617974903721
"e3f6a550c10f4b20f090ec7e847bb8b1",9,0.53791537840127
"e3f6a550c10f4b20f090ec7e847bb8b1",9.5,0.58491520481332
"e3f6a550c10f4b20f090ec7e847bb8b1",10,0.633590653269673
"4733260f5d46f17b0101b77982ada91f",0,0.309781446676561
"4733260f5d46f17b0101b77982ada91f",0.5,0.309899076071618
"4733260f5d46f17b0101b77982ada91f",1,0.310423065055752
"4733260f5d46f17b0101b77982ada91f",1.5,0.31135454094566
"4733260f5d46f17b0101b77982ada91f",2,0.312695496548993
"4733260f5d46f17b0101b77982ada91f",2.5,0.314448775486537
"4733260f5d46f17b0101b77982ada91f",3,0.316618050579232
"4733260f5d46f17b0101b77982ada91f",3.5,0.319207794737817
"4733260f5d46f17b0101b77982ada91f",4,0.322223243625932
"4733260f5d46f17b0101b77982ada91f",4.5,0.325670349204973
"4733260f5d46f17b0101b77982ada91f",5,0.329555723113574
"4733260f5d46f17b0101b77982ada91f",5.5,0.333886568689905
"4733260f5d46f17b0101b77982ada91f",6,0.338670600315947
"4733260f5d46f17b0101b77982ada91f",6.5,0.34391594865591
"4733260f5d46f17b0101b77982ada91f",7,0.349631050283934
"4733260f5d46f17b0101b77982ada91f",7.5,0.355824520159064
"4733260f5d46f17b0101b77982ada91f",8,0.362505005419763
"4733260f5d46f17b0101b77982ada91f",8.5,0.36968101904962
"4733260f5d46f17b0101b77982ada91f",9,0.377360752125642
"4733260f5d46f17b0101b77982ada91f",9.5,0.385551863617343
"4733260f5d46f17b0101b77982ada91f",10,0.394261247076182
"96c3eb26349cfdc2385eb5cdaeb67a02",0,0.459399120448014
"96c3eb26349cfdc2385eb5cdaeb67a02",0.5,0.440222582493562
"96c3eb26349cfdc2385eb5cdaeb67a02",1,0.426265647341238
"96c3eb26349cfdc2385eb5cdaeb67a02",1.5,0.417445127876243
"96c3eb26349cfdc2385eb5cdaeb67a02",2,0.41368900249508
"96c3eb26349cfdc2385eb5cdaeb67a02",2.5,0.414962051728281
"96c3eb26349cfdc2385eb5cdaeb67a02",3,0.421276516021308
"96c3eb26349cfdc2385eb5cdaeb67a02",3.5,0.432688502789541
"96c3eb26349cfdc2385eb5cdaeb67a02",4,0.449279882936247
"96c3eb26349cfdc2385eb5cdaeb67a02",4.5,0.47112458695752
"96c3eb26349cfdc2385eb5cdaeb67a02",5,0.498238193039446
"96c3eb26349cfdc2385eb5cdaeb67a02",5.5,0.530511232988561
"96c3eb26349cfdc2385eb5cdaeb67a02",6,0.567630451513908
"96c3eb26349cfdc2385eb5cdaeb67a02",6.5,0.608998668645499
"96c3eb26349cfdc2385eb5cdaeb67a02",7,0.6536721237556
"96c3eb26349cfdc2385eb5cdaeb67a02",7.5,0.700341446950867
"96c3eb26349cfdc2385eb5cdaeb67a02",8,0.747383594669804
"96c3eb26349cfdc2385eb5cdaeb67a02",8.5,0.793001077546414
"96c3eb26349cfdc2385eb5cdaeb67a02",9,0.83543857162054
"96c3eb26349cfdc2385eb5cdaeb67a02",9.5,0.873231652086227
"96c3eb26349cfdc2385eb5cdaeb67a02",10,0.905415928138106
"c63f9f848314a9484aab580c977ee739",0,0.448712613705002
"c63f9f848314a9484aab580c977ee739",0.5,0.433633691718784
"c63f9f848314a9484aab580c977ee739",1,0.419817043688154
"c63f9f848314a9484aab580c977ee739",1.5,0.407255415212051
"c63f9f848314a9484aab580c977ee739",2,0.395934292625357
"c63f9f848314a9484aab580c977ee739",2.5,0.38583417781837
"c63f9f848314a9484aab580c977ee739",3,0.376932589197063
"c63f9f848314a9484aab580c977ee739",3.5,0.369205782172382
"c63f9f848314a9484aab580c977ee739",4,0.362630197688478
"c63f9f848314a9484aab580c977ee739",4.5,0.35718365685839
"c63f9f848314a9484aab580c977ee739",5,0.352846324795482
"c63f9f848314a9484aab580c977ee739",5.5,0.349601468229188
"c63f9f848314a9484aab580c977ee739",6,0.347436030386515
"c63f9f848314a9484aab580c977ee739",6.5,0.346341043666212
"c63f9f848314a9484aab580c977ee739",7,0.346311896427304
"c63f9f848314a9484aab580c977ee739",7.5,0.347348465208471
"c63f9f848314a9484aab580c977ee739",8,0.349455118222623
"c63f9f848314a9484aab580c977ee739",8.5,0.352640590283331
"c63f9f848314a9484aab580c977ee739",9,0.356917723626523
"c63f9f848314a9484aab580c977ee739",9.5,0.362303063600979
"c63f9f848314a9484aab580c977ee739",10,0.368816293162649
"d662c52335ad4c796b577dd8be60f446",0,0.396600574814039
"d662c52335ad4c796b577dd8be60f446",0.5,0.383260806579971
"d662c52335ad4c796b577dd8be60f446",1,0.372266719868217
"d662c52335ad4c796b577dd8be60f446",1.5,0.363554454563171
"d662c52335ad4c796b577dd8be60f446",2,0.357065662894175
"d662c52335ad4c796b577dd8be60f446",2.5,0.35275251722705
"d662c52335ad4c796b577dd8be60f446",3,0.350581191984757
"d662c52335ad4c796b577dd8be60f446",3.5,0.35053405051819
"d662c52335ad4c796b577dd8be60f446",4,0.35261070542793
"d662c52335ad4c796b577dd8be60f446",4.5,0.356828041275874
"d662c52335ad4c796b577dd8be60f446",5,0.363219201646469
"d662c52335ad4c796b577dd8be60f446",5.5,0.371831455386799
"d662c52335ad4c796b577dd8be60f446",6,0.3827227767821
"d662c52335ad4c796b577dd8be60f446",6.5,0.395956911068349
"d662c52335ad4c796b577dd8be60f446",7,0.41159666446567
"d662c52335ad4c796b577dd8be60f446",7.5,0.429695177696877
"d662c52335ad4c796b577dd8be60f446",8,0.450285041208882
"d662c52335ad4c796b577dd8be60f446",8.5,0.47336532031438
"d662c52335ad4c796b577dd8be60f446",9,0.498886906547581
"d662c52335ad4c796b577dd8be60f446",9.5,0.526737106658718
"d662c52335ad4c796b577dd8be60f446",10,0.556724992436553
"72786859fb5ee03cd81312cf0bb813e2",0,0.425458766572019
"72786859fb5ee03cd81312cf0bb813e2",0.5,0.441824278783325
"72786859fb5ee03cd81312cf0bb813e2",1,0.455966108625216
"72786859fb5ee03cd81312cf0bb813e2",1.5,0.467820314302426
"72786859fb5ee03cd81312cf0bb813e2",2,0.477347444215004
"72786859fb5ee03cd81312cf0bb813e2",2.5,0.484525254657684
"72786859fb5ee03cd81312cf0bb813e2",3,0.489342595838759
"72786859fb5ee03cd81312cf0bb813e2",3.5,0.491794697526986
"72786859fb5ee03cd81312cf0bb813e2",4,0.491879969909917
"72786859fb5ee03cd81312cf0bb813e2",4.5,0.489598367883654
"72786859fb5ee03cd81312cf0bb813e2",5,0.484951334104071
"72786859fb5ee03cd81312cf0bb813e2",5.5,0.477943321219983
"72786859fb5ee03cd81312cf0bb813e2",6,0.468584879428608
"72786859fb5ee03cd81312cf0bb813e2",6.5,0.456897264467602
"72786859fb5ee03cd81312cf0bb813e2",7,0.442918456788726
"72786859fb5ee03cd81312cf0bb813e2",7.5,0.426710370779196
"72786859fb5ee03cd81312cf0bb813e2",8,0.408366865022746
"72786859fb5ee03cd81312cf0bb813e2",8.5,0.388021943119172
"72786859fb5ee03cd81312cf0bb813e2",9,0.365857279438475
"72786859fb5ee03cd81312cf0bb813e2",9.5,0.342107959037772
"72786859fb5ee03cd81312cf0bb813e2",10,0.31706515527322
"9bc49c544c9377f4a4136d0ef7a15d5c",0,0.20834319725933
"9bc49c544c9377f4a4136d0ef7a15d5c",0.5,0.192857385364126
"9bc49c544c9377f4a4136d0ef7a15d5c",1,0.181155881482708
"9bc49c544c9377f4a4136d0ef7a15d5c",1.5,0.172799804117457
"9bc49c544c9377f4a4136d0ef7a15d5c",2,0.167466670494996
"9bc49c544c9377f4a4136d0ef7a15d5c",2.5,0.164947392689018
"9bc49c544c9377f4a4136d0ef7a15d5c",3,0.165142444453501
"9bc49c544c9377f4a4136d0ef7a15d5c",3.5,0.168059547357114
"9bc49c544c9377f4a4136d0ef7a15d5c",4,0.17381386125532
"9bc49c544c9377f4a4136d0ef7a15d5c",4.5,0.182630605795162
"9bc49c544c9377f4a4136d0ef7a15d5c",5,0.194848957521568
"9bc49c544c9377f4a4136d0ef7a15d5c",5.5,0.210924632580872
"9bc49c544c9377f4a4136d0ef7a15d5c",6,0.231426468062338
"9bc49c544c9377f4a4136d0ef7a15d5c",6.5,0.257019361561611
"9bc49c544c9377f4a4136d0ef7a15d5c",7,0.288422312836066
"9bc49c544c9377f4a4136d0ef7a15d5c",7.5,0.326327162831731
"9bc49c544c9377f4a4136d0ef7a15d5c",8,0.371263788528985
"9bc49c544c9377f4a4136d0ef7a15d5c",8.5,0.423406025046338
"9bc49c544c9377f4a4136d0ef7a15d5c",9,0.482335377711344
"9bc49c544c9377f4a4136d0ef7a15d5c",9.5,0.546818258233175
"9bc49c544c9377f4a4136d0ef7a15d5c",10,0.614695063962051
"2205bfaa12ababcc2abb1d3b52f6645f",0,0.316949180904913
"2205bfaa12ababcc2abb1d3b52f6645f",0.5,0.245988987910256
"2205bfaa12ababcc2abb1d3b52f6645f",1,0.193288180060455
"2205bfaa12ababcc2abb1d3b52f6645f",1.5,0.156933135458391
"2205bfaa12ababcc2abb1d3b52f6645f",2,0.134051690416522
"2205bfaa12ababcc2abb1d3b52f6645f",2.5,0.122079505123758
"2205bfaa12ababcc2abb1d3b52f6645f",3,0.11943313824683
"2205bfaa12ababcc2abb1d3b52f6645f",3.5,0.125740489682748
"2205bfaa12ababcc2abb1d3b52f6645f",4,0.141875339747075
"2205bfaa12ababcc2abb1d3b52f6645f",4.5,0.169864520992339
"2205bfaa12ababcc2abb1d3b52f6645f",5,0.212512197572889
"2205bfaa12ababcc2abb1d3b52f6645f",5.5,0.272482628346101
"2205bfaa12ababcc2abb1d3b52f6645f",6,0.35087133025184
"2205bfaa12ababcc2abb1d3b52f6645f",6.5,0.446004660472427
"2205bfaa12ababcc2abb1d3b52f6645f",7,0.553443132362851
"2205bfaa12ababcc2abb1d3b52f6645f",7.5,0.666526215106789
"2205bfaa12ababcc2abb1d3b52f6645f",8,0.775755305054586
"2205bfaa12ababcc2abb1d3b52f6645f",8.5,0.868610458087525
"2205bfaa12ababcc2abb1d3b52f6645f",9,0.934682353044866
"2205bfaa12ababcc2abb1d3b52f6645f",9.5,0.972693844924985
"2205bfaa12ababcc2abb1d3b52f6645f",10,0.990527459897779
"0550965e9ccdcd96dc30195526b22726",0,0.649133389405187
"0550965e9ccdcd96dc30195526b22726",0.5,0.608550419925061
"0550965e9ccdcd96dc30195526b22726",1,0.576506860380581
"0550965e9ccdcd96dc30195526b22726",1.5,0.553977218343089
"0550965e9ccdcd96dc30195526b22726",2,0.54147110397769
"0550965e9ccdcd96dc30195526b22726",2.5,0.539204457615907
"0550965e9ccdcd96dc30195526b22726",3,0.547211114123283
"0550965e9ccdcd96dc30195526b22726",3.5,0.565364231351584
"0550965e9ccdcd96dc30195526b22726",4,0.593302236971014
"0550965e9ccdcd96dc30195526b22726",4.5,0.630278470879031
"0550965e9ccdcd96dc30195526b22726",5,0.674979253198089
"0550965e9ccdcd96dc30195526b22726",5.5,0.72537381459123
"0550965e9ccdcd96dc30195526b22726",6,0.77865851186509
"0550965e9ccdcd96dc30195526b22726",6.5,0.831354421134473
"0550965e9ccdcd96dc30195526b22726",7,0.879663620783809
"0550965e9ccdcd96dc30195526b22726",7.5,0.920213495520734
"0550965e9ccdcd96dc30195526b22726",8,0.9510394981239
"0550965e9ccdcd96dc30195526b22726",8.5,0.972169497858603
"0550965e9ccdcd96dc30195526b22726",9,0.985279125627365
"0550965e9ccdcd96dc30195526b22726",9.5,0.992711495647381
"0550965e9ccdcd96dc30195526b22726",10,0.996604465241322
"42125966ddd426226b1e67a8143434e3",0,0.456220537772901
"42125966ddd426226b1e67a8143434e3",0.5,0.523050611087944
"42125966ddd426226b1e67a8143434e3",1,0.58174743122804
"42125966ddd426226b1e67a8143434e3",1.5,0.631233590409858
"42125966ddd426226b1e67a8143434e3",2,0.67148013219313
"42125966ddd426226b1e67a8143434e3",2.5,0.703070188667876
"42125966ddd426226b1e67a8143434e3",3,0.726832213058559
"42125966ddd426226b1e67a8143434e3",3.5,0.743591515264115
"42125966ddd426226b1e67a8143434e3",4,0.754026644025738
"42125966ddd426226b1e67a8143434e3",4.5,0.758597297394035
"42125966ddd426226b1e67a8143434e3",5,0.757513259746837
"42125966ddd426226b1e67a8143434e3",5.5,0.750724325821594
"42125966ddd426226b1e67a8143434e3",6,0.737922492255059
"42125966ddd426226b1e67a8143434e3",6.5,0.718558473735156
"42125966ddd426226b1e67a8143434e3",7,0.691885555172764
"42125966ddd426226b1e67a8143434e3",7.5,0.65705516102523
"42125966ddd426226b1e67a8143434e3",8,0.613297258735083
"42125966ddd426226b1e67a8143434e3",8.5,0.560215043089598
"42125966ddd426226b1e67a8143434e3",9,0.498189332847404
"42125966ddd426226b1e67a8143434e3",9.5,0.428806785314515
"42125966ddd426226b1e67a8143434e3",10,0.355111706044069
"631e1d59bdbc08c1e50aa80ad137e5b6",0,0.681437958515948
"631e1d59bdbc08c1e50aa80ad137e5b6",0.5,0.652322233178312
"631e1d59bdbc08c1e50aa80ad137e5b6",1,0.627311642093328
"631e1d59bdbc08c1e50aa80ad137e5b6",1.5,0.606950728756651
"631e1d59bdbc08c1e50aa80ad137e5b6",2,0.591595865259564
"631e1d59bdbc08c1e50aa80ad137e5b6",2.5,0.581462021441841
"631e1d59bdbc08c1e50aa80ad137e5b6",3,0.576665153493133
"631e1d59bdbc08c1e50aa80ad137e5b6",3.5,0.577252877815382
"631e1d59bdbc08c1e50aa80ad137e5b6",4,0.583219612671847
"631e1d59bdbc08c1e50aa80ad137e5b6",4.5,0.5945047036156
"631e1d59bdbc08c1e50aa80ad137e5b6",5,0.610973702806112
"631e1d59bdbc08c1e50aa80ad137e5b6",5.5,0.632384713380982
"631e1d59bdbc08c1e50aa80ad137e5b6",6,0.658344274341295
"631e1d59bdbc08c1e50aa80ad137e5b6",6.5,0.688261047376826
"631e1d59bdbc08c1e50aa80ad137e5b6",7,0.721310204904854
"631e1d59bdbc08c1e50aa80ad137e5b6",7.5,0.756425290126966
"631e1d59bdbc08c1e50aa80ad137e5b6",8,0.792334440927173
"631e1d59bdbc08c1e50aa80ad137e5b6",8.5,0.827650853628544
"631e1d59bdbc08c1e50aa80ad137e5b6",9,0.861011909500973
"631e1d59bdbc08c1e50aa80ad137e5b6",9.5,0.891241298618663
"631e1d59bdbc08c1e50aa80ad137e5b6",10,0.917493211874935
"299b4e5f58a6bb6859e3bbad9cf89b88",0,0.73555859705445
"299b4e5f58a6bb6859e3bbad9cf89b88",0.5,0.758425886557899
"299b4e5f58a6bb6859e3bbad9cf89b88",1,0.772536825476784
"299b4e5f58a6bb6859e3bbad9cf89b88",1.5,0.778424255411348
"299b4e5f58a6bb6859e3bbad9cf89b88",2,0.776353656480441
"299b4e5f58a6bb6859e3bbad9cf89b88",2.5,0.766228787756409
"299b4e5f58a6bb6859e3bbad9cf89b88",3,0.747624076259236
"299b4e5f58a6bb6859e3bbad9cf89b88",3.5,0.719954644064869
"299b4e5f58a6bb6859e3bbad9cf89b88",4,0.682821900548575
"299b4e5f58a6bb6859e3bbad9cf89b88",4.5,0.63653096265991
"299b4e5f58a6bb6859e3bbad9cf89b88",5,0.582598837146455
"299b4e5f58a6bb6859e3bbad9cf89b88",5.5,0.523798894885578
"299b4e5f58a6bb6859e3bbad9cf89b88",6,0.463273081867489
"299b4e5f58a6bb6859e3bbad9cf89b88",6.5,0.402947201484942
"299b4e5f58a6bb6859e3bbad9cf89b88",7,0.342491192050137
"299b4e5f58a6bb6859e3bbad9cf89b88",7.5,0.280083739676866
"299b4e5f58a6bb6859e3bbad9cf89b88",8,0.214936205827963
"299b4e5f58a6bb6859e3bbad9cf89b88",8.5,0.149871899361902
"299b4e5f58a6bb6859e3bbad9cf89b88",9,0.0916144681143087
"299b4e5f58a6bb6859e3bbad9cf89b88",9.5,0.0476001982631092
"299b4e5f58a6bb6859e3bbad9cf89b88",10,0.0208243195971745
"403ab69848c1e8b2b940c23625f291b2",0,0.272122277626638
"403ab69848c1e8b2b940c23625f291b2",0.5,0.243738819119945
"403ab69848c1e8b2b940c23625f291b2",1,0.21881759892838
"403ab69848c1e8b2b940c23625f291b2",1.5,0.197111062919416
"403ab69848c1e8b2b940c23625f291b2",2,0.178334093219493
"403ab69848c1e8b2b940c23625f291b2",2.5,0.162189752755964
"403ab69848c1e8b2b940c23625f291b2",3,0.148387798271955
"403ab69848c1e8b2b940c23625f291b2",3.5,0.136656798080718
"403ab69848c1e8b2b940c23625f291b2",4,0.126751159110839
"403ab69848c1e8b2b940c23625f291b2",4.5,0.11845443158039
"403ab69848c1e8b2b940c23625f291b2",5,0.111580102212764
"403ab69848c1e8b2b940c23625f291b2",5.5,0.105970842973027
"403ab69848c1e8b2b940c23625f291b2",6,0.101496933059173
"403ab69848c1e8b2b940c23625f291b2",6.5,0.0980543568667698
"403ab69848c1e8b2b940c23625f291b2",7,0.0955629127888157
"403ab69848c1e8b2b940c23625f291b2",7.5,0.09396454561264
"403ab69848c1e8b2b940c23625f291b2",8,0.0932220313039607
"403ab69848c1e8b2b940c23625f291b2",8.5,0.0933180878229985
"403ab69848c1e8b2b940c23625f291b2",9,0.0942549504430411
"403ab69848c1e8b2b940c23625f291b2",9.5,0.0960544270969676
"403ab69848c1e8b2b940c23625f291b2",10,0.0987584318271706
"471bfebb664da0429df29bc53c1afe5a",0,0.2343767562751
"471bfebb664da0429df29bc53c1afe5a",0.5,0.195253621674101
"471bfebb664da0429df29bc53c1afe5a",1,0.167174612550511
"471bfebb664da0429df29bc53c1afe5a",1.5,0.147993003036916
"471bfebb664da0429df29bc53c1afe5a",2,0.136026090901772
"471bfebb664da0429df29bc53c1afe5a",2.5,0.130149805256779
"471bfebb664da0429df29bc53c1afe5a",3,0.129794948296081
"471bfebb664da0429df29bc53c1afe5a",3.5,0.134926830305214
"471bfebb664da0429df29bc53c1afe5a",4,0.146043646642296
"471bfebb664da0429df29bc53c1afe5a",4.5,0.164195589925433
"471bfebb664da0429df29bc53c1afe5a",5,0.190994276890843
"471bfebb664da0429df29bc53c1afe5a",5.5,0.228537714149473
"471bfebb664da0429df29bc53c1afe5a",6,0.279120224852904
"471bfebb664da0429df29bc53c1afe5a",6.5,0.34457059818612
"471bfebb664da0429df29bc53c1afe5a",7,0.425173827762313
"471bfebb664da0429df29bc53c1afe5a",7.5,0.518497056194464
"471bfebb664da0429df29bc53c1afe5a",8,0.618904699159284
"471bfebb664da0429df29bc53c1afe5a",8.5,0.71842238711576
"471bfebb664da0429df29bc53c1afe5a",9,0.808516260225226
"471bfebb664da0429df29bc53c1afe5a",9.5,0.881907121956743
"471bfebb664da0429df29bc53c1afe5a",10,0.934568451941891
"a80ad82702e6c7526f8e8d9f6a5e0d15",0,0.948825992317577
"a80ad82702e6c7526f8e8d9f6a5e0d15",0.5,0.921036369159756
"a80ad82702e6c7526f8e8d9f6a5e0d15",1,0.886631501354488
"a80ad82702e6c7526f8e8d9f6a5e0d15",1.5,0.848094824207262
"a80ad82702e6c7526f8e8d9f6a5e0d15",2,0.809021495537416
"a80ad82702e6c7526f8e8d9f6a5e0d15",2.5,0.77322952743325
"a80ad82702e6c7526f8e8d9f6a5e0d15",3,0.744001024184664
"a80ad82702e6c7526f8e8d9f6a5e0d15",3.5,0.723715456110552
"a80ad82702e6c7526f8e8d9f6a5e0d15",4,0.713823135872191
"a80ad82702e6c7526f8e8d9f6a5e0d15",4.5,0.714965314848252
"a80ad82702e6c7526f8e8d9f6a5e0d15",5,0.727070244483337
"a80ad82702e6c7526f8e8d9f6a5e0d15",5.5,0.749340907653891
"a80ad82702e6c7526f8e8d9f6a5e0d15",6,0.780144036322862
"a80ad82702e6c7526f8e8d9f6a5e0d15",6.5,0.81690392298331
"a80ad82702e6c7526f8e8d9f6a5e0d15",7,0.856184635125551
"a80ad82702e6c7526f8e8d9f6a5e0d15",7.5,0.894141590251965
"a80ad82702e6c7526f8e8d9f6a5e0d15",8,0.927339796885832
"a80ad82702e6c7526f8e8d9f6a5e0d15",8.5,0.953609933426213
"a80ad82702e6c7526f8e8d9f6a5e0d15",9,0.972449951748485
"a80ad82702e6c7526f8e8d9f6a5e0d15",9.5,0.984752294213644
"a80ad82702e6c7526f8e8d9f6a5e0d15",10,0.992114535518296
"28ee486b75638c016c5023b01b156de2",0,0.165169925929127
"28ee486b75638c016c5023b01b156de2",0.5,0.128784980422142
"28ee486b75638c016c5023b01b156de2",1,0.102309815048383
"28ee486b75638c016c5023b01b156de2",1.5,0.0832552013604845
"28ee486b75638c016c5023b01b156de2",2,0.0696680143312989
"28ee486b75638c016c5023b01b156de2",2.5,0.0601126726884795
"28ee486b75638c016c5023b01b156de2",3,0.0535815669799138
"28ee486b75638c016c5023b01b156de2",3.5,0.0493983895244681
"28ee486b75638c016c5023b01b156de2",4,0.0471397152161763
"28ee486b75638c016c5023b01b156de2",4.5,0.0465812261012861
"28ee486b75638c016c5023b01b156de2",5,0.0476679982328994
"28ee486b75638c016c5023b01b156de2",5.5,0.0505071139274943
"28ee486b75638c016c5023b01b156de2",6,0.0553820259547812
"28ee486b75638c016c5023b01b156de2",6.5,0.0627897381142966
"28ee486b75638c016c5023b01b156de2",7,0.0735025444205725
"28ee486b75638c016c5023b01b156de2",7.5,0.0886535528640803
"28ee486b75638c016c5023b01b156de2",8,0.109835228644765
"28ee486b75638c016c5023b01b156de2",8.5,0.139175752216468
"28ee486b75638c016c5023b01b156de2",9,0.179312248647618
"28ee486b75638c016c5023b01b156de2",9.5,0.233118450727327
"28ee486b75638c016c5023b01b156de2",10,0.303009993802567
"ffd5547900c4848e5ec97977d144a3a0",0,0.105035083143949
"ffd5547900c4848e5ec97977d144a3a0",0.5,0.0904079192145305
"ffd5547900c4848e5ec97977d144a3a0",1,0.0785839109976989
"ffd5547900c4848e5ec97977d144a3a0",1.5,0.0690431297140691
"ffd5547900c4848e5ec97977d144a3a0",2,0.0613599132288144
"ffd5547900c4848e5ec97977d144a3a0",2.5,0.0551917560303992
"ffd5547900c4848e5ec97977d144a3a0",3,0.0502667605065106
"ffd5547900c4848e5ec97977d144a3a0",3.5,0.0463716566381227
"ffd5547900c4848e5ec97977d144a3a0",4,0.0433413225834789
"ffd5547900c4848e5ec97977d144a3a0",4.5,0.0410501195554712
"ffd5547900c4848e5ec97977d144a3a0",5,0.0394050355191845
"ffd5547900c4848e5ec97977d144a3a0",5.5,0.0383404946988572
"ffd5547900c4848e5ec97977d144a3a0",6,0.0378146543292073
"ffd5547900c4848e5ec97977d144a3a0",6.5,0.0378070280924476
"ffd5547900c4848e5ec97977d144a3a0",7,0.038317319790511
"ffd5547900c4848e5ec97977d144a3a0",7.5,0.0393654064714125
"ffd5547900c4848e5ec97977d144a3a0",8,0.0409924701133481
"ffd5547900c4848e5ec97977d144a3a0",8.5,0.0432633369088145
"ffd5547900c4848e5ec97977d144a3a0",9,0.0462701390667143
"ffd5547900c4848e5ec97977d144a3a0",9.5,0.0501374586630115
"ffd5547900c4848e5ec97977d144a3a0",10,0.0550291321641033
"70fde0a7dd9eaae9b3de8329d3ee3235",0,0.634164436005978
"70fde0a7dd9eaae9b3de8329d3ee3235",0.5,0.522753193233613
"70fde0a7dd9eaae9b3de8329d3ee3235",1,0.425930349983067
"70fde0a7dd9eaae9b3de8329d3ee3235",1.5,0.348835995926045
"70fde0a7dd9eaae9b3de8329d3ee3235",2,0.29177132575647
"70fde0a7dd9eaae9b3de8329d3ee3235",2.5,0.25274825153305
"70fde0a7dd9eaae9b3de8329d3ee3235",3,0.229379409664915
"70fde0a7dd9eaae9b3de8329d3ee3235",3.5,0.219846391319891
"70fde0a7dd9eaae9b3de8329d3ee3235",4,0.22332225318364
"70fde0a7dd9eaae9b3de8329d3ee3235",4.5,0.240114335999004
"70fde0a7dd9eaae9b3de8329d3ee3235",5,0.271613973152979
"70fde0a7dd9eaae9b3de8329d3ee3235",5.5,0.320023501094413
"70fde0a7dd9eaae9b3de8329d3ee3235",6,0.387687924621335
"70fde0a7dd9eaae9b3de8329d3ee3235",6.5,0.475664742468272
"70fde0a7dd9eaae9b3de8329d3ee3235",7,0.581361702293768
"70fde0a7dd9eaae9b3de8329d3ee3235",7.5,0.696219859684614
"70fde0a7dd9eaae9b3de8329d3ee3235",8,0.805598073657771
"70fde0a7dd9eaae9b3de8329d3ee3235",8.5,0.893572390356568
"70fde0a7dd9eaae9b3de8329d3ee3235",9,0.951184132866882
"70fde0a7dd9eaae9b3de8329d3ee3235",9.5,0.98146392720994
"70fde0a7dd9eaae9b3de8329d3ee3235",10,0.994383651674764
"c80c32fdfbe6a060339f6de0278f5401",0,0.306153646229759
"c80c32fdfbe6a060339f6de0278f5401",0.5,0.32491001762025
"c80c32fdfbe6a060339f6de0278f5401",1,0.341733623305547
"c80c32fdfbe6a060339f6de0278f5401",1.5,0.356408676812802
"c80c32fdfbe6a060339f6de0278f5401",2,0.368767918918241
"c80c32fdfbe6a060339f6de0278f5401",2.5,0.378686461942801
"c80c32fdfbe6a060339f6de0278f5401",3,0.386075039859277
"c80c32fdfbe6a060339f6de0278f5401",3.5,0.390873657428824
"c80c32fdfbe6a060339f6de0278f5401",4,0.393046371485155
"c80c32fdfbe6a060339f6de0278f5401",4.5,0.392577697745625
"c80c32fdfbe6a060339f6de0278f5401",5,0.389470934483155
"c80c32fdfbe6a060339f6de0278f5401",5.5,0.383748526647677
"c80c32fdfbe6a060339f6de0278f5401",6,0.375454444234479
"c80c32fdfbe6a060339f6de0278f5401",6.5,0.364658394908869
"c80c32fdfbe6a060339f6de0278f5401",7,0.3514615123511
"c80c32fdfbe6a060339f6de0278f5401",7.5,0.336002945854492
"c80c32fdfbe6a060339f6de0278f5401",8,0.318466526466684
"c80c32fdfbe6a060339f6de0278f5401",8.5,0.299086426821334
"c80c32fdfbe6a060339f6de0278f5401",9,0.278150520749107
"c80c32fdfbe6a060339f6de0278f5401",9.5,0.256000066682951
"c80c32fdfbe6a060339f6de0278f5401",10,0.233024480564636
"c7d8fe0391908128c86e149c313eac51",0,0.150583701246298
"c7d8fe0391908128c86e149c313eac51",0.5,0.177479415464057
"c7d8fe0391908128c86e149c313eac51",1,0.205256348590429
"c7d8fe0391908128c86e149c313eac51",1.5,0.233143245503981
"c7d8fe0391908128c86e149c313eac51",2,0.260364174113608
"c7d8fe0391908128c86e149c313eac51",2.5,0.286191095347146
"c7d8fe0391908128c86e149c313eac51",3,0.309981721400255
"c7d8fe0391908128c86e149c313eac51",3.5,0.331200271165942
"c7d8fe0391908128c86e149c313eac51",4,0.349422582528125
"c7d8fe0391908128c86e149c313eac51",4.5,0.364329464402465
"c7d8fe0391908128c86e149c313eac51",5,0.375693061411385
"c7d8fe0391908128c86e149c313eac51",5.5,0.383360739375312
"c7d8fe0391908128c86e149c313eac51",6,0.387240109928549
"c7d8fe0391908128c86e149c313eac51",6.5,0.387287741846839
"c7d8fe0391908128c86e149c313eac51",7,0.38350311580979
"c7d8fe0391908128c86e149c313eac51",7.5,0.375928548846932
"c7d8fe0391908128c86e149c313eac51",8,0.364655097104995
"c7d8fe0391908128c86e149c313eac51",8.5,0.349833729477778
"c7d8fe0391908128c86e149c313eac51",9,0.331690237936909
"c7d8fe0391908128c86e149c313eac51",9.5,0.31054136320005
"c7d8fe0391908128c86e149c313eac51",10,0.286808543291282
"cb4e6dd12f7443594f6218ac02ad3f59",0,0.296427336271211
"cb4e6dd12f7443594f6218ac02ad3f59",0.5,0.29909628305951
"cb4e6dd12f7443594f6218ac02ad3f59",1,0.304028380844831
"cb4e6dd12f7443594f6218ac02ad3f59",1.5,0.311277667863109
"cb4e6dd12f7443594f6218ac02ad3f59",2,0.320919242044794
"cb4e6dd12f7443594f6218ac02ad3f59",2.5,0.333044914308257
"cb4e6dd12f7443594f6218ac02ad3f59",3,0.347756927530263
"cb4e6dd12f7443594f6218ac02ad3f59",3.5,0.365159376254733
"cb4e6dd12f7443594f6218ac02ad3f59",4,0.385347016428402
"cb4e6dd12f7443594f6218ac02ad3f59",4.5,0.408391318989085
"cb4e6dd12f7443594f6218ac02ad3f59",5,0.434323917407706
"cb4e6dd12f7443594f6218ac02ad3f59",5.5,0.463118027409368
"cb4e6dd12f7443594f6218ac02ad3f59",6,0.494668944200442
"cb4e6dd12f7443594f6218ac02ad3f59",6.5,0.528775282329281
"cb4e6dd12f7443594f6218ac02ad3f59",7,0.565123135371084
"cb4e6dd12f7443594f6218ac02ad3f59",7.5,0.603275736156642
"cb4e6dd12f7443594f6218ac02ad3f59",8,0.642671469870061
"cb4e6dd12f7443594f6218ac02ad3f59",8.5,0.682633200071514
"cb4e6dd12f7443594f6218ac02ad3f59",9,0.72239164515419
"cb4e6dd12f7443594f6218ac02ad3f59",9.5,0.761124570677735
"cb4e6dd12f7443594f6218ac02ad3f59",10,0.79801126269643
"cd918dec2b3412a349d8c5ea90d36ce1",0,0.270003096599692
"cd918dec2b3412a349d8c5ea90d36ce1",0.5,0.251708607055575
"cd918dec2b3412a349d8c5ea90d36ce1",1,0.237989179341573
"cd918dec2b3412a349d8c5ea90d36ce1",1.5,0.228437774211455
"cd918dec2b3412a349d8c5ea90d36ce1",2,0.222751534225922
"cd918dec2b3412a349d8c5ea90d36ce1",2.5,0.220743046927225
"cd918dec2b3412a349d8c5ea90d36ce1",3,0.222344902775506
"cd918dec2b3412a349d8c5ea90d36ce1",3.5,0.227610913995796
"cd918dec2b3412a349d8c5ea90d36ce1",4,0.236715159079007
"cd918dec2b3412a349d8c5ea90d36ce1",4.5,0.249947925219642
"cd918dec2b3412a349d8c5ea90d36ce1",5,0.267705439954956
"cd918dec2b3412a349d8c5ea90d36ce1",5.5,0.290467906048057
"cd918dec2b3412a349d8c5ea90d36ce1",6,0.318758001828873
"cd918dec2b3412a349d8c5ea90d36ce1",6.5,0.353070556229137
"cd918dec2b3412a349d8c5ea90d36ce1",7,0.393765395606492
"cd918dec2b3412a349d8c5ea90d36ce1",7.5,0.440922134991347
"cd918dec2b3412a349d8c5ea90d36ce1",8,0.494170454838131
"cd918dec2b3412a349d8c5ea90d36ce1",8.5,0.552531650381679
"cd918dec2b3412a349d8c5ea90d36ce1",9,0.614329913687791
"cd918dec2b3412a349d8c5ea90d36ce1",9.5,0.677240429376904
"cd918dec2b3412a349d8c5ea90d36ce1",10,0.738519605670756
"ac75458cbab6ce95f3aedfc67b26f003",0,0.142004867832641
"ac75458cbab6ce95f3aedfc67b26f003",0.5,0.179734409732557
"ac75458cbab6ce95f3aedfc67b26f003",1,0.220107570154442
"ac75458cbab6ce95f3aedfc67b26f003",1.5,0.261335837018194
"ac75458cbab6ce95f3aedfc67b26f003",2,0.301581189519382
"ac75458cbab6ce95f3aedfc67b26f003",2.5,0.339177122391012
"ac75458cbab6ce95f3aedfc67b26f003",3,0.372767945624461
"ac75458cbab6ce95f3aedfc67b26f003",3.5,0.401355752097542
"ac75458cbab6ce95f3aedfc67b26f003",4,0.424274288392089
"ac75458cbab6ce95f3aedfc67b26f003",4.5,0.441121418583721
"ac75458cbab6ce95f3aedfc67b26f003",5,0.451680069181927
"ac75458cbab6ce95f3aedfc67b26f003",5.5,0.455849002483392
"ac75458cbab6ce95f3aedfc67b26f003",6,0.453595727019991
"ac75458cbab6ce95f3aedfc67b26f003",6.5,0.444937275957369
"ac75458cbab6ce95f3aedfc67b26f003",7,0.429950635943067
"ac75458cbab6ce95f3aedfc67b26f003",7.5,0.408811898217294
"ac75458cbab6ce95f3aedfc67b26f003",8,0.381859811201021
"ac75458cbab6ce95f3aedfc67b26f003",8.5,0.349673697401916
"ac75458cbab6ce95f3aedfc67b26f003",9,0.313147232045298
"ac75458cbab6ce95f3aedfc67b26f003",9.5,0.273530378001622
"ac75458cbab6ce95f3aedfc67b26f003",10,0.232407152862356
"5366b537b3d03dacdd6dce40f7fba523",0,0.373966175721041
"5366b537b3d03dacdd6dce40f7fba523",0.5,0.41998637982997
"5366b537b3d03dacdd6dce40f7fba523",1,0.461321030763192
"5366b537b3d03dacdd6dce40f7fba523",1.5,0.497068711425959
"5366b537b3d03dacdd6dce40f7fba523",2,0.526754479873369
"5366b537b3d03dacdd6dce40f7fba523",2.5,0.55021070590985
"5366b537b3d03dacdd6dce40f7fba523",3,0.567453789132409
"5366b537b3d03dacdd6dce40f7fba523",3.5,0.578579927411419
"5366b537b3d03dacdd6dce40f7fba523",4,0.583688847289092
"5366b537b3d03dacdd6dce40f7fba523",4.5,0.582836166688114
"5366b537b3d03dacdd6dce40f7fba523",5,0.576012174890423
"5366b537b3d03dacdd6dce40f7fba523",5.5,0.563145340754651
"5366b537b3d03dacdd6dce40f7fba523",6,0.544130859708789
"5366b537b3d03dacdd6dce40f7fba523",6.5,0.518886309365175
"5366b537b3d03dacdd6dce40f7fba523",7,0.48743624201251
"5366b537b3d03dacdd6dce40f7fba523",7.5,0.450023301248696
"5366b537b3d03dacdd6dce40f7fba523",8,0.407233442034934
"5366b537b3d03dacdd6dce40f7fba523",8.5,0.360107193376362
"5366b537b3d03dacdd6dce40f7fba523",9,0.310192442850284
"5366b537b3d03dacdd6dce40f7fba523",9.5,0.259488329977774
"5366b537b3d03dacdd6dce40f7fba523",10,0.210249120421067
"fe6413f1e2b8b21e955060386ea3d2f3",0,0.269824682382161
"fe6413f1e2b8b21e955060386ea3d2f3",0.5,0.26280538945061
"fe6413f1e2b8b21e955060386ea3d2f3",1,0.257255636999705
"fe6413f1e2b8b21e955060386ea3d2f3",1.5,0.253119847893724
"fe6413f1e2b8b21e955060386ea3d2f3",2,0.250355484837284
"fe6413f1e2b8b21e955060386ea3d2f3",2.5,0.248933598061024
"fe6413f1e2b8b21e955060386ea3d2f3",3,0.248839138635683
"fe6413f1e2b8b21e955060386ea3d2f3",3.5,0.250071103058934
"fe6413f1e2b8b21e955060386ea3d2f3",4,0.252642542460752
"fe6413f1e2b8b21e955060386ea3d2f3",4.5,0.256580438631449
"fe6413f1e2b8b21e955060386ea3d2f3",5,0.261925418016162
"fe6413f1e2b8b21e955060386ea3d2f3",5.5,0.268731242742216
"fe6413f1e2b8b21e955060386ea3d2f3",6,0.277063983858748
"fe6413f1e2b8b21e955060386ea3d2f3",6.5,0.28700074617521
"fe6413f1e2b8b21e955060386ea3d2f3",7,0.298627777498635
"fe6413f1e2b8b21e955060386ea3d2f3",7.5,0.312037760680909
"fe6413f1e2b8b21e955060386ea3d2f3",8,0.32732606039193
"fe6413f1e2b8b21e955060386ea3d2f3",8.5,0.344585687201524
"fe6413f1e2b8b21e955060386ea3d2f3",9,0.363900762873064
"fe6413f1e2b8b21e955060386ea3d2f3",9.5,0.385338340371204
"fe6413f1e2b8b21e955060386ea3d2f3",10,0.408938570097809
"e9fc75c9481c895152f3eda959f18adb",0,0.412659991440893
"e9fc75c9481c895152f3eda959f18adb",0.5,0.37263086926273
"e9fc75c9481c895152f3eda959f18adb",1,0.339983035121053
"e9fc75c9481c895152f3eda959f18adb",1.5,0.314290916580048
"e9fc75c9481c895152f3eda959f18adb",2,0.29502180731502
"e9fc75c9481c895152f3eda959f18adb",2.5,0.281666680019787
"e9fc75c9481c895152f3eda959f18adb",3,0.273820401316083
"e9fc75c9481c895152f3eda959f18adb",3.5,0.271225895777954
"e9fc75c9481c895152f3eda959f18adb",4,0.273795156814895
"e9fc75c9481c895152f3eda959f18adb",4.5,0.281615341810924
"e9fc75c9481c895152f3eda959f18adb",5,0.294942738368107
"e9fc75c9481c895152f3eda959f18adb",5.5,0.314181841807857
"e9fc75c9481c895152f3eda959f18adb",6,0.339841332202465
"e9fc75c9481c895152f3eda959f18adb",6.5,0.372454071274047
"e9fc75c9481c895152f3eda959f18adb",7,0.41244656646555
"e9fc75c9481c895152f3eda959f18adb",7.5,0.45994918855358
"e9fc75c9481c895152f3eda959f18adb",8,0.514557976543617
"e9fc75c9481c895152f3eda959f18adb",8.5,0.575095757266016
"e9fc75c9481c895152f3eda959f18adb",9,0.639466468113229
"e9fc75c9481c895152f3eda959f18adb",9.5,0.7047229479998
"e9fc75c9481c895152f3eda959f18adb",10,0.767431041860139
"412bfdf0b2ed931d88862ff52ed39306",0,0.653537518466713
"412bfdf0b2ed931d88862ff52ed39306",0.5,0.617129040005665
"412bfdf0b2ed931d88862ff52ed39306",1,0.585067314647227
"412bfdf0b2ed931d88862ff52ed39306",1.5,0.558049657952795
"412bfdf0b2ed931d88862ff52ed39306",2,0.536500099457203
"412bfdf0b2ed931d88862ff52ed39306",2.5,0.520643642694671
"412bfdf0b2ed931d88862ff52ed39306",3,0.510579830835151
"412bfdf0b2ed931d88862ff52ed39306",3.5,0.506342406584033
"412bfdf0b2ed931d88862ff52ed39306",4,0.507938700490522
"412bfdf0b2ed931d88862ff52ed39306",4.5,0.51536643028332
"412bfdf0b2ed931d88862ff52ed39306",5,0.528607361546552
"412bfdf0b2ed931d88862ff52ed39306",5.5,0.54759800659842
"412bfdf0b2ed931d88862ff52ed39306",6,0.572178661647184
"412bfdf0b2ed931d88862ff52ed39306",6.5,0.602024973364209
"412bfdf0b2ed931d88862ff52ed39306",7,0.636571822007378
"412bfdf0b2ed931d88862ff52ed39306",7.5,0.674947344252182
"412bfdf0b2ed931d88862ff52ed39306",8,0.715942831856413
"412bfdf0b2ed931d88862ff52ed39306",8.5,0.758046597323819
"412bfdf0b2ed931d88862ff52ed39306",9,0.799560010221724
"412bfdf0b2ed931d88862ff52ed39306",9.5,0.838788830538327
"412bfdf0b2ed931d88862ff52ed39306",10,0.874269672221455
"4d805abd8790a38c0dd2ff8751ef930b",0,0.363128952450441
"4d805abd8790a38c0dd2ff8751ef930b",0.5,0.355853109516643
"4d805abd8790a38c0dd2ff8751ef930b",1,0.350060191152974
"4d805abd8790a38c0dd2ff8751ef930b",1.5,0.345720120291036
"4d805abd8790a38c0dd2ff8751ef930b",2,0.342809081775342
"4d805abd8790a38c0dd2ff8751ef930b",2.5,0.341310494135419
"4d805abd8790a38c0dd2ff8751ef930b",3,0.341215632619364
"4d805abd8790a38c0dd2ff8751ef930b",3.5,0.342523940647976
"4d805abd8790a38c0dd2ff8751ef930b",4,0.345243049314545
"4d805abd8790a38c0dd2ff8751ef930b",4.5,0.349388506183389
"4d805abd8790a38c0dd2ff8751ef930b",5,0.354983196218024
"4d805abd8790a38c0dd2ff8751ef930b",5.5,0.362056419969709
"4d805abd8790a38c0dd2ff8751ef930b",6,0.370642578169969
"4d805abd8790a38c0dd2ff8751ef930b",6.5,0.380779399037612
"4d805abd8790a38c0dd2ff8751ef930b",7,0.392505637035293
"4d805abd8790a38c0dd2ff8751ef930b",7.5,0.405858172421489
"4d805abd8790a38c0dd2ff8751ef930b",8,0.42086845354475
"4d805abd8790a38c0dd2ff8751ef930b",8.5,0.437558252937285
"4d805abd8790a38c0dd2ff8751ef930b",9,0.455934758615598
"4d805abd8790a38c0dd2ff8751ef930b",9.5,0.475985097538132
"4d805abd8790a38c0dd2ff8751ef930b",10,0.497670490479837
"1fd7bf523afe46a8bf9be68b2f834e89",0,0.374719097772946
"1fd7bf523afe46a8bf9be68b2f834e89",0.5,0.363629175121723
"1fd7bf523afe46a8bf9be68b2f834e89",1,0.354337526926171
"1fd7bf523afe46a8bf9be68b2f834e89",1.5,0.34679385724281
"1fd7bf523afe46a8bf9be68b2f834e89",2,0.340952917287972
"1fd7bf523afe46a8bf9be68b2f834e89",2.5,0.336777003869992
"1fd7bf523afe46a8bf9be68b2f834e89",3,0.334237756759751
"1fd7bf523afe46a8bf9be68b2f834e89",3.5,0.333317365367437
"1fd7bf523afe46a8bf9be68b2f834e89",4,0.334009269171678
"1fd7bf523afe46a8bf9be68b2f834e89",4.5,0.336318405228353
"1fd7bf523afe46a8bf9be68b2f834e89",5,0.340261022425057
"1fd7bf523afe46a8bf9be68b2f834e89",5.5,0.345864047681215
"1fd7bf523afe46a8bf9be68b2f834e89",6,0.35316395542693
"1fd7bf523afe46a8bf9be68b2f834e89",6.5,0.362205060080751
"1fd7bf523afe46a8bf9be68b2f834e89",7,0.373037124377499
"1fd7bf523afe46a8bf9be68b2f834e89",7.5,0.385712158160403
"1fd7bf523afe46a8bf9be68b2f834e89",8,0.400280278412395
"1fd7bf523afe46a8bf9be68b2f834e89",8.5,0.416784519746948
"1fd7bf523afe46a8bf9be68b2f834e89",9,0.435254535071999
"1fd7bf523afe46a8bf9be68b2f834e89",9.5,0.455699219202137
"1fd7bf523afe46a8bf9be68b2f834e89",10,0.478098432674129
"fa04f82b092a77994edb4b7e9e9c7df3",0,0.466707785124641
"fa04f82b092a77994edb4b7e9e9c7df3",0.5,0.456700045791088
"fa04f82b092a77994edb4b7e9e9c7df3",1,0.450303292779008
"fa04f82b092a77994edb4b7e9e9c7df3",1.5,0.447497027899735
"fa04f82b092a77994edb4b7e9e9c7df3",2,0.448270474548758
"fa04f82b092a77994edb4b7e9e9c7df3",2.5,0.452626711431123
"fa04f82b092a77994edb4b7e9e9c7df3",3,0.460581535832484
"fa04f82b092a77994edb4b7e9e9c7df3",3.5,0.472157026021722
"fa04f82b092a77994edb4b7e9e9c7df3",4,0.487369667357695
"fa04f82b092a77994edb4b7e9e9c7df3",4.5,0.506212952821245
"fa04f82b092a77994edb4b7e9e9c7df3",5,0.528634692655603
"fa04f82b092a77994edb4b7e9e9c7df3",5.5,0.554509983821878
"fa04f82b092a77994edb4b7e9e9c7df3",6,0.58361195902471
"fa04f82b092a77994edb4b7e9e9c7df3",6.5,0.615583994216767
"fa04f82b092a77994edb4b7e9e9c7df3",7,0.649918729673236
"fa04f82b092a77994edb4b7e9e9c7df3",7.5,0.685950509338203
"fa04f82b092a77994edb4b7e9e9c7df3",8,0.722867886911446
"fa04f82b092a77994edb4b7e9e9c7df3",8.5,0.759750875604204
"fa04f82b092a77994edb4b7e9e9c7df3",9,0.795633199217735
"fa04f82b092a77994edb4b7e9e9c7df3",9.5,0.829583399985725
"fa04f82b092a77994edb4b7e9e9c7df3",10,0.860791987885414
"f49d3798381f3986465826ecd34f17b1",0,0.493465547719358
"f49d3798381f3986465826ecd34f17b1",0.5,0.449241184881501
"f49d3798381f3986465826ecd34f17b1",1,0.40811750721083
"f49d3798381f3986465826ecd34f17b1",1.5,0.370439007004322
"f49d3798381f3986465826ecd34f17b1",2,0.336375908014257
"f49d3798381f3986465826ecd34f17b1",2.5,0.305951530283492
"f49d3798381f3986465826ecd34f17b1",3,0.279074168214491
"f49d3798381f3986465826ecd34f17b1",3.5,0.255569796094275
"f49d3798381f3986465826ecd34f17b1",4,0.235212505227417
"f49d3798381f3986465826ecd34f17b1",4.5,0.217750560412584
"f49d3798381f3986465826ecd34f17b1",5,0.202927070181551
"f49d3798381f3986465826ecd34f17b1",5.5,0.190495219199227
"f49d3798381f3986465826ecd34f17b1",6,0.180228662087659
"f49d3798381f3986465826ecd34f17b1",6.5,0.171928009717064
"f49d3798381f3986465826ecd34f17b1",7,0.16542441832799
"f49d3798381f3986465826ecd34f17b1",7.5,0.160581211132513
"f49d3798381f3986465826ecd34f17b1",8,0.157294303030174
"f49d3798381f3986465826ecd34f17b1",8.5,0.155492018411548
"f49d3798381f3986465826ecd34f17b1",9,0.155134721082451
"f49d3798381f3986465826ecd34f17b1",9.5,0.156214526142701
"f49d3798381f3986465826ecd34f17b1",10,0.158755235681007
"eeef2d3ee5a5f698ecf863b0d523f3b4",0,0.347270363597756
"eeef2d3ee5a5f698ecf863b0d523f3b4",0.5,0.278501558289765
"eeef2d3ee5a5f698ecf863b0d523f3b4",1,0.226084845034526
"eeef2d3ee5a5f698ecf863b0d523f3b4",1.5,0.18864813164762
"eeef2d3ee5a5f698ecf863b0d523f3b4",2,0.163908272261199
"eeef2d3ee5a5f698ecf863b0d523f3b4",2.5,0.14970027794319
"eeef2d3ee5a5f698ecf863b0d523f3b4",3,0.144545304438374
"eeef2d3ee5a5f698ecf863b0d523f3b4",3.5,0.147866012951685
"eeef2d3ee5a5f698ecf863b0d523f3b4",4,0.160036737507862
"eeef2d3ee5a5f698ecf863b0d523f3b4",4.5,0.182353049775323
"eeef2d3ee5a5f698ecf863b0d523f3b4",5,0.21686544222376
"eeef2d3ee5a5f698ecf863b0d523f3b4",5.5,0.265903567159409
"eeef2d3ee5a5f698ecf863b0d523f3b4",6,0.331138558876902
"eeef2d3ee5a5f698ecf863b0d523f3b4",6.5,0.412396086401899
"eeef2d3ee5a5f698ecf863b0d523f3b4",7,0.506965353042847
"eeef2d3ee5a5f698ecf863b0d523f3b4",7.5,0.609788418487456
"eeef2d3ee5a5f698ecf863b0d523f3b4",8,0.713677432427715
"eeef2d3ee5a5f698ecf863b0d523f3b4",8.5,0.809581092207839
"eeef2d3ee5a5f698ecf863b0d523f3b4",9,0.888584015993978
"eeef2d3ee5a5f698ecf863b0d523f3b4",9.5,0.944377288586288
"eeef2d3ee5a5f698ecf863b0d523f3b4",10,0.97650131108694
"256d59473c34b02c3e6c046bb812c0bd",0,0.527461078824684
"256d59473c34b02c3e6c046bb812c0bd",0.5,0.50317797936708
"256d59473c34b02c3e6c046bb812c0bd",1,0.483427345334478
"256d59473c34b02c3e6c046bb812c0bd",1.5,0.468280610439374
"256d59473c34b02c3e6c046bb812c0bd",2,0.457751421325321
"256d59473c34b02c3e6c046bb812c0bd",2.5,0.451827904302708
"256d59473c34b02c3e6c046bb812c0bd",3,0.45049560505006
"256d59473c34b02c3e6c046bb812c0bd",3.5,0.453750497518289
"256d59473c34b02c3e6c046bb812c0bd",4,0.461601915347429
"256d59473c34b02c3e6c046bb812c0bd",4.5,0.474065393069962
"256d59473c34b02c3e6c046bb812c0bd",5,0.491145461475479
"256d59473c34b02c3e6c046bb812c0bd",5.5,0.512808683689457
"256d59473c34b02c3e6c046bb812c0bd",6,0.538947869295873
"256d59473c34b02c3e6c046bb812c0bd",6.5,0.569339596487868
"256d59473c34b02c3e6c046bb812c0bd",7,0.603598922499815
"256d59473c34b02c3e6c046bb812c0bd",7.5,0.641137404500571
"256d59473c34b02c3e6c046bb812c0bd",8,0.68113321322442
"256d59473c34b02c3e6c046bb812c0bd",8.5,0.722525011647856
"256d59473c34b02c3e6c046bb812c0bd",9,0.764043442168234
"256d59473c34b02c3e6c046bb812c0bd",9.5,0.804292765169332
"256d59473c34b02c3e6c046bb812c0bd",10,0.841886006900046
"405816d453d22ed54e3a641d83be47da",0,0.472999709030074
"405816d453d22ed54e3a641d83be47da",0.5,0.512160849710238
"405816d453d22ed54e3a641d83be47da",1,0.541411737769188
"405816d453d22ed54e3a641d83be47da",1.5,0.560399831142497
"405816d453d22ed54e3a641d83be47da",2,0.569037811656265
"405816d453d22ed54e3a641d83be47da",2.5,0.567325747864926
"405816d453d22ed54e3a641d83be47da",3,0.555261586757859
"405816d453d22ed54e3a641d83be47da",3.5,0.532859276581311
"405816d453d22ed54e3a641d83be47da",4,0.500270981038002
"405816d453d22ed54e3a641d83be47da",4.5,0.457984609435973
"405816d453d22ed54e3a641d83be47da",5,0.4070317542616
"405816d453d22ed54e3a641d83be47da",5.5,0.349116401747544
"405816d453d22ed54e3a641d83be47da",6,0.286633001392351
"405816d453d22ed54e3a641d83be47da",6.5,0.222705986780124
"405816d453d22ed54e3a641d83be47da",7,0.161354362434214
"405816d453d22ed54e3a641d83be47da",7.5,0.10728977756306
"405816d453d22ed54e3a641d83be47da",8,0.0645786202819858
"405816d453d22ed54e3a641d83be47da",8.5,0.0348463704420218
"405816d453d22ed54e3a641d83be47da",9,0.0168007265306138
"405816d453d22ed54e3a641d83be47da",9.5,0.00728806607072326
"405816d453d22ed54e3a641d83be47da",10,0.00288559694172296
"02ec28912a3d70e55c7b7328bbeceda4",0,0.0271869364666014
"02ec28912a3d70e55c7b7328bbeceda4",0.5,0.0556178221099336
"02ec28912a3d70e55c7b7328bbeceda4",1,0.0997823627012611
"02ec28912a3d70e55c7b7328bbeceda4",1.5,0.158182758162971
"02ec28912a3d70e55c7b7328bbeceda4",2,0.226433793068247
"02ec28912a3d70e55c7b7328bbeceda4",2.5,0.299410884708793
"02ec28912a3d70e55c7b7328bbeceda4",3,0.371707384029464
"02ec28912a3d70e55c7b7328bbeceda4",3.5,0.437934600263467
"02ec28912a3d70e55c7b7328bbeceda4",4,0.493735113901376
"02ec28912a3d70e55c7b7328bbeceda4",4.5,0.536514613698347
"02ec28912a3d70e55c7b7328bbeceda4",5,0.56528527011176
"02ec28912a3d70e55c7b7328bbeceda4",5.5,0.579974324299418
"02ec28912a3d70e55c7b7328bbeceda4",6,0.58074415609716
"02ec28912a3d70e55c7b7328bbeceda4",6.5,0.567607108595001
"02ec28912a3d70e55c7b7328bbeceda4",7,0.540404947024634
"02ec28912a3d70e55c7b7328bbeceda4",7.5,0.499154820655699
"02ec28912a3d70e55c7b7328bbeceda4",8,0.444705096310669
"02ec28912a3d70e55c7b7328bbeceda4",8.5,0.379449078929477
"02ec28912a3d70e55c7b7328bbeceda4",9,0.307569218425899
"02ec28912a3d70e55c7b7328bbeceda4",9.5,0.234395360682164
"02ec28912a3d70e55c7b7328bbeceda4",10,0.165362723075598
"30a6f6d0aa88679e879c11187a8966ac",0,0.5861636284194
"30a6f6d0aa88679e879c11187a8966ac",0.5,0.491980934653543
"30a6f6d0aa88679e879c11187a8966ac",1,0.410361535043854
"30a6f6d0aa88679e879c11187a8966ac",1.5,0.344850665520642
"30a6f6d0aa88679e879c11187a8966ac",2,0.29575583736296
"30a6f6d0aa88679e879c11187a8966ac",2.5,0.261673849764626
"30a6f6d0aa88679e879c11187a8966ac",3,0.2407860992507
"30a6f6d0aa88679e879c11187a8966ac",3.5,0.231641085327165
"30a6f6d0aa88679e879c11187a8966ac",4,0.23352505216558
"30a6f6d0aa88679e879c11187a8966ac",4.5,0.246588863073084
"30a6f6d0aa88679e879c11187a8966ac",5,0.271823828944552
"30a6f6d0aa88679e879c11187a8966ac",5.5,0.310866628646038
"30a6f6d0aa88679e879c11187a8966ac",6,0.365507054593454
"30a6f6d0aa88679e879c11187a8966ac",6.5,0.436729353091942
"30a6f6d0aa88679e879c11187a8966ac",7,0.523274251873964
"30a6f6d0aa88679e879c11187a8966ac",7.5,0.620221463644797
"30a6f6d0aa88679e879c11187a8966ac",8,0.718783413069821
"30a6f6d0aa88679e879c11187a8966ac",8.5,0.808464199798199
"30a6f6d0aa88679e879c11187a8966ac",9,0.880986419349724
"30a6f6d0aa88679e879c11187a8966ac",9.5,0.93311081229381
"30a6f6d0aa88679e879c11187a8966ac",10,0.96641399485892
"09a4daa4de42df59da7065a016efec93",0,0.714788392394273
"09a4daa4de42df59da7065a016efec93",0.5,0.695280124422562
"09a4daa4de42df59da7065a016efec93",1,0.678539372901612
"09a4daa4de42df59da7065a016efec93",1.5,0.664889151654977
"09a4daa4de42df59da7065a016efec93",2,0.654566255397349
"09a4daa4de42df59da7065a016efec93",2.5,0.647733008070673
"09a4daa4de42df59da7065a016efec93",3,0.644488645047026
"09a4daa4de42df59da7065a016efec93",3.5,0.644877944433436
"09a4daa4de42df59da7065a016efec93",4,0.648895613378869
"09a4daa4de42df59da7065a016efec93",4.5,0.656485752251626
"09a4daa4de42df59da7065a016efec93",5,0.66753647670532
"09a4daa4de42df59da7065a016efec93",5.5,0.681870542818658
"09a4daa4de42df59da7065a016efec93",6,0.699233655016338
"09a4daa4de42df59da7065a016efec93",6.5,0.719283035070474
"09a4daa4de42df59da7065a016efec93",7,0.741579667477888
"09a4daa4de42df59da7065a016efec93",7.5,0.765588137697429
"09a4daa4de42df59da7065a016efec93",8,0.790687755593976
"09a4daa4de42df59da7065a016efec93",8.5,0.816197334249196
"09a4daa4de42df59da7065a016efec93",9,0.841413449163192
"09a4daa4de42df59da7065a016efec93",9.5,0.865658603085377
"09a4daa4de42df59da7065a016efec93",10,0.888332413405899
"8ba37f691cb03f9c50198ff1fa490cbc",0,0.75893787710229
"8ba37f691cb03f9c50198ff1fa490cbc",0.5,0.741756978325172
"8ba37f691cb03f9c50198ff1fa490cbc",1,0.726930112945559
"8ba37f691cb03f9c50198ff1fa490cbc",1.5,0.714795049053177
"8ba37f691cb03f9c50198ff1fa490cbc",2,0.705610066346946
"8ba37f691cb03f9c50198ff1fa490cbc",2.5,0.699558868784682
"8ba37f691cb03f9c50198ff1fa490cbc",3,0.696756640678116
"8ba37f691cb03f9c50198ff1fa490cbc",3.5,0.69725510213174
"8ba37f691cb03f9c50198ff1fa490cbc",4,0.70104512912942
"8ba37f691cb03f9c50198ff1fa490cbc",4.5,0.708056274743891
"8ba37f691cb03f9c50198ff1fa490cbc",5,0.718153309310753
"8ba37f691cb03f9c50198ff1fa490cbc",5.5,0.731130677840189
"8ba37f691cb03f9c50198ff1fa490cbc",6,0.74670653388987
"8ba37f691cb03f9c50198ff1fa490cbc",6.5,0.764518678869766
"8ba37f691cb03f9c50198ff1fa490cbc",7,0.784125161185169
"8ba37f691cb03f9c50198ff1fa490cbc",7.5,0.805012245832778
"8ba37f691cb03f9c50198ff1fa490cbc",8,0.826611722741442
"8ba37f691cb03f9c50198ff1fa490cbc",8.5,0.848327974794097
"8ba37f691cb03f9c50198ff1fa490cbc",9,0.869573037141171
"8ba37f691cb03f9c50198ff1fa490cbc",9.5,0.889805557511588
"8ba37f691cb03f9c50198ff1fa490cbc",10,0.908567874834592
"8e6b7c5ecf2372fce1b1718d63354ceb",0,0.969787162692296
"8e6b7c5ecf2372fce1b1718d63354ceb",0.5,0.953559732321493
"8e6b7c5ecf2372fce1b1718d63354ceb",1,0.932031680568957
"8e6b7c5ecf2372fce1b1718d63354ceb",1.5,0.905273555472012
"8e6b7c5ecf2372fce1b1718d63354ceb",2,0.87406935968916
"8e6b7c5ecf2372fce1b1718d63354ceb",2.5,0.839813541478178
"8e6b7c5ecf2372fce1b1718d63354ceb",3,0.804275459502948
"8e6b7c5ecf2372fce1b1718d63354ceb",3.5,0.769339816479062
"8e6b7c5ecf2372fce1b1718d63354ceb",4,0.73679466094249
"8e6b7c5ecf2372fce1b1718d63354ceb",4.5,0.708189304823804
"8e6b7c5ecf2372fce1b1718d63354ceb",5,0.684760465181858
"8e6b7c5ecf2372fce1b1718d63354ceb",5.5,0.667416144028661
"8e6b7c5ecf2372fce1b1718d63354ceb",6,0.65675946602669
"8e6b7c5ecf2372fce1b1718d63354ceb",6.5,0.653129323800879
"8e6b7c5ecf2372fce1b1718d63354ceb",7,0.656635385578648
"8e6b7c5ecf2372fce1b1718d63354ceb",7.5,0.667171780849383
"8e6b7c5ecf2372fce1b1718d63354ceb",8,0.684403867709101
"8e6b7c5ecf2372fce1b1718d63354ceb",8.5,0.707733488792128
"8e6b7c5ecf2372fce1b1718d63354ceb",9,0.73625824423993
"8e6b7c5ecf2372fce1b1718d63354ceb",9.5,0.768747154684625
"8e6b7c5ecf2372fce1b1718d63354ceb",10,0.803655911233069
"c3d5d225d13f1dee5d28b269b2a3e610",0,0.146258245064752
"c3d5d225d13f1dee5d28b269b2a3e610",0.5,0.112081652564638
"c3d5d225d13f1dee5d28b269b2a3e610",1,0.0879305033708993
"c3d5d225d13f1dee5d28b269b2a3e610",1.5,0.0709980476512841
"c3d5d225d13f1dee5d28b269b2a3e610",2,0.0592176962353876
"c3d5d225d13f1dee5d28b269b2a3e610",2.5,0.0511478566516946
"c3d5d225d13f1dee5d28b269b2a3e610",3,0.0458222842448709
"c3d5d225d13f1dee5d28b269b2a3e610",3.5,0.0426228443858022
"c3d5d225d13f1dee5d28b269b2a3e610",4,0.0411889509109993
"c3d5d225d13f1dee5d28b269b2a3e610",4.5,0.0413622043809451
"c3d5d225d13f1dee5d28b269b2a3e610",5,0.0431616289062881
"c3d5d225d13f1dee5d28b269b2a3e610",5.5,0.0467866580166927
"c3d5d225d13f1dee5d28b269b2a3e610",6,0.0526482375559031
"c3d5d225d13f1dee5d28b269b2a3e610",6.5,0.0614314780126008
"c3d5d225d13f1dee5d28b269b2a3e610",7,0.074194373129548
"c3d5d225d13f1dee5d28b269b2a3e610",7.5,0.09250208769585
"c3d5d225d13f1dee5d28b269b2a3e610",8,0.118576154991684
"c3d5d225d13f1dee5d28b269b2a3e610",8.5,0.155387014526183
"c3d5d225d13f1dee5d28b269b2a3e610",9,0.206521667784599
"c3d5d225d13f1dee5d28b269b2a3e610",9.5,0.275534865713311
"c3d5d225d13f1dee5d28b269b2a3e610",10,0.364468262399509
"86d80008f392e9bf1a57af4d4126c538",0,0.0092292319700131
"86d80008f392e9bf1a57af4d4126c538",0.5,0.0131000186884699
"86d80008f392e9bf1a57af4d4126c538",1,0.0180250052264728
"86d80008f392e9bf1a57af4d4126c538",1.5,0.0240408112829221
"86d80008f392e9bf1a57af4d4126c538",2,0.0310827654289431
"86d80008f392e9bf1a57af4d4126c538",2.5,0.0389654198953387
"86d80008f392e9bf1a57af4d4126c538",3,0.0473795268470232
"86d80008f392e9bf1a57af4d4126c538",3.5,0.0559087977550928
"86d80008f392e9bf1a57af4d4126c538",4,0.0640650419360533
"86d80008f392e9bf1a57af4d4126c538",4.5,0.0713359400866186
"86d80008f392e9bf1a57af4d4126c538",5,0.0772373622004002
"86d80008f392e9bf1a57af4d4126c538",5.5,0.0813623188997548
"86d80008f392e9bf1a57af4d4126c538",6,0.0834206590093437
"86d80008f392e9bf1a57af4d4126c538",6.5,0.0832661931863617
"86d80008f392e9bf1a57af4d4126c538",7,0.0809099208462505
"86d80008f392e9bf1a57af4d4126c538",7.5,0.0765190459085325
"86d80008f392e9bf1a57af4d4126c538",8,0.0704017965974475
"86d80008f392e9bf1a57af4d4126c538",8.5,0.0629784494194651
"86d80008f392e9bf1a57af4d4126c538",9,0.0547400983803902
"86d80008f392e9bf1a57af4d4126c538",9.5,0.04619882975572
"86d80008f392e9bf1a57af4d4126c538",10,0.0378355325664593
"16989be5fac814f2ac4685a2e898f926",0,0.42683209093735
"16989be5fac814f2ac4685a2e898f926",0.5,0.466436276460735
"16989be5fac814f2ac4685a2e898f926",1,0.505042089833025
"16989be5fac814f2ac4685a2e898f926",1.5,0.542351986936688
"16989be5fac814f2ac4685a2e898f926",2,0.578147709975719
"16989be5fac814f2ac4685a2e898f926",2.5,0.612273437607208
"16989be5fac814f2ac4685a2e898f926",3,0.644620280905113
"16989be5fac814f2ac4685a2e898f926",3.5,0.675114539364972
"16989be5fac814f2ac4685a2e898f926",4,0.703710208250857
"16989be5fac814f2ac4685a2e898f926",4.5,0.730384956370982
"16989be5fac814f2ac4685a2e898f926",5,0.755138264771922
"16989be5fac814f2ac4685a2e898f926",5.5,0.777990459067572
"16989be5fac814f2ac4685a2e898f926",6,0.798981714695607
"16989be5fac814f2ac4685a2e898f926",6.5,0.818170535155101
"16989be5fac814f2ac4685a2e898f926",7,0.835631558806562
"16989be5fac814f2ac4685a2e898f926",7.5,0.85145278681403
"16989be5fac814f2ac4685a2e898f926",8,0.865732445824034
"16989be5fac814f2ac4685a2e898f926",8.5,0.878575731819585
"16989be5fac814f2ac4685a2e898f926",9,0.890091658977282
"16989be5fac814f2ac4685a2e898f926",9.5,0.900390186975893
"16989be5fac814f2ac4685a2e898f926",10,0.90957974161655
"8e03dfd5f98fe1ce5837a0659174478d",0,0.224508574752983
"8e03dfd5f98fe1ce5837a0659174478d",0.5,0.251935906592664
"8e03dfd5f98fe1ce5837a0659174478d",1,0.278072485598772
"8e03dfd5f98fe1ce5837a0659174478d",1.5,0.302221485936194
"8e03dfd5f98fe1ce5837a0659174478d",2,0.323794776673549
"8e03dfd5f98fe1ce5837a0659174478d",2.5,0.342322770756716
"8e03dfd5f98fe1ce5837a0659174478d",3,0.357450068978424
"8e03dfd5f98fe1ce5837a0659174478d",3.5,0.368922200059268
"8e03dfd5f98fe1ce5837a0659174478d",4,0.376568766835456
"8e03dfd5f98fe1ce5837a0659174478d",4.5,0.380287389355963
"8e03dfd5f98fe1ce5837a0659174478d",5,0.380031579948972
"8e03dfd5f98fe1ce5837a0659174478d",5.5,0.375804466768806
"8e03dfd5f98fe1ce5837a0659174478d",6,0.36765923319014
"8e03dfd5f98fe1ce5837a0659174478d",6.5,0.355706214880291
"8e03dfd5f98fe1ce5837a0659174478d",7,0.340125661491906
"8e03dfd5f98fe1ce5837a0659174478d",7.5,0.321184098679092
"8e03dfd5f98fe1ce5837a0659174478d",8,0.299250990730775
"8e03dfd5f98fe1ce5837a0659174478d",8.5,0.274811165334675
"8e03dfd5f98fe1ce5837a0659174478d",9,0.24846762561523
"8e03dfd5f98fe1ce5837a0659174478d",9.5,0.220929550754645
"8e03dfd5f98fe1ce5837a0659174478d",10,0.192982079587321
"4ea416696b8274c8ca1c6af6b2c45bd1",0,0.162514877800034
"4ea416696b8274c8ca1c6af6b2c45bd1",0.5,0.204272342197542
"4ea416696b8274c8ca1c6af6b2c45bd1",1,0.247206935443063
"4ea416696b8274c8ca1c6af6b2c45bd1",1.5,0.288911286476635
"4ea416696b8274c8ca1c6af6b2c45bd1",2,0.327190941392905
"4ea416696b8274c8ca1c6af6b2c45bd1",2.5,0.360290851380982
"4ea416696b8274c8ca1c6af6b2c45bd1",3,0.386962869595744
"4ea416696b8274c8ca1c6af6b2c45bd1",3.5,0.406413030830025
"4ea416696b8274c8ca1c6af6b2c45bd1",4,0.418191748068576
"4ea416696b8274c8ca1c6af6b2c45bd1",4.5,0.422082168464579
"4ea416696b8274c8ca1c6af6b2c45bd1",5,0.418022040754238
"4ea416696b8274c8ca1c6af6b2c45bd1",5.5,0.406076438296724
"4ea416696b8274c8ca1c6af6b2c45bd1",6,0.386466210356848
"4ea416696b8274c8ca1c6af6b2c45bd1",6.5,0.359647066157143
"4ea416696b8274c8ca1c6af6b2c45bd1",7,0.326421622771417
"4ea416696b8274c8ca1c6af6b2c45bd1",7.5,0.288048629218966
"4ea416696b8274c8ca1c6af6b2c45bd1",8,0.246293761934252
"4ea416696b8274c8ca1c6af6b2c45bd1",8.5,0.203358971468805
"4ea416696b8274c8ca1c6af6b2c45bd1",9,0.161652593126846
"4ea416696b8274c8ca1c6af6b2c45bd1",9.5,0.123428599683093
"4ea416696b8274c8ca1c6af6b2c45bd1",10,0.0904037384129039
"f1a61c274d5c9c058410aef11e92a4c9",0,0.464283255261572
"f1a61c274d5c9c058410aef11e92a4c9",0.5,0.469461811632212
"f1a61c274d5c9c058410aef11e92a4c9",1,0.473690010465248
"f1a61c274d5c9c058410aef11e92a4c9",1.5,0.476964533205644
"f1a61c274d5c9c058410aef11e92a4c9",2,0.479283273532287
"f1a61c274d5c9c058410aef11e92a4c9",2.5,0.480644985066689
"f1a61c274d5c9c058410aef11e92a4c9",3,0.481049030662797
"f1a61c274d5c9c058410aef11e92a4c9",3.5,0.480495234769216
"f1a61c274d5c9c058410aef11e92a4c9",4,0.478983839571112
"f1a61c274d5c9c058410aef11e92a4c9",4.5,0.476515565097586
"f1a61c274d5c9c058410aef11e92a4c9",5,0.473091773037075
"f1a61c274d5c9c058410aef11e92a4c9",5.5,0.468714733452879
"f1a61c274d5c9c058410aef11e92a4c9",6,0.46338799274943
"f1a61c274d5c9c058410aef11e92a4c9",6.5,0.457116839929159
"f1a61c274d5c9c058410aef11e92a4c9",7,0.449908866232963
"f1a61c274d5c9c058410aef11e92a4c9",7.5,0.441774610529607
"f1a61c274d5c9c058410aef11e92a4c9",8,0.432728279202308
"f1a61c274d5c9c058410aef11e92a4c9",8.5,0.422788524723419
"f1a61c274d5c9c058410aef11e92a4c9",9,0.41197926164211
"f1a61c274d5c9c058410aef11e92a4c9",9.5,0.400330492480069
"f1a61c274d5c9c058410aef11e92a4c9",10,0.387879109324011
"107dbe79f6b760c87d5e6b75a77a95cb",0,0.323631837629643
"107dbe79f6b760c87d5e6b75a77a95cb",0.5,0.314248770390572
"107dbe79f6b760c87d5e6b75a77a95cb",1,0.30700345973998
"107dbe79f6b760c87d5e6b75a77a95cb",1.5,0.301823123190554
"107dbe79f6b760c87d5e6b75a77a95cb",2,0.298653036857251
"107dbe79f6b760c87d5e6b75a77a95cb",2.5,0.29745863019251
"107dbe79f6b760c87d5e6b75a77a95cb",3,0.298226667489254
"107dbe79f6b760c87d5e6b75a77a95cb",3.5,0.300965672832876
"107dbe79f6b760c87d5e6b75a77a95cb",4,0.305705658124662
"107dbe79f6b760c87d5e6b75a77a95cb",4.5,0.312497115804543
"107dbe79f6b760c87d5e6b75a77a95cb",5,0.321409140474441
"107dbe79f6b760c87d5e6b75a77a95cb",5.5,0.332526449216745
"107dbe79f6b760c87d5e6b75a77a95cb",6,0.345944984902094
"107dbe79f6b760c87d5e6b75a77a95cb",6.5,0.361765722125916
"107dbe79f6b760c87d5e6b75a77a95cb",7,0.380086272136044
"107dbe79f6b760c87d5e6b75a77a95cb",7.5,0.400989932054534
"107dbe79f6b760c87d5e6b75a77a95cb",8,0.424531985344728
"107dbe79f6b760c87d5e6b75a77a95cb",8.5,0.450723379480783
"107dbe79f6b760c87d5e6b75a77a95cb",9,0.479512418629148
"107dbe79f6b760c87d5e6b75a77a95cb",9.5,0.510765816843268
"107dbe79f6b760c87d5e6b75a77a95cb",10,0.544251299388087
"66c8da676b47580940c2e1583707b2ff",0,0.191245164993602
"66c8da676b47580940c2e1583707b2ff",0.5,0.212158662478338
"66c8da676b47580940c2e1583707b2ff",1,0.233367660358473
"66c8da676b47580940c2e1583707b2ff",1.5,0.254605751177068
"66c8da676b47580940c2e1583707b2ff",2,0.275609571239878
"66c8da676b47580940c2e1583707b2ff",2.5,0.296127486305973
"66c8da676b47580940c2e1583707b2ff",3,0.315926528939127
"66c8da676b47580940c2e1583707b2ff",3.5,0.334797312327012
"66c8da676b47580940c2e1583707b2ff",4,0.35255689121784
"66c8da676b47580940c2e1583707b2ff",4.5,0.369049739223896
"66c8da676b47580940c2e1583707b2ff",5,0.384147146812206
"66c8da676b47580940c2e1583707b2ff",5.5,0.397745414551118
"66c8da676b47580940c2e1583707b2ff",6,0.40976323096256
"66c8da676b47580940c2e1583707b2ff",6.5,0.420138598517097
"66c8da676b47580940c2e1583707b2ff",7,0.428825620862548
"66c8da676b47580940c2e1583707b2ff",7.5,0.435791403314781
"66c8da676b47580940c2e1583707b2ff",8,0.441013257503109
"66c8da676b47580940c2e1583707b2ff",8.5,0.44447634656204
"66c8da676b47580940c2e1583707b2ff",9,0.446171862667767
"66c8da676b47580940c2e1583707b2ff",9.5,0.44609579460513
"66c8da676b47580940c2e1583707b2ff",10,0.444248318087604
"2ea5e2af535193cd5ee01d634291af6b",0,0.425013929541926
"2ea5e2af535193cd5ee01d634291af6b",0.5,0.42807883958182
"2ea5e2af535193cd5ee01d634291af6b",1,0.431890120767743
"2ea5e2af535193cd5ee01d634291af6b",1.5,0.436452076649619
"2ea5e2af535193cd5ee01d634291af6b",2,0.44176929137906
"2ea5e2af535193cd5ee01d634291af6b",2.5,0.447846325315066
"2ea5e2af535193cd5ee01d634291af6b",3,0.454687354870175
"2ea5e2af535193cd5ee01d634291af6b",3.5,0.462295755346283
"2ea5e2af535193cd5ee01d634291af6b",4,0.470673626494382
"2ea5e2af535193cd5ee01d634291af6b",4.5,0.479821262010922
"2ea5e2af535193cd5ee01d634291af6b",5,0.489736566218361
"2ea5e2af535193cd5ee01d634291af6b",5.5,0.50041442381404
"2ea5e2af535193cd5ee01d634291af6b",6,0.511846031825719
"2ea5e2af535193cd5ee01d634291af6b",6.5,0.524018206755526
"2ea5e2af535193cd5ee01d634291af6b",7,0.536912684237438
"2ea5e2af535193cd5ee01d634291af6b",7.5,0.550505433210629
"2ea5e2af535193cd5ee01d634291af6b",8,0.564766011364519
"2ea5e2af535193cd5ee01d634291af6b",8.5,0.579656993084339
"2ea5e2af535193cd5ee01d634291af6b",9,0.595133504863836
"2ea5e2af535193cd5ee01d634291af6b",9.5,0.611142905618508
"2ea5e2af535193cd5ee01d634291af6b",10,0.627624649945165
"df2fadb416f9b62e708aded091f8e5de",0,0.399811140609827
"df2fadb416f9b62e708aded091f8e5de",0.5,0.389992988140566
"df2fadb416f9b62e708aded091f8e5de",1,0.38141692718585
"df2fadb416f9b62e708aded091f8e5de",1.5,0.374059358766363
"df2fadb416f9b62e708aded091f8e5de",2,0.367897225239662
"df2fadb416f9b62e708aded091f8e5de",2.5,0.362909242862285
"df2fadb416f9b62e708aded091f8e5de",3,0.359076882617566
"df2fadb416f9b62e708aded091f8e5de",3.5,0.356385126341773
"df2fadb416f9b62e708aded091f8e5de",4,0.354823023047471
"df2fadb416f9b62e708aded091f8e5de",4.5,0.354384066243886
"df2fadb416f9b62e708aded091f8e5de",5,0.35506640766101
"df2fadb416f9b62e708aded091f8e5de",5.5,0.356872916601022
"df2fadb416f9b62e708aded091f8e5de",6,0.359811087544687
"df2fadb416f9b62e708aded091f8e5de",6.5,0.363892791934818
"df2fadb416f9b62e708aded091f8e5de",7,0.369133863525011
"df2fadb416f9b62e708aded091f8e5de",7.5,0.37555350063447
"df2fadb416f9b62e708aded091f8e5de",8,0.383173463489541
"df2fadb416f9b62e708aded091f8e5de",8.5,0.392017041096212
"df2fadb416f9b62e708aded091f8e5de",9,0.4021077604886
"df2fadb416f9b62e708aded091f8e5de",9.5,0.413467812651513
"df2fadb416f9b62e708aded091f8e5de",10,0.426116175030154
"2044ce9f171b6d12ebe53998d1faf994",0,0.342034348076441
"2044ce9f171b6d12ebe53998d1faf994",0.5,0.341028237761148
"2044ce9f171b6d12ebe53998d1faf994",1,0.340909624559219
"2044ce9f171b6d12ebe53998d1faf994",1.5,0.341678065382326
"2044ce9f171b6d12ebe53998d1faf994",2,0.3433364218186
"2044ce9f171b6d12ebe53998d1faf994",2.5,0.345890796865464
"2044ce9f171b6d12ebe53998d1faf994",3,0.349350396069856
"2044ce9f171b6d12ebe53998d1faf994",3.5,0.353727307526784
"2044ce9f171b6d12ebe53998d1faf994",4,0.359036192392867
"2044ce9f171b6d12ebe53998d1faf994",4.5,0.365293875042873
"2044ce9f171b6d12ebe53998d1faf994",5,0.372518819893399
"2044ce9f171b6d12ebe53998d1faf994",5.5,0.380730480456394
"2044ce9f171b6d12ebe53998d1faf994",6,0.389948505652407
"2044ce9f171b6d12ebe53998d1faf994",6.5,0.400191789171407
"2044ce9f171b6d12ebe53998d1faf994",7,0.411477350151885
"2044ce9f171b6d12ebe53998d1faf994",7.5,0.423819038145989
"2044ce9f171b6d12ebe53998d1faf994",8,0.437226062755948
"2044ce9f171b6d12ebe53998d1faf994",8.5,0.451701358922703
"2044ce9f171b6d12ebe53998d1faf994",9,0.467239812932905
"2044ce9f171b6d12ebe53998d1faf994",9.5,0.483826391817327
"2044ce9f171b6d12ebe53998d1faf994",10,0.501434239533755
"f07a4576924650fd9a66f728a9453690",0,0.655253576355094
"f07a4576924650fd9a66f728a9453690",0.5,0.618816991589755
"f07a4576924650fd9a66f728a9453690",1,0.585715463624396
"f07a4576924650fd9a66f728a9453690",1.5,0.556608622857234
"f07a4576924650fd9a66f728a9453690",2,0.531926541754289
"f07a4576924650fd9a66f728a9453690",2.5,0.511916451154081
"f07a4576924650fd9a66f728a9453690",3,0.496696684083257
"f07a4576924650fd9a66f728a9453690",3.5,0.486307091994773
"f07a4576924650fd9a66f728a9453690",4,0.480749794904906
"f07a4576924650fd9a66f728a9453690",4.5,0.480017552683796
"f07a4576924650fd9a66f728a9453690",5,0.484108976083753
"f07a4576924650fd9a66f728a9453690",5.5,0.4930305286429
"f07a4576924650fd9a66f728a9453690",6,0.506785332373482
"f07a4576924650fd9a66f728a9453690",6.5,0.525348762877473
"f07a4576924650fd9a66f728a9453690",7,0.548631288168694
"f07a4576924650fd9a66f728a9453690",7.5,0.576430525433495
"f07a4576924650fd9a66f728a9453690",8,0.608377457451821
"f07a4576924650fd9a66f728a9453690",8.5,0.643886092712579
"f07a4576924650fd9a66f728a9453690",9,0.682120568555954
"f07a4576924650fd9a66f728a9453690",9.5,0.721996514597517
"f07a4576924650fd9a66f728a9453690",10,0.762231220272399
"54da24a2f7439e9ccfcecb9c0ffab1c3",0,0.184037714736971
"54da24a2f7439e9ccfcecb9c0ffab1c3",0.5,0.198869716060119
"54da24a2f7439e9ccfcecb9c0ffab1c3",1,0.213452850981833
"54da24a2f7439e9ccfcecb9c0ffab1c3",1.5,0.22761785277274
"54da24a2f7439e9ccfcecb9c0ffab1c3",2,0.241203514437377
"54da24a2f7439e9ccfcecb9c0ffab1c3",2.5,0.254059750207671
"54da24a2f7439e9ccfcecb9c0ffab1c3",3,0.266049806905516
"54da24a2f7439e9ccfcecb9c0ffab1c3",3.5,0.277051645953289
"54da24a2f7439e9ccfcecb9c0ffab1c3",4,0.286958580929559
"54da24a2f7439e9ccfcecb9c0ffab1c3",4.5,0.295679299748128
"54da24a2f7439e9ccfcecb9c0ffab1c3",5,0.303137424667574
"54da24a2f7439e9ccfcecb9c0ffab1c3",5.5,0.309270769857497
"54da24a2f7439e9ccfcecb9c0ffab1c3",6,0.314030448993462
"54da24a2f7439e9ccfcecb9c0ffab1c3",6.5,0.31737996851442
"54da24a2f7439e9ccfcecb9c0ffab1c3",7,0.319294419532406
"54da24a2f7439e9ccfcecb9c0ffab1c3",7.5,0.319759855860444
"54da24a2f7439e9ccfcecb9c0ffab1c3",8,0.318772919142475
"54da24a2f7439e9ccfcecb9c0ffab1c3",8.5,0.31634074561242
"54da24a2f7439e9ccfcecb9c0ffab1c3",9,0.312481162833004
"54da24a2f7439e9ccfcecb9c0ffab1c3",9.5,0.307223158686145
"54da24a2f7439e9ccfcecb9c0ffab1c3",10,0.300607578614624
"c38403f439beaf4f8ac6572ea9e65fc6",0,0.455529377766182
"c38403f439beaf4f8ac6572ea9e65fc6",0.5,0.433450408386228
"c38403f439beaf4f8ac6572ea9e65fc6",1,0.414486752001828
"c38403f439beaf4f8ac6572ea9e65fc6",1.5,0.398592122598786
"c38403f439beaf4f8ac6572ea9e65fc6",2,0.385694682106175
"c38403f439beaf4f8ac6572ea9e65fc6",2.5,0.375714317298156
"c38403f439beaf4f8ac6572ea9e65fc6",3,0.368575848909914
"c38403f439beaf4f8ac6572ea9e65fc6",3.5,0.36421856777768
"c38403f439beaf4f8ac6572ea9e65fc6",4,0.3626026144654
"c38403f439beaf4f8ac6572ea9e65fc6",4.5,0.363712671684241
"c38403f439beaf4f8ac6572ea9e65fc6",5,0.367559292441099
"c38403f439beaf4f8ac6572ea9e65fc6",5.5,0.374177990133998
"c38403f439beaf4f8ac6572ea9e65fc6",6,0.383626003528236
"c38403f439beaf4f8ac6572ea9e65fc6",6.5,0.395976447517456
"c38403f439beaf4f8ac6572ea9e65fc6",7,0.411309401733653
"c38403f439beaf4f8ac6572ea9e65fc6",7.5,0.429699418909214
"c38403f439beaf4f8ac6572ea9e65fc6",8,0.451199019028439
"c38403f439beaf4f8ac6572ea9e65fc6",8.5,0.475818058869335
"c38403f439beaf4f8ac6572ea9e65fc6",9,0.503499519248891
"c38403f439beaf4f8ac6572ea9e65fc6",9.5,0.534093290480475
"c38403f439beaf4f8ac6572ea9e65fc6",10,0.567330917288228
"eabca4cf5628c7849ac574f0cc5e3581",0,0.643984374687437
"eabca4cf5628c7849ac574f0cc5e3581",0.5,0.617526329989818
"eabca4cf5628c7849ac574f0cc5e3581",1,0.594080989979243
"eabca4cf5628c7849ac574f0cc5e3581",1.5,0.573970174196337
"eabca4cf5628c7849ac574f0cc5e3581",2,0.557409974917133
"eabca4cf5628c7849ac574f0cc5e3581",2.5,0.544535052709761
"eabca4cf5628c7849ac574f0cc5e3581",3,0.535422430076086
"eabca4cf5628c7849ac574f0cc5e3581",3.5,0.530111790154684
"eabca4cf5628c7849ac574f0cc5e3581",4,0.528620548469314
"eabca4cf5628c7849ac574f0cc5e3581",4.5,0.530952836614015
"eabca4cf5628c7849ac574f0cc5e3581",5,0.537102045969995
"eabca4cf5628c7849ac574f0cc5e3581",5.5,0.547046853134303
"eabca4cf5628c7849ac574f0cc5e3581",6,0.560740853546026
"eabca4cf5628c7849ac574f0cc5e3581",6.5,0.578096241703242
"eabca4cf5628c7849ac574f0cc5e3581",7,0.598962556636558
"eabca4cf5628c7849ac574f0cc5e3581",7.5,0.623102470506806
"eabca4cf5628c7849ac574f0cc5e3581",8,0.650167932543694
"eabca4cf5628c7849ac574f0cc5e3581",8.5,0.679681483010416
"eabca4cf5628c7849ac574f0cc5e3581",9,0.711028734718166
"eabca4cf5628c7849ac574f0cc5e3581",9.5,0.74346813029735
"eabca4cf5628c7849ac574f0cc5e3581",10,0.776162318714414
"9fb92bceb65a98a44413627366db6a5f",0,0.191374011827944
"9fb92bceb65a98a44413627366db6a5f",0.5,0.23660912556336
"9fb92bceb65a98a44413627366db6a5f",1,0.278870703873391
"9fb92bceb65a98a44413627366db6a5f",1.5,0.315384845643887
"9fb92bceb65a98a44413627366db6a5f",2,0.344137337393578
"9fb92bceb65a98a44413627366db6a5f",2.5,0.363827162548342
"9fb92bceb65a98a44413627366db6a5f",3,0.373718651494329
"9fb92bceb65a98a44413627366db6a5f",3.5,0.373491671166205
"9fb92bceb65a98a44413627366db6a5f",4,0.363153190834066
"9fb92bceb65a98a44413627366db6a5f",4.5,0.343039403459446
"9fb92bceb65a98a44413627366db6a5f",5,0.313907757544268
"9fb92bceb65a98a44413627366db6a5f",5.5,0.277088303033841
"9fb92bceb65a98a44413627366db6a5f",6,0.234629388262677
"9fb92bceb65a98a44413627366db6a5f",6.5,0.189336829058399
"9fb92bceb65a98a44413627366db6a5f",7,0.144584293345679
"9fb92bceb65a98a44413627366db6a5f",7.5,0.10380741762695
"9fb92bceb65a98a44413627366db6a5f",8,0.0697493887664922
"9fb92bceb65a98a44413627366db6a5f",8.5,0.0437784542475417
"9fb92bceb65a98a44413627366db6a5f",9,0.0256943424789775
"9fb92bceb65a98a44413627366db6a5f",9.5,0.0141437313246972
"9fb92bceb65a98a44413627366db6a5f",10,0.00732832378585097
"5728075f67a49815b4a412abc1f7cec5",0,0.461487831179438
"5728075f67a49815b4a412abc1f7cec5",0.5,0.377157656809953
"5728075f67a49815b4a412abc1f7cec5",1,0.309162389367122
"5728075f67a49815b4a412abc1f7cec5",1.5,0.257504850349971
"5728075f67a49815b4a412abc1f7cec5",2,0.220579001852108
"5728075f67a49815b4a412abc1f7cec5",2.5,0.196284511970505
"5728075f67a49815b4a412abc1f7cec5",3,0.182778793336039
"5728075f67a49815b4a412abc1f7cec5",3.5,0.17887704935362
"5728075f67a49815b4a412abc1f7cec5",4,0.184215848208619
"5728075f67a49815b4a412abc1f7cec5",4.5,0.199290103214935
"5728075f67a49815b4a412abc1f7cec5",5,0.225401224425154
"5728075f67a49815b4a412abc1f7cec5",5.5,0.264465425468176
"5728075f67a49815b4a412abc1f7cec5",6,0.318565638335549
"5728075f67a49815b4a412abc1f7cec5",6.5,0.389140020087483
"5728075f67a49815b4a412abc1f7cec5",7,0.475822721222139
"5728075f67a49815b4a412abc1f7cec5",7.5,0.575185836917651
"5728075f67a49815b4a412abc1f7cec5",8,0.680014391224332
"5728075f67a49815b4a412abc1f7cec5",8.5,0.780030746527063
"5728075f67a49815b4a412abc1f7cec5",9,0.864425708761091
"5728075f67a49815b4a412abc1f7cec5",9.5,0.925841710995209
"5728075f67a49815b4a412abc1f7cec5",10,0.964007231651132
"3e4d980cf0ebd0d996bb36013b4daa02",0,0.543405753142423
"3e4d980cf0ebd0d996bb36013b4daa02",0.5,0.471545921174586
"3e4d980cf0ebd0d996bb36013b4daa02",1,0.405977123949163
"3e4d980cf0ebd0d996bb36013b4daa02",1.5,0.348256809841652
"3e4d980cf0ebd0d996bb36013b4daa02",2,0.298917494151587
"3e4d980cf0ebd0d996bb36013b4daa02",2.5,0.257742980341253
"3e4d980cf0ebd0d996bb36013b4daa02",3,0.22406420196249
"3e4d980cf0ebd0d996bb36013b4daa02",3.5,0.197004404864453
"3e4d980cf0ebd0d996bb36013b4daa02",4,0.175651651441759
"3e4d980cf0ebd0d996bb36013b4daa02",4.5,0.15916423054522
"3e4d980cf0ebd0d996bb36013b4daa02",5,0.146825443612015
"3e4d980cf0ebd0d996bb36013b4daa02",5.5,0.138065441466136
"3e4d980cf0ebd0d996bb36013b4daa02",6,0.13246467929753
"3e4d980cf0ebd0d996bb36013b4daa02",6.5,0.129749342504073
"3e4d980cf0ebd0d996bb36013b4daa02",7,0.129785313799502
"3e4d980cf0ebd0d996bb36013b4daa02",7.5,0.132574375285185
"3e4d980cf0ebd0d996bb36013b4daa02",8,0.138254262477721
"3e4d980cf0ebd0d996bb36013b4daa02",8.5,0.147102549679056
"3e4d980cf0ebd0d996bb36013b4daa02",9,0.159542702461017
"3e4d980cf0ebd0d996bb36013b4daa02",9.5,0.176148539238955
"3e4d980cf0ebd0d996bb36013b4daa02",10,0.197640443003213
"f08ad085ef850c4333bfcee425a333c6",0,0.196627626216867
"f08ad085ef850c4333bfcee425a333c6",0.5,0.290214079978923
"f08ad085ef850c4333bfcee425a333c6",1,0.385516393174177
"f08ad085ef850c4333bfcee425a333c6",1.5,0.472016620598141
"f08ad085ef850c4333bfcee425a333c6",2,0.543413604291603
"f08ad085ef850c4333bfcee425a333c6",2.5,0.597246088632444
"f08ad085ef850c4333bfcee425a333c6",3,0.633424060058421
"f08ad085ef850c4333bfcee425a333c6",3.5,0.652787334042638
"f08ad085ef850c4333bfcee425a333c6",4,0.656094803663564
"f08ad085ef850c4333bfcee425a333c6",4.5,0.643498139732883
"f08ad085ef850c4333bfcee425a333c6",5,0.614454219757781
"f08ad085ef850c4333bfcee425a333c6",5.5,0.568062668875438
"f08ad085ef850c4333bfcee425a333c6",6,0.503871064505681
"f08ad085ef850c4333bfcee425a333c6",6.5,0.423158003639293
"f08ad085ef850c4333bfcee425a333c6",7,0.330477170779253
"f08ad085ef850c4333bfcee425a333c6",7.5,0.234682019217184
"f08ad085ef850c4333bfcee425a333c6",8,0.1478669470013
"f08ad085ef850c4333bfcee425a333c6",8.5,0.0809866319062224
"f08ad085ef850c4333bfcee425a333c6",9,0.0382397951438368
"f08ad085ef850c4333bfcee425a333c6",9.5,0.0156924894028865
"f08ad085ef850c4333bfcee425a333c6",10,0.00569964169238343
"97d710f69695594d82e0edf625b11998",0,0.295066262877573
"97d710f69695594d82e0edf625b11998",0.5,0.290193315692399
"97d710f69695594d82e0edf625b11998",1,0.28746172924144
"97d710f69695594d82e0edf625b11998",1.5,0.286841797445471
"97d710f69695594d82e0edf625b11998",2,0.288326683197198
"97d710f69695594d82e0edf625b11998",2.5,0.291932704147203
"97d710f69695594d82e0edf625b11998",3,0.297698643868892
"97d710f69695594d82e0edf625b11998",3.5,0.305684018568473
"97d710f69695594d82e0edf625b11998",4,0.315966135651406
"97d710f69695594d82e0edf625b11998",4.5,0.328635700893231
"97d710f69695594d82e0edf625b11998",5,0.343790678104966
"97d710f69695594d82e0edf625b11998",5.5,0.361528096030453
"97d710f69695594d82e0edf625b11998",6,0.381933553160928
"97d710f69695594d82e0edf625b11998",6.5,0.405068315623866
"97d710f69695594d82e0edf625b11998",7,0.430954156597809
"97d710f69695594d82e0edf625b11998",7.5,0.459556457038949
"97d710f69695594d82e0edf625b11998",8,0.490766565728522
"97d710f69695594d82e0edf625b11998",8.5,0.524384962900918
"97d710f69695594d82e0edf625b11998",9,0.560107318161453
"97d710f69695594d82e0edf625b11998",9.5,0.597515989390129
"97d710f69695594d82e0edf625b11998",10,0.636079767876725
"a511f78437888a49b044245713292406",0,0.478666543792362
"a511f78437888a49b044245713292406",0.5,0.392115565643161
"a511f78437888a49b044245713292406",1,0.318882811369331
"a511f78437888a49b044245713292406",1.5,0.259878998505795
"a511f78437888a49b044245713292406",2,0.21411180851182
"a511f78437888a49b044245713292406",2.5,0.179685246707736
"a511f78437888a49b044245713292406",3,0.154533140097308
"a511f78437888a49b044245713292406",3.5,0.136826822841561
"a511f78437888a49b044245713292406",4,0.125140538103612
"a511f78437888a49b044245713292406",4.5,0.11848283098916
"a511f78437888a49b044245713292406",5,0.116274946111942
"a511f78437888a49b044245713292406",5.5,0.118323173769644
"a511f78437888a49b044245713292406",6,0.124807242990051
"a511f78437888a49b044245713292406",6.5,0.136291129558902
"a511f78437888a49b044245713292406",7,0.153750388626279
"a511f78437888a49b044245713292406",7.5,0.178594636049868
"a511f78437888a49b044245713292406",8,0.212639356174807
"a511f78437888a49b044245713292406",8.5,0.257947344383037
"a511f78437888a49b044245713292406",9,0.316431973741248
"a511f78437888a49b044245713292406",9.5,0.389136113500622
"a511f78437888a49b044245713292406",10,0.475238571538715
"a13a09c02b8648dc6e2f495e93e580d0",0,0.709849919176702
"a13a09c02b8648dc6e2f495e93e580d0",0.5,0.681575725511202
"a13a09c02b8648dc6e2f495e93e580d0",1,0.655961920752549
"a13a09c02b8648dc6e2f495e93e580d0",1.5,0.633569572530721
"a13a09c02b8648dc6e2f495e93e580d0",2,0.614814701659118
"a13a09c02b8648dc6e2f495e93e580d0",2.5,0.59998778020412
"a13a09c02b8648dc6e2f495e93e580d0",3,0.589279096877181
"a13a09c02b8648dc6e2f495e93e580d0",3.5,0.58280379197515
"a13a09c02b8648dc6e2f495e93e580d0",4,0.5806222487289
"a13a09c02b8648dc6e2f495e93e580d0",4.5,0.582753227291422
"a13a09c02b8648dc6e2f495e93e580d0",5,0.589178411399026
"a13a09c02b8648dc6e2f495e93e580d0",5.5,0.599837966428258
"a13a09c02b8648dc6e2f495e93e580d0",6,0.61461750055027
"a13a09c02b8648dc6e2f495e93e580d0",6.5,0.633327746316237
"a13a09c02b8648dc6e2f495e93e580d0",7,0.655679558859479
"a13a09c02b8648dc6e2f495e93e580d0",7.5,0.681258522029885
"a13a09c02b8648dc6e2f495e93e580d0",8,0.709505339056272
"a13a09c02b8648dc6e2f495e93e580d0",8.5,0.739709632827596
"a13a09c02b8648dc6e2f495e93e580d0",9,0.771024786680352
"a13a09c02b8648dc6e2f495e93e580d0",9.5,0.802508942930948
"a13a09c02b8648dc6e2f495e93e580d0",10,0.833191753710903
"559bdf8e6ea3a8eee446253a665d738d",0,0.0798118421822473
"559bdf8e6ea3a8eee446253a665d738d",0.5,0.0776053980801993
"559bdf8e6ea3a8eee446253a665d738d",1,0.0762868026962972
"559bdf8e6ea3a8eee446253a665d738d",1.5,0.0758167657596132
"559bdf8e6ea3a8eee446253a665d738d",2,0.076181318456331
"559bdf8e6ea3a8eee446253a665d738d",2.5,0.0773912930211073
"559bdf8e6ea3a8eee446253a665d738d",3,0.0794827265778742
"559bdf8e6ea3a8eee446253a665d738d",3.5,0.0825181902995852
"559bdf8e6ea3a8eee446253a665d738d",4,0.0865890428961495
"559bdf8e6ea3a8eee446253a665d738d",4.5,0.0918185899581857
"559bdf8e6ea3a8eee446253a665d738d",5,0.0983660835784103
"559bdf8e6ea3a8eee446253a665d738d",5.5,0.10643140034783
"559bdf8e6ea3a8eee446253a665d738d",6,0.116260063407631
"559bdf8e6ea3a8eee446253a665d738d",6.5,0.128147991057907
"559bdf8e6ea3a8eee446253a665d738d",7,0.142444921118481
"559bdf8e6ea3a8eee446253a665d738d",7.5,0.159554843726617
"559bdf8e6ea3a8eee446253a665d738d",8,0.179930974262646
"559bdf8e6ea3a8eee446253a665d738d",8.5,0.204061891407072
"559bdf8e6ea3a8eee446253a665d738d",9,0.232444687632401
"559bdf8e6ea3a8eee446253a665d738d",9.5,0.265540812900504
"559bdf8e6ea3a8eee446253a665d738d",10,0.303711521034051
"0766b5877d10236fd78e7d5ecead635f",0,0.895395351420435
"0766b5877d10236fd78e7d5ecead635f",0.5,0.856243508414943
"0766b5877d10236fd78e7d5ecead635f",1,0.814236463347113
"0766b5877d10236fd78e7d5ecead635f",1.5,0.773015653394497
"0766b5877d10236fd78e7d5ecead635f",2,0.736072562652565
"0766b5877d10236fd78e7d5ecead635f",2.5,0.706206393011091
"0766b5877d10236fd78e7d5ecead635f",3,0.685350197582498
"0766b5877d10236fd78e7d5ecead635f",3.5,0.674650028876656
"0766b5877d10236fd78e7d5ecead635f",4,0.674624233571471
"0766b5877d10236fd78e7d5ecead635f",4.5,0.685274002698144
"0766b5877d10236fd78e7d5ecead635f",5,0.70608365963112
"0766b5877d10236fd78e7d5ecead635f",5.5,0.735910544091345
"0766b5877d10236fd78e7d5ecead635f",6,0.772825697019412
"0766b5877d10236fd78e7d5ecead635f",6.5,0.814033925526762
"0766b5877d10236fd78e7d5ecead635f",7,0.856046071992798
"0766b5877d10236fd78e7d5ecead635f",7.5,0.895219588973861
"0766b5877d10236fd78e7d5ecead635f",8,0.928566327618664
"0766b5877d10236fd78e7d5ecead635f",8.5,0.954458441451622
"0766b5877d10236fd78e7d5ecead635f",9,0.972830538611884
"0766b5877d10236fd78e7d5ecead635f",9.5,0.984799645577491
"0766b5877d10236fd78e7d5ecead635f",10,0.992003787043036
"df0cf1c507d973f5a0b661b3d11334a3",0,0.194027249550895
"df0cf1c507d973f5a0b661b3d11334a3",0.5,0.159741319049544
"df0cf1c507d973f5a0b661b3d11334a3",1,0.13295645486236
"df0cf1c507d973f5a0b661b3d11334a3",1.5,0.112234777643358
"df0cf1c507d973f5a0b661b3d11334a3",2,0.0963279184512234
"df0cf1c507d973f5a0b661b3d11334a3",2.5,0.0842179535920716
"df0cf1c507d973f5a0b661b3d11334a3",3,0.0751097687081684
"df0cf1c507d973f5a0b661b3d11334a3",3.5,0.0684028530038354
"df0cf1c507d973f5a0b661b3d11334a3",4,0.06365858868956
"df0cf1c507d973f5a0b661b3d11334a3",4.5,0.0605708787865777
"df0cf1c507d973f5a0b661b3d11334a3",5,0.0589432367699473
"df0cf1c507d973f5a0b661b3d11334a3",5.5,0.058673159084873
"df0cf1c507d973f5a0b661b3d11334a3",6,0.0597437164774212
"df0cf1c507d973f5a0b661b3d11334a3",6.5,0.0622221495076542
"df0cf1c507d973f5a0b661b3d11334a3",7,0.0662654209902575
"df0cf1c507d973f5a0b661b3d11334a3",7.5,0.0721328933480359
"df0cf1c507d973f5a0b661b3d11334a3",8,0.0802063161283574
"df0cf1c507d973f5a0b661b3d11334a3",8.5,0.0910167860405045
"df0cf1c507d973f5a0b661b3d11334a3",9,0.105276716544623
"df0cf1c507d973f5a0b661b3d11334a3",9.5,0.12391125003358
"df0cf1c507d973f5a0b661b3d11334a3",10,0.148076850773816
"2b6446c0b78c4756922f5076fb5dfe61",0,0.858409498763024
"2b6446c0b78c4756922f5076fb5dfe61",0.5,0.842456932447041
"2b6446c0b78c4756922f5076fb5dfe61",1,0.827924974274555
"2b6446c0b78c4756922f5076fb5dfe61",1.5,0.815355302246525
"2b6446c0b78c4756922f5076fb5dfe61",2,0.805208478329936
"2b6446c0b78c4756922f5076fb5dfe61",2.5,0.797847711427144
"2b6446c0b78c4756922f5076fb5dfe61",3,0.793530422704906
"2b6446c0b78c4756922f5076fb5dfe61",3.5,0.792404900287777
"2b6446c0b78c4756922f5076fb5dfe61",4,0.794509453692771
"2b6446c0b78c4756922f5076fb5dfe61",4.5,0.799772330667686
"2b6446c0b78c4756922f5076fb5dfe61",5,0.808011918979217
"2b6446c0b78c4756922f5076fb5dfe61",5.5,0.818938117852492
"2b6446c0b78c4756922f5076fb5dfe61",6,0.832156933208159
"2b6446c0b78c4756922f5076fb5dfe61",6.5,0.847181015365852
"2b6446c0b78c4756922f5076fb5dfe61",7,0.863448700647184
"2b6446c0b78c4756922f5076fb5dfe61",7.5,0.880352914070262
"2b6446c0b78c4756922f5076fb5dfe61",8,0.897279077122945
"2b6446c0b78c4756922f5076fb5dfe61",8.5,0.913648403889381
"2b6446c0b78c4756922f5076fb5dfe61",9,0.928960544636355
"2b6446c0b78c4756922f5076fb5dfe61",9.5,0.942828477166589
"2b6446c0b78c4756922f5076fb5dfe61",10,0.954999527616453
"1d74664847cbb9501f2efff74d88031f",0,0.28051993836366
"1d74664847cbb9501f2efff74d88031f",0.5,0.219534777728893
"1d74664847cbb9501f2efff74d88031f",1,0.172183676898862
"1d74664847cbb9501f2efff74d88031f",1.5,0.136335287307106
"1d74664847cbb9501f2efff74d88031f",2,0.109639998201839
"1d74664847cbb9501f2efff74d88031f",2.5,0.0899731402068768
"1d74664847cbb9501f2efff74d88031f",3,0.0756070708546785
"1d74664847cbb9501f2efff74d88031f",3.5,0.0652257384469446
"1d74664847cbb9501f2efff74d88031f",4,0.0578707221253602
"1d74664847cbb9501f2efff74d88031f",4.5,0.052870627316779
"1d74664847cbb9501f2efff74d88031f",5,0.0497778090556901
"1d74664847cbb9501f2efff74d88031f",5.5,0.0483207192908646
"1d74664847cbb9501f2efff74d88031f",6,0.0483731838255785
"1d74664847cbb9501f2efff74d88031f",6.5,0.0499397242332731
"1d74664847cbb9501f2efff74d88031f",7,0.0531560878884289
"1d74664847cbb9501f2efff74d88031f",7.5,0.0583050207064901
"1d74664847cbb9501f2efff74d88031f",8,0.0658481617001333
"1d74664847cbb9501f2efff74d88031f",8.5,0.0764748852356186
"1d74664847cbb9501f2efff74d88031f",9,0.0911664888943399
"1d74664847cbb9501f2efff74d88031f",9.5,0.111266662448998
"1d74664847cbb9501f2efff74d88031f",10,0.13853272480416
"bb27f91f4e80646f7bd9194555f373a0",0,0.438621114508797
"bb27f91f4e80646f7bd9194555f373a0",0.5,0.418802677815036
"bb27f91f4e80646f7bd9194555f373a0",1,0.400839998542915
"bb27f91f4e80646f7bd9194555f373a0",1.5,0.384713566628967
"bb27f91f4e80646f7bd9194555f373a0",2,0.370386804187501
"bb27f91f4e80646f7bd9194555f373a0",2.5,0.357812292486694
"bb27f91f4e80646f7bd9194555f373a0",3,0.346937053356116
"bb27f91f4e80646f7bd9194555f373a0",3.5,0.337706886477931
"bb27f91f4e80646f7bd9194555f373a0",4,0.330069830383087
"bb27f91f4e80646f7bd9194555f373a0",4.5,0.323978850014237
"bb27f91f4e80646f7bd9194555f373a0",5,0.319393865608878
"bb27f91f4e80646f7bd9194555f373a0",5.5,0.316283233694411
"bb27f91f4e80646f7bd9194555f373a0",6,0.314624776949531
"bb27f91f4e80646f7bd9194555f373a0",6.5,0.314406439736638
"bb27f91f4e80646f7bd9194555f373a0",7,0.315626622996383
"bb27f91f4e80646f7bd9194555f373a0",7.5,0.318294227570758
"bb27f91f4e80646f7bd9194555f373a0",8,0.32242840980196
"bb27f91f4e80646f7bd9194555f373a0",8.5,0.328058027967397
"bb27f91f4e80646f7bd9194555f373a0",9,0.335220733233669
"bb27f91f4e80646f7bd9194555f373a0",9.5,0.343961635105711
"bb27f91f4e80646f7bd9194555f373a0",10,0.35433145020317
"77e5fb470b02d64fb3dd8fc5d13d7925",0,0.231119243449713
"77e5fb470b02d64fb3dd8fc5d13d7925",0.5,0.241456731730848
"77e5fb470b02d64fb3dd8fc5d13d7925",1,0.252112994676626
"77e5fb470b02d64fb3dd8fc5d13d7925",1.5,0.263084685848622
"77e5fb470b02d64fb3dd8fc5d13d7925",2,0.274367175374865
"77e5fb470b02d64fb3dd8fc5d13d7925",2.5,0.285954501263895
"77e5fb470b02d64fb3dd8fc5d13d7925",3,0.297839329669094
"77e5fb470b02d64fb3dd8fc5d13d7925",3.5,0.310012925319209
"77e5fb470b02d64fb3dd8fc5d13d7925",4,0.32246513325885
"77e5fb470b02d64fb3dd8fc5d13d7925",4.5,0.335184372938234
"77e5fb470b02d64fb3dd8fc5d13d7925",5,0.34815764555433
"77e5fb470b02d64fb3dd8fc5d13d7925",5.5,0.361370555376527
"77e5fb470b02d64fb3dd8fc5d13d7925",6,0.374807345591206
"77e5fb470b02d64fb3dd8fc5d13d7925",6.5,0.388450948973952
"77e5fb470b02d64fb3dd8fc5d13d7925",7,0.402283053450401
"77e5fb470b02d64fb3dd8fc5d13d7925",7.5,0.416284182342042
"77e5fb470b02d64fb3dd8fc5d13d7925",8,0.430433788818246
"77e5fb470b02d64fb3dd8fc5d13d7925",8.5,0.444710363797783
"77e5fb470b02d64fb3dd8fc5d13d7925",9,0.459091556269622
"77e5fb470b02d64fb3dd8fc5d13d7925",9.5,0.47355430474217
"77e5fb470b02d64fb3dd8fc5d13d7925",10,0.488074978290182
"9b31a157897e11445baac0c60436205f",0,0.441763435655201
"9b31a157897e11445baac0c60436205f",0.5,0.43632682623691
"9b31a157897e11445baac0c60436205f",1,0.432386982458303
"9b31a157897e11445baac0c60436205f",1.5,0.429935456119608
"9b31a157897e11445baac0c60436205f",2,0.428966532400112
"9b31a157897e11445baac0c60436205f",2.5,0.429477855937798
"9b31a157897e11445baac0c60436205f",3,0.431470676531475
"9b31a157897e11445baac0c60436205f",3.5,0.434949719604782
"9b31a157897e11445baac0c60436205f",4,0.439922678692442
"9b31a157897e11445baac0c60436205f",4.5,0.446399319859222
"9b31a157897e11445baac0c60436205f",5,0.454390182710675
"9b31a157897e11445baac0c60436205f",5.5,0.463904861188096
"9b31a157897e11445baac0c60436205f",6,0.474949851505103
"9b31a157897e11445baac0c60436205f",6.5,0.487525966355017
"9b31a157897e11445baac0c60436205f",7,0.501625335851052
"9b31a157897e11445baac0c60436205f",7.5,0.517228048185549
"9b31a157897e11445baac0c60436205f",8,0.53429852753057
"9b31a157897e11445baac0c60436205f",8.5,0.552781802587808
"9b31a157897e11445baac0c60436205f",9,0.572599883496775
"9b31a157897e11445baac0c60436205f",9.5,0.59364853154136
"9b31a157897e11445baac0c60436205f",10,0.615794765722827
"eb4109800459a85c866ed44227f1d1dd",0,0.552624883522307
"eb4109800459a85c866ed44227f1d1dd",0.5,0.53827369263201
"eb4109800459a85c866ed44227f1d1dd",1,0.522354034140483
"eb4109800459a85c866ed44227f1d1dd",1.5,0.504880841470054
"eb4109800459a85c866ed44227f1d1dd",2,0.485886632432963
"eb4109800459a85c866ed44227f1d1dd",2.5,0.465425632369397
"eb4109800459a85c866ed44227f1d1dd",3,0.443577815943454
"eb4109800459a85c866ed44227f1d1dd",3.5,0.420452590359098
"eb4109800459a85c866ed44227f1d1dd",4,0.396191776259466
"eb4109800459a85c866ed44227f1d1dd",4.5,0.370971485039392
"eb4109800459a85c866ed44227f1d1dd",5,0.34500245486049
"eb4109800459a85c866ed44227f1d1dd",5.5,0.318528408642856
"eb4109800459a85c866ed44227f1d1dd",6,0.291822055645124
"eb4109800459a85c866ed44227f1d1dd",6.5,0.265178494368347
"eb4109800459a85c866ed44227f1d1dd",7,0.238906002554562
"eb4109800459a85c866ed44227f1d1dd",7.5,0.213314517368336
"eb4109800459a85c866ed44227f1d1dd",8,0.188702484868848
"eb4109800459a85c866ed44227f1d1dd",8.5,0.165343128284477
"eb4109800459a85c866ed44227f1d1dd",9,0.143471458382121
"eb4109800459a85c866ed44227f1d1dd",9.5,0.123273432398338
"eb4109800459a85c866ed44227f1d1dd",10,0.104878499034106
"700b09b3d484bce9cbe7525c44b03ee8",0,0.297660614280363
"700b09b3d484bce9cbe7525c44b03ee8",0.5,0.29037733044105
"700b09b3d484bce9cbe7525c44b03ee8",1,0.284713486443093
"700b09b3d484bce9cbe7525c44b03ee8",1.5,0.280617207472653
"700b09b3d484bce9cbe7525c44b03ee8",2,0.278049712488637
"700b09b3d484bce9cbe7525c44b03ee8",2.5,0.27698616442647
"700b09b3d484bce9cbe7525c44b03ee8",3,0.27741615697533
"700b09b3d484bce9cbe7525c44b03ee8",3.5,0.279343905676752
"700b09b3d484bce9cbe7525c44b03ee8",4,0.282788171410814
"700b09b3d484bce9cbe7525c44b03ee8",4.5,0.287781904924074
"700b09b3d484bce9cbe7525c44b03ee8",5,0.294371561521268
"700b09b3d484bce9cbe7525c44b03ee8",5.5,0.302615995159744
"700b09b3d484bce9cbe7525c44b03ee8",6,0.3125848014615
"700b09b3d484bce9cbe7525c44b03ee8",6.5,0.324355941497424
"700b09b3d484bce9cbe7525c44b03ee8",7,0.338012446656939
"700b09b3d484bce9cbe7525c44b03ee8",7.5,0.353637986510805
"700b09b3d484bce9cbe7525c44b03ee8",8,0.37131108698101
"700b09b3d484bce9cbe7525c44b03ee8",8.5,0.391097829910476
"700b09b3d484bce9cbe7525c44b03ee8",9,0.413042964886168
"700b09b3d484bce9cbe7525c44b03ee8",9.5,0.437159537836804
"700b09b3d484bce9cbe7525c44b03ee8",10,0.46341740124588
"7104c2b438448b771cffb77cb29ac0fc",0,0.458149303582939
"7104c2b438448b771cffb77cb29ac0fc",0.5,0.482559347083826
"7104c2b438448b771cffb77cb29ac0fc",1,0.503499466754795
"7104c2b438448b771cffb77cb29ac0fc",1.5,0.520881910548769
"7104c2b438448b771cffb77cb29ac0fc",2,0.534680511888216
"7104c2b438448b771cffb77cb29ac0fc",2.5,0.544904837327785
"7104c2b438448b771cffb77cb29ac0fc",3,0.551579290383585
"7104c2b438448b771cffb77cb29ac0fc",3.5,0.554727727503845
"7104c2b438448b771cffb77cb29ac0fc",4,0.554363567741475
"7104c2b438448b771cffb77cb29ac0fc",4.5,0.550485188146448
"7104c2b438448b771cffb77cb29ac0fc",5,0.543076454065527
"7104c2b438448b771cffb77cb29ac0fc",5.5,0.53211240349846
"7104c2b438448b771cffb77cb29ac0fc",6,0.517570261728747
"7104c2b438448b771cffb77cb29ac0fc",6.5,0.499445979785588
"7104c2b438448b771cffb77cb29ac0fc",7,0.477776232046583
"7104c2b438448b771cffb77cb29ac0fc",7.5,0.452665138317355
"7104c2b438448b771cffb77cb29ac0fc",8,0.424313798549692
"7104c2b438448b771cffb77cb29ac0fc",8.5,0.393049073111926
"7104c2b438448b771cffb77cb29ac0fc",9,0.359346179417872
"7104c2b438448b771cffb77cb29ac0fc",9.5,0.323838218426264
"7104c2b438448b771cffb77cb29ac0fc",10,0.287305614999912
"92a4038dc8d70f533c39a1283f00c877",0,0.485479575704692
"92a4038dc8d70f533c39a1283f00c877",0.5,0.455701426487838
"92a4038dc8d70f533c39a1283f00c877",1,0.429356880069883
"92a4038dc8d70f533c39a1283f00c877",1.5,0.406478234524966
"92a4038dc8d70f533c39a1283f00c877",2,0.387019631751036
"92a4038dc8d70f533c39a1283f00c877",2.5,0.37088831456674
"92a4038dc8d70f533c39a1283f00c877",3,0.357970503537479
"92a4038dc8d70f533c39a1283f00c877",3.5,0.348151482288263
"92a4038dc8d70f533c39a1283f00c877",4,0.341330330868181
"92a4038dc8d70f533c39a1283f00c877",4.5,0.337430114050686
"92a4038dc8d70f533c39a1283f00c877",5,0.336404369571096
"92a4038dc8d70f533c39a1283f00c877",5.5,0.338240582513338
"92a4038dc8d70f533c39a1283f00c877",6,0.342961069394277
"92a4038dc8d70f533c39a1283f00c877",6.5,0.350621386710149
"92a4038dc8d70f533c39a1283f00c877",7,0.361306059463847
"92a4038dc8d70f533c39a1283f00c877",7.5,0.375121125169923
"92a4038dc8d70f533c39a1283f00c877",8,0.392182748370643
"92a4038dc8d70f533c39a1283f00c877",8.5,0.412601046426981
"92a4038dc8d70f533c39a1283f00c877",9,0.436458383654308
"92a4038dc8d70f533c39a1283f00c877",9.5,0.46378187934006
"92a4038dc8d70f533c39a1283f00c877",10,0.494510888355928
"68105949e2b7e33c090753ca72434c71",0,0.3430727925411
"68105949e2b7e33c090753ca72434c71",0.5,0.347231763528106
"68105949e2b7e33c090753ca72434c71",1,0.350331108497421
"68105949e2b7e33c090753ca72434c71",1.5,0.352357473820096
"68105949e2b7e33c090753ca72434c71",2,0.353302352965313
"68105949e2b7e33c090753ca72434c71",2.5,0.353161840318852
"68105949e2b7e33c090753ca72434c71",3,0.351936514224588
"68105949e2b7e33c090753ca72434c71",3.5,0.349631454463695
"68105949e2b7e33c090753ca72434c71",4,0.346256393399815
"68105949e2b7e33c090753ca72434c71",4.5,0.341825994005215
"68105949e2b7e33c090753ca72434c71",5,0.336360241745427
"68105949e2b7e33c090753ca72434c71",5.5,0.329884930690874
"68105949e2b7e33c090753ca72434c71",6,0.322432217190337
"68105949e2b7e33c090753ca72434c71",6.5,0.31404120706782
"68105949e2b7e33c090753ca72434c71",7,0.30475853485414
"68105949e2b7e33c090753ca72434c71",7.5,0.294638886508268
"68105949e2b7e33c090753ca72434c71",8,0.283745411112644
"68105949e2b7e33c090753ca72434c71",8.5,0.272149963037607
"68105949e2b7e33c090753ca72434c71",9,0.259933115106497
"68105949e2b7e33c090753ca72434c71",9.5,0.247183886440806
"68105949e2b7e33c090753ca72434c71",10,0.233999136892303
"37730e1f0aafd615c8b16abe71153ea5",0,0.512904610983476
"37730e1f0aafd615c8b16abe71153ea5",0.5,0.508070264481237
"37730e1f0aafd615c8b16abe71153ea5",1,0.503843849448339
"37730e1f0aafd615c8b16abe71153ea5",1.5,0.500226351815346
"37730e1f0aafd615c8b16abe71153ea5",2,0.497218271787644
"37730e1f0aafd615c8b16abe71153ea5",2.5,0.494819783770771
"37730e1f0aafd615c8b16abe71153ea5",3,0.493030869636503
"37730e1f0aafd615c8b16abe71153ea5",3.5,0.491851425058481
"37730e1f0aafd615c8b16abe71153ea5",4,0.491281338817058
"37730e1f0aafd615c8b16abe71153ea5",4.5,0.491320545065705
"37730e1f0aafd615c8b16abe71153ea5",5,0.491969048585102
"37730e1f0aafd615c8b16abe71153ea5",5.5,0.493226923046574
"37730e1f0aafd615c8b16abe71153ea5",6,0.495094282283171
"37730e1f0aafd615c8b16abe71153ea5",6.5,0.497571224544758
"37730e1f0aafd615c8b16abe71153ea5",7,0.500657749712648
"37730e1f0aafd615c8b16abe71153ea5",7.5,0.504353649489748
"37730e1f0aafd615c8b16abe71153ea5",8,0.508658370683723
"37730e1f0aafd615c8b16abe71153ea5",8.5,0.513570851882973
"37730e1f0aafd615c8b16abe71153ea5",9,0.519089334107855
"37730e1f0aafd615c8b16abe71153ea5",9.5,0.525211146419673
"37730e1f0aafd615c8b16abe71153ea5",10,0.531932468003936
"dd99dda898750e12cec91e9d7e541523",0,0.244519829611635
"dd99dda898750e12cec91e9d7e541523",0.5,0.246927103913234
"dd99dda898750e12cec91e9d7e541523",1,0.25023939878727
"dd99dda898750e12cec91e9d7e541523",1.5,0.254480131935675
"dd99dda898750e12cec91e9d7e541523",2,0.259678699325727
"dd99dda898750e12cec91e9d7e541523",2.5,0.265870211434082
"dd99dda898750e12cec91e9d7e541523",3,0.273095109251984
"dd99dda898750e12cec91e9d7e541523",3.5,0.281398621362056
"dd99dda898750e12cec91e9d7e541523",4,0.290830015922889
"dd99dda898750e12cec91e9d7e541523",4.5,0.30144159452661
"dd99dda898750e12cec91e9d7e541523",5,0.313287369546449
"dd99dda898750e12cec91e9d7e541523",5.5,0.326421364116608
"dd99dda898750e12cec91e9d7e541523",6,0.340895476127462
"dd99dda898750e12cec91e9d7e541523",6.5,0.356756856916004
"dd99dda898750e12cec91e9d7e541523",7,0.37404477442616
"dd99dda898750e12cec91e9d7e541523",7.5,0.392786962381747
"dd99dda898750e12cec91e9d7e541523",8,0.412995503962627
"dd99dda898750e12cec91e9d7e541523",8.5,0.434662361942036
"dd99dda898750e12cec91e9d7e541523",9,0.457754746319222
"dd99dda898750e12cec91e9d7e541523",9.5,0.482210600732605
"dd99dda898750e12cec91e9d7e541523",10,0.507934581221682
"eaa4e5d1eecfe39e94e47f8c6c750107",0,0.272856616933208
"eaa4e5d1eecfe39e94e47f8c6c750107",0.5,0.273569593357566
"eaa4e5d1eecfe39e94e47f8c6c750107",1,0.275495787980253
"eaa4e5d1eecfe39e94e47f8c6c750107",1.5,0.278650784837209
"eaa4e5d1eecfe39e94e47f8c6c750107",2,0.283059710661833
"eaa4e5d1eecfe39e94e47f8c6c750107",2.5,0.288756834129595
"eaa4e5d1eecfe39e94e47f8c6c750107",3,0.295784945241683
"eaa4e5d1eecfe39e94e47f8c6c750107",3.5,0.304194451216533
"eaa4e5d1eecfe39e94e47f8c6c750107",4,0.314042107880189
"eaa4e5d1eecfe39e94e47f8c6c750107",4.5,0.325389289999808
"eaa4e5d1eecfe39e94e47f8c6c750107",5,0.338299692530729
"eaa4e5d1eecfe39e94e47f8c6c750107",5.5,0.352836350768173
"eaa4e5d1eecfe39e94e47f8c6c750107",6,0.369057875670922
"eaa4e5d1eecfe39e94e47f8c6c750107",6.5,0.387013827207258
"eaa4e5d1eecfe39e94e47f8c6c750107",7,0.406739200363007
"eaa4e5d1eecfe39e94e47f8c6c750107",7.5,0.428248082134183
"eaa4e5d1eecfe39e94e47f8c6c750107",8,0.451526657972941
"eaa4e5d1eecfe39e94e47f8c6c750107",8.5,0.476525902383651
"eaa4e5d1eecfe39e94e47f8c6c750107",9,0.503154471787505
"eaa4e5d1eecfe39e94e47f8c6c750107",9.5,0.531272507465811
"eaa4e5d1eecfe39e94e47f8c6c750107",10,0.560687217323256
"71dffb1410ab098e4ce47c556c642ca5",0,0.503095843397832
"71dffb1410ab098e4ce47c556c642ca5",0.5,0.525856714649124
"71dffb1410ab098e4ce47c556c642ca5",1,0.54502747541939
"71dffb1410ab098e4ce47c556c642ca5",1.5,0.56060633795411
"71dffb1410ab098e4ce47c556c642ca5",2,0.572629851979898
"71dffb1410ab098e4ce47c556c642ca5",2.5,0.581149411451611
"71dffb1410ab098e4ce47c556c642ca5",3,0.586213563160678
"71dffb1410ab098e4ce47c556c642ca5",3.5,0.587855893969591
"71dffb1410ab098e4ce47c556c642ca5",4,0.586088049300992
"71dffb1410ab098e4ce47c556c642ca5",4.5,0.580897508879635
"71dffb1410ab098e4ce47c556c642ca5",5,0.572249981812787
"71dffb1410ab098e4ce47c556c642ca5",5.5,0.560096569133517
"71dffb1410ab098e4ce47c556c642ca5",6,0.544386074140861
"71dffb1410ab098e4ce47c556c642ca5",6.5,0.52508290583431
"71dffb1410ab098e4ce47c556c642ca5",7,0.502190782806531
"71dffb1410ab098e4ce47c556c642ca5",7.5,0.475781753120923
"71dffb1410ab098e4ce47c556c642ca5",8,0.446028776686883
"71dffb1410ab098e4ce47c556c642ca5",8.5,0.41323826865706
"71dffb1410ab098e4ce47c556c642ca5",9,0.377876834166592
"71dffb1410ab098e4ce47c556c642ca5",9.5,0.340584586581588
"71dffb1410ab098e4ce47c556c642ca5",10,0.302166975717927
"fb6d3ce42e8604b2f54dcbb8b521b991",0,0.301519997279643
"fb6d3ce42e8604b2f54dcbb8b521b991",0.5,0.355589271139132
"fb6d3ce42e8604b2f54dcbb8b521b991",1,0.40902590418342
"fb6d3ce42e8604b2f54dcbb8b521b991",1.5,0.460118317792717
"fb6d3ce42e8604b2f54dcbb8b521b991",2,0.50755052817192
"fb6d3ce42e8604b2f54dcbb8b521b991",2.5,0.55044609563807
"fb6d3ce42e8604b2f54dcbb8b521b991",3,0.588333501949403
"fb6d3ce42e8604b2f54dcbb8b521b991",3.5,0.621065779879925
"fb6d3ce42e8604b2f54dcbb8b521b991",4,0.648724644154226
"fb6d3ce42e8604b2f54dcbb8b521b991",4.5,0.671529922461386
"fb6d3ce42e8604b2f54dcbb8b521b991",5,0.689764901088972
"fb6d3ce42e8604b2f54dcbb8b521b991",5.5,0.703720491403731
"fb6d3ce42e8604b2f54dcbb8b521b991",6,0.713656615434829
"fb6d3ce42e8604b2f54dcbb8b521b991",6.5,0.719777317646053
"fb6d3ce42e8604b2f54dcbb8b521b991",7,0.722215899629331
"fb6d3ce42e8604b2f54dcbb8b521b991",7.5,0.721027050278307
"fb6d3ce42e8604b2f54dcbb8b521b991",8,0.716183996512473
"fb6d3ce42e8604b2f54dcbb8b521b991",8.5,0.707579871629625
"fb6d3ce42e8604b2f54dcbb8b521b991",9,0.695033693655783
"fb6d3ce42e8604b2f54dcbb8b521b991",9.5,0.678302531736018
"fb6d3ce42e8604b2f54dcbb8b521b991",10,0.65710255101875
"51947909f45c06ecfc129a5ada0fff8b",0,0.366526247757386
"51947909f45c06ecfc129a5ada0fff8b",0.5,0.291584430116112
"51947909f45c06ecfc129a5ada0fff8b",1,0.232231414106579
"51947909f45c06ecfc129a5ada0fff8b",1.5,0.186969630943257
"51947909f45c06ecfc129a5ada0fff8b",2,0.153428311770803
"51947909f45c06ecfc129a5ada0fff8b",2.5,0.129175767741178
"51947909f45c06ecfc129a5ada0fff8b",3,0.112134163646322
"51947909f45c06ecfc129a5ada0fff8b",3.5,0.100715290056154
"51947909f45c06ecfc129a5ada0fff8b",4,0.0938137184726398
"51947909f45c06ecfc129a5ada0fff8b",4.5,0.0907520484765172
"51947909f45c06ecfc129a5ada0fff8b",5,0.0912287893097612
"51947909f45c06ecfc129a5ada0fff8b",5.5,0.0952909008776639
"51947909f45c06ecfc129a5ada0fff8b",6,0.103338237976533
"51947909f45c06ecfc129a5ada0fff8b",6.5,0.116158879329025
"51947909f45c06ecfc129a5ada0fff8b",7,0.134985041694803
"51947909f45c06ecfc129a5ada0fff8b",7.5,0.161541406669334
"51947909f45c06ecfc129a5ada0fff8b",8,0.198024617905208
"51947909f45c06ecfc129a5ada0fff8b",8.5,0.246906066691598
"51947909f45c06ecfc129a5ada0fff8b",9,0.310417127162562
"51947909f45c06ecfc129a5ada0fff8b",9.5,0.389624741491058
"51947909f45c06ecfc129a5ada0fff8b",10,0.483211475162812
"339fc33968e30817ad291b527695487c",0,0.920129001403407
"339fc33968e30817ad291b527695487c",0.5,0.857943577394352
"339fc33968e30817ad291b527695487c",1,0.777408769652804
"339fc33968e30817ad291b527695487c",1.5,0.685190812236484
"339fc33968e30817ad291b527695487c",2,0.590281553660883
"339fc33968e30817ad291b527695487c",2.5,0.501602059782108
"339fc33968e30817ad291b527695487c",3,0.425515037821338
"339fc33968e30817ad291b527695487c",3.5,0.364922691054414
"339fc33968e30817ad291b527695487c",4,0.319996300367791
"339fc33968e30817ad291b527695487c",4.5,0.289508992036414
"339fc33968e30817ad291b527695487c",5,0.271958695753479
"339fc33968e30817ad291b527695487c",5.5,0.266241247837433
"339fc33968e30817ad291b527695487c",6,0.271960444087587
"339fc33968e30817ad291b527695487c",6.5,0.289512607159103
"339fc33968e30817ad291b527695487c",7,0.320001991989996
"339fc33968e30817ad291b527695487c",7.5,0.364930689304178
"339fc33968e30817ad291b527695487c",8,0.425525456540826
"339fc33968e30817ad291b527695487c",8.5,0.501614697118588
"339fc33968e30817ad291b527695487c",9,0.590295707618296
"339fc33968e30817ad291b527695487c",9.5,0.685205273253491
"339fc33968e30817ad291b527695487c",10,0.777422104153381
"5d3150df6e1d0725bbc5c4045af22507",0,0.0568784741286973
"5d3150df6e1d0725bbc5c4045af22507",0.5,0.0508716755191906
"5d3150df6e1d0725bbc5c4045af22507",1,0.0471485876458487
"5d3150df6e1d0725bbc5c4045af22507",1.5,0.0453271163646574
"5d3150df6e1d0725bbc5c4045af22507",2,0.0452223566910099
"5d3150df6e1d0725bbc5c4045af22507",2.5,0.046823723489481
"5d3150df6e1d0725bbc5c4045af22507",3,0.0502936158329656
"5d3150df6e1d0725bbc5c4045af22507",3.5,0.0559875945702409
"5d3150df6e1d0725bbc5c4045af22507",4,0.0644960916969281
"5d3150df6e1d0725bbc5c4045af22507",4.5,0.0767055275498201
"5d3150df6e1d0725bbc5c4045af22507",5,0.093869071794953
"5d3150df6e1d0725bbc5c4045af22507",5.5,0.117659220868098
"5d3150df6e1d0725bbc5c4045af22507",6,0.150140578192116
"5d3150df6e1d0725bbc5c4045af22507",6.5,0.193553280802347
"5d3150df6e1d0725bbc5c4045af22507",7,0.249767227303256
"5d3150df6e1d0725bbc5c4045af22507",7.5,0.319359151078109
"5d3150df6e1d0725bbc5c4045af22507",8,0.400628321227347
"5d3150df6e1d0725bbc5c4045af22507",8.5,0.489381559114171
"5d3150df6e1d0725bbc5c4045af22507",9,0.580209012743117
"5d3150df6e1d0725bbc5c4045af22507",9.5,0.668552701247444
"5d3150df6e1d0725bbc5c4045af22507",10,0.751407140121655
"6b2aa1825371372d75e41fe4ef52b039",0,0.247426725454728
"6b2aa1825371372d75e41fe4ef52b039",0.5,0.201810470914713
"6b2aa1825371372d75e41fe4ef52b039",1,0.167114008619124
"6b2aa1825371372d75e41fe4ef52b039",1.5,0.141342303739556
"6b2aa1825371372d75e41fe4ef52b039",2,0.122676350366275
"6b2aa1825371372d75e41fe4ef52b039",2.5,0.109644125875612
"6b2aa1825371372d75e41fe4ef52b039",3,0.101157728370557
"6b2aa1825371372d75e41fe4ef52b039",3.5,0.0964900484302991
"6b2aa1825371372d75e41fe4ef52b039",4,0.0952371840114315
"6b2aa1825371372d75e41fe4ef52b039",4.5,0.0972904246268495
"6b2aa1825371372d75e41fe4ef52b039",5,0.102827874772444
"6b2aa1825371372d75e41fe4ef52b039",5.5,0.112327994326246
"6b2aa1825371372d75e41fe4ef52b039",6,0.126601225608402
"6b2aa1825371372d75e41fe4ef52b039",6.5,0.146827022717402
"6b2aa1825371372d75e41fe4ef52b039",7,0.174567879764054
"6b2aa1825371372d75e41fe4ef52b039",7.5,0.211707662610516
"6b2aa1825371372d75e41fe4ef52b039",8,0.260235317501299
"6b2aa1825371372d75e41fe4ef52b039",8.5,0.321790025777498
"6b2aa1825371372d75e41fe4ef52b039",9,0.396938916248707
"6b2aa1825371372d75e41fe4ef52b039",9.5,0.484302772459756
"6b2aa1825371372d75e41fe4ef52b039",10,0.579859112210905
"acc0267f6cd2a2c972c545e272f1a1fd",0,0.424385664331972
"acc0267f6cd2a2c972c545e272f1a1fd",0.5,0.453759306096025
"acc0267f6cd2a2c972c545e272f1a1fd",1,0.474319911970888
"acc0267f6cd2a2c972c545e272f1a1fd",1.5,0.485580690958025
"acc0267f6cd2a2c972c545e272f1a1fd",2,0.48731172312534
"acc0267f6cd2a2c972c545e272f1a1fd",2.5,0.479480257090951
"acc0267f6cd2a2c972c545e272f1a1fd",3,0.46224006812713
"acc0267f6cd2a2c972c545e272f1a1fd",3.5,0.435976472007393
"acc0267f6cd2a2c972c545e272f1a1fd",4,0.401378106288572
"acc0267f6cd2a2c972c545e272f1a1fd",4.5,0.359483622546065
"acc0267f6cd2a2c972c545e272f1a1fd",5,0.311669179549017
"acc0267f6cd2a2c972c545e272f1a1fd",5.5,0.259628272609618
"acc0267f6cd2a2c972c545e272f1a1fd",6,0.205502832701361
"acc0267f6cd2a2c972c545e272f1a1fd",6.5,0.152246401664197
"acc0267f6cd2a2c972c545e272f1a1fd",7,0.103804956905102
"acc0267f6cd2a2c972c545e272f1a1fd",7.5,0.0642525678068227
"acc0267f6cd2a2c972c545e272f1a1fd",8,0.0359168371399414
"acc0267f6cd2a2c972c545e272f1a1fd",8.5,0.0182176028952806
"acc0267f6cd2a2c972c545e272f1a1fd",9,0.0084754336712376
"acc0267f6cd2a2c972c545e272f1a1fd",9.5,0.00365718967569129
"acc0267f6cd2a2c972c545e272f1a1fd",10,0.0014756600648531
"c176e5b03d8760c83653340228d8209d",0,0.161630656192961
"c176e5b03d8760c83653340228d8209d",0.5,0.146052770627163
"c176e5b03d8760c83653340228d8209d",1,0.133482555967196
"c176e5b03d8760c83653340228d8209d",1.5,0.123480433688665
"c176e5b03d8760c83653340228d8209d",2,0.115687554342499
"c176e5b03d8760c83653340228d8209d",2.5,0.109820719694373
"c176e5b03d8760c83653340228d8209d",3,0.105665672020084
"c176e5b03d8760c83653340228d8209d",3.5,0.103070578223651
"c176e5b03d8760c83653340228d8209d",4,0.101940720347419
"c176e5b03d8760c83653340228d8209d",4.5,0.102234910579614
"c176e5b03d8760c83653340228d8209d",5,0.103963869731466
"c176e5b03d8760c83653340228d8209d",5.5,0.10719065288519
"c176e5b03d8760c83653340228d8209d",6,0.112033101605027
"c176e5b03d8760c83653340228d8209d",6.5,0.118668184711835
"c176e5b03d8760c83653340228d8209d",7,0.127337892735883
"c176e5b03d8760c83653340228d8209d",7.5,0.13835599536519
"c176e5b03d8760c83653340228d8209d",8,0.152114357852238
"c176e5b03d8760c83653340228d8209d",8.5,0.169086529979725
"c176e5b03d8760c83653340228d8209d",9,0.189824881471645
"c176e5b03d8760c83653340228d8209d",9.5,0.214945689050839
"c176e5b03d8760c83653340228d8209d",10,0.24509461245077
"c0d57bec2ffb90bc6291e132ecb80eda",0,0.716303169837861
"c0d57bec2ffb90bc6291e132ecb80eda",0.5,0.689986035433231
"c0d57bec2ffb90bc6291e132ecb80eda",1,0.666945252178357
"c0d57bec2ffb90bc6291e132ecb80eda",1.5,0.647752698209604
"c0d57bec2ffb90bc6291e132ecb80eda",2,0.632818781155379
"c0d57bec2ffb90bc6291e132ecb80eda",2.5,0.622418241141983
"c0d57bec2ffb90bc6291e132ecb80eda",3,0.616718312649512
"c0d57bec2ffb90bc6291e132ecb80eda",3.5,0.615802034616623
"c0d57bec2ffb90bc6291e132ecb80eda",4,0.619682179783775
"c0d57bec2ffb90bc6291e132ecb80eda",4.5,0.628303564975733
"c0d57bec2ffb90bc6291e132ecb80eda",5,0.641533401068579
"c0d57bec2ffb90bc6291e132ecb80eda",5.5,0.659141163675649
"c0d57bec2ffb90bc6291e132ecb80eda",6,0.680771582825673
"c0d57bec2ffb90bc6291e132ecb80eda",6.5,0.705916914606763
"c0d57bec2ffb90bc6291e132ecb80eda",7,0.733897334108205
"c0d57bec2ffb90bc6291e132ecb80eda",7.5,0.763860056633137
"c0d57bec2ffb90bc6291e132ecb80eda",8,0.794807046564388
"c0d57bec2ffb90bc6291e132ecb80eda",8.5,0.825656385976783
"c0d57bec2ffb90bc6291e132ecb80eda",9,0.855333356804171
"c0d57bec2ffb90bc6291e132ecb80eda",9.5,0.882876365948499
"c0d57bec2ffb90bc6291e132ecb80eda",10,0.907534713709851
"d0692cdba6d54bcc7c82cf05a7532f9b",0,0.445413106585249
"d0692cdba6d54bcc7c82cf05a7532f9b",0.5,0.376492824860763
"d0692cdba6d54bcc7c82cf05a7532f9b",1,0.321260980485855
"d0692cdba6d54bcc7c82cf05a7532f9b",1.5,0.27981792480958
"d0692cdba6d54bcc7c82cf05a7532f9b",2,0.2511284853766
"d0692cdba6d54bcc7c82cf05a7532f9b",2.5,0.233865820655217
"d0692cdba6d54bcc7c82cf05a7532f9b",3,0.226986369825096
"d0692cdba6d54bcc7c82cf05a7532f9b",3.5,0.230023454060334
"d0692cdba6d54bcc7c82cf05a7532f9b",4,0.243186633322655
"d0692cdba6d54bcc7c82cf05a7532f9b",4.5,0.267319273339534
"d0692cdba6d54bcc7c82cf05a7532f9b",5,0.303690034144322
"d0692cdba6d54bcc7c82cf05a7532f9b",5.5,0.353534691321717
"d0692cdba6d54bcc7c82cf05a7532f9b",6,0.417299121412256
"d0692cdba6d54bcc7c82cf05a7532f9b",6.5,0.49376605294875
"d0692cdba6d54bcc7c82cf05a7532f9b",7,0.579634013909411
"d0692cdba6d54bcc7c82cf05a7532f9b",7.5,0.670117543126266
"d0692cdba6d54bcc7c82cf05a7532f9b",8,0.759970218841962
"d0692cdba6d54bcc7c82cf05a7532f9b",8.5,0.842997051895222
"d0692cdba6d54bcc7c82cf05a7532f9b",9,0.910879320827206
"d0692cdba6d54bcc7c82cf05a7532f9b",9.5,0.956865622358519
"d0692cdba6d54bcc7c82cf05a7532f9b",10,0.981969984226196
"47796a23ddaef97745fc442aaa14dfcf",0,0.862212928453886
"47796a23ddaef97745fc442aaa14dfcf",0.5,0.848880191190968
"47796a23ddaef97745fc442aaa14dfcf",1,0.836467140862928
"47796a23ddaef97745fc442aaa14dfcf",1.5,0.825310607805366
"47796a23ddaef97745fc442aaa14dfcf",2,0.815710524450955
"47796a23ddaef97745fc442aaa14dfcf",2.5,0.807920882617268
"47796a23ddaef97745fc442aaa14dfcf",3,0.802143964857259
"47796a23ddaef97745fc442aaa14dfcf",3.5,0.798527146334393
"47796a23ddaef97745fc442aaa14dfcf",4,0.797161420960481
"47796a23ddaef97745fc442aaa14dfcf",4.5,0.798080877572923
"47796a23ddaef97745fc442aaa14dfcf",5,0.801262582985479
"47796a23ddaef97745fc442aaa14dfcf",5.5,0.806626655829223
"47796a23ddaef97745fc442aaa14dfcf",6,0.814036677303785
"47796a23ddaef97745fc442aaa14dfcf",6.5,0.823300923596129
"47796a23ddaef97745fc442aaa14dfcf",7,0.834175159527268
"47796a23ddaef97745fc442aaa14dfcf",7.5,0.846367840978109
"47796a23ddaef97745fc442aaa14dfcf",8,0.859548476396967
"47796a23ddaef97745fc442aaa14dfcf",8.5,0.873359559441169
"47796a23ddaef97745fc442aaa14dfcf",9,0.887431917970599
"47796a23ddaef97745fc442aaa14dfcf",9.5,0.901402611821126
"47796a23ddaef97745fc442aaa14dfcf",10,0.91493380843344
"cbd51314fd1630167dcedf735adddb47",0,0.90128089929874
"cbd51314fd1630167dcedf735adddb47",0.5,0.887399486073583
"cbd51314fd1630167dcedf735adddb47",1,0.8739346354285
"cbd51314fd1630167dcedf735adddb47",1.5,0.861374919558247
"cbd51314fd1630167dcedf735adddb47",2,0.850185409083938
"cbd51314fd1630167dcedf735adddb47",2.5,0.84078205874925
"cbd51314fd1630167dcedf735adddb47",3,0.833512309442148
"cbd51314fd1630167dcedf735adddb47",3.5,0.828641926934426
"cbd51314fd1630167dcedf735adddb47",4,0.826347060144725
"cbd51314fd1630167dcedf735adddb47",4.5,0.826710090493095
"cbd51314fd1630167dcedf735adddb47",5,0.829718013936882
"cbd51314fd1630167dcedf735adddb47",5.5,0.835262682294154
"cbd51314fd1630167dcedf735adddb47",6,0.843143013730428
"cbd51314fd1630167dcedf735adddb47",6.5,0.853070034167595
"cbd51314fd1630167dcedf735adddb47",7,0.864676103763527
"cbd51314fd1630167dcedf735adddb47",7.5,0.877529707343346
"cbd51314fd1630167dcedf735adddb47",8,0.891156603292048
"cbd51314fd1630167dcedf735adddb47",8.5,0.905066934525157
"cbd51314fd1630167dcedf735adddb47",9,0.918786328839471
"cbd51314fd1630167dcedf735adddb47",9.5,0.931887502344858
"cbd51314fd1630167dcedf735adddb47",10,0.944017990328798
"8e9a53d7044eb168375ada7afe2f7a23",0,0.886307548943454
"8e9a53d7044eb168375ada7afe2f7a23",0.5,0.854736493506106
"8e9a53d7044eb168375ada7afe2f7a23",1,0.825117752774731
"8e9a53d7044eb168375ada7afe2f7a23",1.5,0.80010485284922
"8e9a53d7044eb168375ada7afe2f7a23",2,0.781740692526423
"8e9a53d7044eb168375ada7afe2f7a23",2.5,0.771394015104319
"8e9a53d7044eb168375ada7afe2f7a23",3,0.769785788349944
"8e9a53d7044eb168375ada7afe2f7a23",3.5,0.777024820741088
"8e9a53d7044eb168375ada7afe2f7a23",4,0.792614440365074
"8e9a53d7044eb168375ada7afe2f7a23",4.5,0.815424795212076
"8e9a53d7044eb168375ada7afe2f7a23",5,0.843656298493492
"8e9a53d7044eb168375ada7afe2f7a23",5.5,0.874858323895919
"8e9a53d7044eb168375ada7afe2f7a23",6,0.906112056895564
"8e9a53d7044eb168375ada7afe2f7a23",6.5,0.934485990064064
"8e9a53d7044eb168375ada7afe2f7a23",7,0.957721215978127
"8e9a53d7044eb168375ada7afe2f7a23",7.5,0.974822723675741
"8e9a53d7044eb168375ada7afe2f7a23",8,0.986147692325063
"8e9a53d7044eb168375ada7afe2f7a23",8.5,0.992934707865391
"8e9a53d7044eb168375ada7afe2f7a23",9,0.996646382175103
"8e9a53d7044eb168375ada7afe2f7a23",9.5,0.998513813782036
"8e9a53d7044eb168375ada7afe2f7a23",10,0.999383733140651
"1edd1298759175e540fd86d91fc4a81f",0,0.244537389645318
"1edd1298759175e540fd86d91fc4a81f",0.5,0.26198764199089
"1edd1298759175e540fd86d91fc4a81f",1,0.278230375000012
"1edd1298759175e540fd86d91fc4a81f",1.5,0.293027055861149
"1edd1298759175e540fd86d91fc4a81f",2,0.306174786230613
"1edd1298759175e540fd86d91fc4a81f",2.5,0.317506128773425
"1edd1298759175e540fd86d91fc4a81f",3,0.326887264986143
"1edd1298759175e540fd86d91fc4a81f",3.5,0.334215175604532
"1edd1298759175e540fd86d91fc4a81f",4,0.339414482437591
"1edd1298759175e540fd86d91fc4a81f",4.5,0.342434488089946
"1edd1298759175e540fd86d91fc4a81f",5,0.343246825551217
"1edd1298759175e540fd86d91fc4a81f",5.5,0.341844001344338
"1edd1298759175e540fd86d91fc4a81f",6,0.338238992444292
"1edd1298759175e540fd86d91fc4a81f",6.5,0.332465939396481
"1edd1298759175e540fd86d91fc4a81f",7,0.324581862180205
"1edd1298759175e540fd86d91fc4a81f",7.5,0.31466920629786
"1edd1298759175e540fd86d91fc4a81f",8,0.302838901450667
"1edd1298759175e540fd86d91fc4a81f",8.5,0.289233486670256
"1edd1298759175e540fd86d91fc4a81f",9,0.274029734979056
"1edd1298759175e540fd86d91fc4a81f",9.5,0.25744011852772
"1edd1298759175e540fd86d91fc4a81f",10,0.239712421610194
"05f230fe7eb4518aa15d8dd8a9255b50",0,0.261442215927347
"05f230fe7eb4518aa15d8dd8a9255b50",0.5,0.27463763116781
"05f230fe7eb4518aa15d8dd8a9255b50",1,0.286876622421256
"05f230fe7eb4518aa15d8dd8a9255b50",1.5,0.298043031960278
"05f230fe7eb4518aa15d8dd8a9255b50",2,0.308036876078703
"05f230fe7eb4518aa15d8dd8a9255b50",2.5,0.316773898800038
"05f230fe7eb4518aa15d8dd8a9255b50",3,0.324184723809287
"05f230fe7eb4518aa15d8dd8a9255b50",3.5,0.330213776455932
"05f230fe7eb4518aa15d8dd8a9255b50",4,0.334818132394427
"05f230fe7eb4518aa15d8dd8a9255b50",4.5,0.337966426752718
"05f230fe7eb4518aa15d8dd8a9255b50",5,0.339637931454143
"05f230fe7eb4518aa15d8dd8a9255b50",5.5,0.33982188110676
"05f230fe7eb4518aa15d8dd8a9255b50",6,0.338517101185183
"05f230fe7eb4518aa15d8dd8a9255b50",6.5,0.335731966530345
"05f230fe7eb4518aa15d8dd8a9255b50",7,0.331484693228467
"05f230fe7eb4518aa15d8dd8a9255b50",7.5,0.325803942056112
"05f230fe7eb4518aa15d8dd8a9255b50",8,0.318729686204774
"05f230fe7eb4518aa15d8dd8a9255b50",8.5,0.310314269543482
"05f230fe7eb4518aa15d8dd8a9255b50",9,0.300623554501747
"05f230fe7eb4518aa15d8dd8a9255b50",9.5,0.289738031957554
"05f230fe7eb4518aa15d8dd8a9255b50",10,0.277753741641395
"fbb761902402701bea6c7ee76bbda487",0,0.803514597699978
"fbb761902402701bea6c7ee76bbda487",0.5,0.743846370272195
"fbb761902402701bea6c7ee76bbda487",1,0.682012044919807
"fbb761902402701bea6c7ee76bbda487",1.5,0.622097507227323
"fbb761902402701bea6c7ee76bbda487",2,0.567485835357952
"fbb761902402701bea6c7ee76bbda487",2.5,0.520473815404492
"fbb761902402701bea6c7ee76bbda487",3,0.482305048346309
"fbb761902402701bea6c7ee76bbda487",3.5,0.453441964540824
"fbb761902402701bea6c7ee76bbda487",4,0.433896256083755
"fbb761902402701bea6c7ee76bbda487",4.5,0.42350912355601
"fbb761902402701bea6c7ee76bbda487",5,0.422141604663142
"fbb761902402701bea6c7ee76bbda487",5.5,0.429772598137431
"fbb761902402701bea6c7ee76bbda487",6,0.446511516321042
"fbb761902402701bea6c7ee76bbda487",6.5,0.472526894255887
"fbb761902402701bea6c7ee76bbda487",7,0.507884774152704
"fbb761902402701bea6c7ee76bbda487",7.5,0.552294004638607
"fbb761902402701bea6c7ee76bbda487",8,0.604783261376134
"fbb761902402701bea6c7ee76bbda487",8.5,0.663394885503628
"fbb761902402701bea6c7ee76bbda487",9,0.725057564078096
"fbb761902402701bea6c7ee76bbda487",9.5,0.785830385978797
"fbb761902402701bea6c7ee76bbda487",10,0.841600647067771
"13eb158569ee63ba4730b2ecf117d03c",0,0.376359288089427
"13eb158569ee63ba4730b2ecf117d03c",0.5,0.390147965528599
"13eb158569ee63ba4730b2ecf117d03c",1,0.400717253888044
"13eb158569ee63ba4730b2ecf117d03c",1.5,0.407966130772182
"13eb158569ee63ba4730b2ecf117d03c",2,0.411833536171611
"13eb158569ee63ba4730b2ecf117d03c",2.5,0.412289665028084
"13eb158569ee63ba4730b2ecf117d03c",3,0.40933112997709
"13eb158569ee63ba4730b2ecf117d03c",3.5,0.402980382556409
"13eb158569ee63ba4730b2ecf117d03c",4,0.393289436513385
"13eb158569ee63ba4730b2ecf117d03c",4.5,0.380347602029088
"13eb158569ee63ba4730b2ecf117d03c",5,0.364292543334961
"13eb158569ee63ba4730b2ecf117d03c",5.5,0.345323462829033
"13eb158569ee63ba4730b2ecf117d03c",6,0.32371458620668
"13eb158569ee63ba4730b2ecf117d03c",6.5,0.29982644191209
"13eb158569ee63ba4730b2ecf117d03c",7,0.274111855775658
"13eb158569ee63ba4730b2ecf117d03c",7.5,0.24711337423139
"13eb158569ee63ba4730b2ecf117d03c",8,0.21944929365388
"13eb158569ee63ba4730b2ecf117d03c",8.5,0.191786859569419
"13eb158569ee63ba4730b2ecf117d03c",9,0.164803539666189
"13eb158569ee63ba4730b2ecf117d03c",9.5,0.139140218482525
"13eb158569ee63ba4730b2ecf117d03c",10,0.115352922545481
"ab78c0a0cd6f6bda69f065bf8980b8d3",0,0.272615489493078
"ab78c0a0cd6f6bda69f065bf8980b8d3",0.5,0.25549788861117
"ab78c0a0cd6f6bda69f065bf8980b8d3",1,0.242969038038289
"ab78c0a0cd6f6bda69f065bf8980b8d3",1.5,0.234665897265044
"ab78c0a0cd6f6bda69f065bf8980b8d3",2,0.230331873512313
"ab78c0a0cd6f6bda69f065bf8980b8d3",2.5,0.229828192106284
"ab78c0a0cd6f6bda69f065bf8980b8d3",3,0.233138515716314
"ab78c0a0cd6f6bda69f065bf8980b8d3",3.5,0.24036942116393
"ab78c0a0cd6f6bda69f065bf8980b8d3",4,0.251747036241511
"ab78c0a0cd6f6bda69f065bf8980b8d3",4.5,0.267607845353118
"ab78c0a0cd6f6bda69f065bf8980b8d3",5,0.288379322463953
"ab78c0a0cd6f6bda69f065bf8980b8d3",5.5,0.314543794085702
"ab78c0a0cd6f6bda69f065bf8980b8d3",6,0.346577428198591
"ab78c0a0cd6f6bda69f065bf8980b8d3",6.5,0.384856897762355
"ab78c0a0cd6f6bda69f065bf8980b8d3",7,0.429531206834461
"ab78c0a0cd6f6bda69f065bf8980b8d3",7.5,0.480367421445304
"ab78c0a0cd6f6bda69f065bf8980b8d3",8,0.53659661530212
"ab78c0a0cd6f6bda69f065bf8980b8d3",8.5,0.596805821110797
"ab78c0a0cd6f6bda69f065bf8980b8d3",9,0.658933723976787
"ab78c0a0cd6f6bda69f065bf8980b8d3",9.5,0.720420630997591
"ab78c0a0cd6f6bda69f065bf8980b8d3",10,0.778527979692692
"3a2d67df382c650d0f27c54718d1ed87",0,0.432777846104515
"3a2d67df382c650d0f27c54718d1ed87",0.5,0.387504169918137
"3a2d67df382c650d0f27c54718d1ed87",1,0.351376652274153
"3a2d67df382c650d0f27c54718d1ed87",1.5,0.323942709673031
"3a2d67df382c650d0f27c54718d1ed87",2,0.304574654607329
"3a2d67df382c650d0f27c54718d1ed87",2.5,0.292684574476597
"3a2d67df382c650d0f27c54718d1ed87",3,0.287853919153825
"3a2d67df382c650d0f27c54718d1ed87",3.5,0.289900443719744
"3a2d67df382c650d0f27c54718d1ed87",4,0.29890220635628
"3a2d67df382c650d0f27c54718d1ed87",4.5,0.315187639970471
"3a2d67df382c650d0f27c54718d1ed87",5,0.339287813613837
"3a2d67df382c650d0f27c54718d1ed87",5.5,0.371834966751431
"3a2d67df382c650d0f27c54718d1ed87",6,0.413384392007855
"3a2d67df382c650d0f27c54718d1ed87",6.5,0.464142862390138
"3a2d67df382c650d0f27c54718d1ed87",7,0.523617343353187
"3a2d67df382c650d0f27c54718d1ed87",7.5,0.590258004496744
"3a2d67df382c650d0f27c54718d1ed87",8,0.661241426952612
"3a2d67df382c650d0f27c54718d1ed87",8.5,0.732574677493405
"3a2d67df382c650d0f27c54718d1ed87",9,0.799646955464123
"3a2d67df382c650d0f27c54718d1ed87",9.5,0.858191840814866
"3a2d67df382c650d0f27c54718d1ed87",10,0.905361517155603
"ac465b73e46a99bb5c1bd7c2d3f53472",0,0.201205011665312
"ac465b73e46a99bb5c1bd7c2d3f53472",0.5,0.205848955779
"ac465b73e46a99bb5c1bd7c2d3f53472",1,0.211375051100619
"ac465b73e46a99bb5c1bd7c2d3f53472",1.5,0.217829499436017
"ac465b73e46a99bb5c1bd7c2d3f53472",2,0.225264926610753
"ac465b73e46a99bb5c1bd7c2d3f53472",2.5,0.233740051747034
"ac465b73e46a99bb5c1bd7c2d3f53472",3,0.24331915293445
"ac465b73e46a99bb5c1bd7c2d3f53472",3.5,0.254071261320433
"ac465b73e46a99bb5c1bd7c2d3f53472",4,0.26606900509776
"ac465b73e46a99bb5c1bd7c2d3f53472",4.5,0.279387016228745
"ac465b73e46a99bb5c1bd7c2d3f53472",5,0.294099808237992
"ac465b73e46a99bb5c1bd7c2d3f53472",5.5,0.310279036101773
"ac465b73e46a99bb5c1bd7c2d3f53472",6,0.32799006311072
"ac465b73e46a99bb5c1bd7c2d3f53472",6.5,0.347287789228309
"ac465b73e46a99bb5c1bd7c2d3f53472",7,0.368211745746433
"ac465b73e46a99bb5c1bd7c2d3f53472",7.5,0.390780536020396
"ac465b73e46a99bb5c1bd7c2d3f53472",8,0.414985803542889
"ac465b73e46a99bb5c1bd7c2d3f53472",8.5,0.440786034089664
"ac465b73e46a99bb5c1bd7c2d3f53472",9,0.468100639077343
"ac465b73e46a99bb5c1bd7c2d3f53472",9.5,0.496804905078861
"ac465b73e46a99bb5c1bd7c2d3f53472",10,0.526726503037528
"e49114f6ca83bfe7f5f60fba042bd86b",0,0.400357400798129
"e49114f6ca83bfe7f5f60fba042bd86b",0.5,0.363670805447472
"e49114f6ca83bfe7f5f60fba042bd86b",1,0.333933244885161
"e49114f6ca83bfe7f5f60fba042bd86b",1.5,0.31070468984168
"e49114f6ca83bfe7f5f60fba042bd86b",2,0.293489574091936
"e49114f6ca83bfe7f5f60fba042bd86b",2.5,0.28183847818581
"e49114f6ca83bfe7f5f60fba042bd86b",3,0.275409441994856
"e49114f6ca83bfe7f5f60fba042bd86b",3.5,0.274001252978055
"e49114f6ca83bfe7f5f60fba042bd86b",4,0.27756868176645
"e49114f6ca83bfe7f5f60fba042bd86b",4.5,0.286225507848804
"e49114f6ca83bfe7f5f60fba042bd86b",5,0.300236635052767
"e49114f6ca83bfe7f5f60fba042bd86b",5.5,0.319996016191522
"e49114f6ca83bfe7f5f60fba042bd86b",6,0.345982657633554
"e49114f6ca83bfe7f5f60fba042bd86b",6.5,0.378683356739941
"e49114f6ca83bfe7f5f60fba042bd86b",7,0.41847002575267
"e49114f6ca83bfe7f5f60fba042bd86b",7.5,0.465425279739808
"e49114f6ca83bfe7f5f60fba042bd86b",8,0.519127398753596
"e49114f6ca83bfe7f5f60fba042bd86b",8.5,0.578437516506783
"e49114f6ca83bfe7f5f60fba042bd86b",9,0.641371100435004
"e49114f6ca83bfe7f5f60fba042bd86b",9.5,0.705158644093227
"e49114f6ca83bfe7f5f60fba042bd86b",10,0.766570271662044
"3984f5a60a7edf96c1ea404cfdb8793c",0,0.441286271453184
"3984f5a60a7edf96c1ea404cfdb8793c",0.5,0.437034313845338
"3984f5a60a7edf96c1ea404cfdb8793c",1,0.4344329845532
"3984f5a60a7edf96c1ea404cfdb8793c",1.5,0.433475830527671
"3984f5a60a7edf96c1ea404cfdb8793c",2,0.434160366730662
"3984f5a60a7edf96c1ea404cfdb8793c",2.5,0.436488376465436
"3984f5a60a7edf96c1ea404cfdb8793c",3,0.440465696713339
"3984f5a60a7edf96c1ea404cfdb8793c",3.5,0.446101483429247
"3984f5a60a7edf96c1ea404cfdb8793c",4,0.453406940777903
"3984f5a60a7edf96c1ea404cfdb8793c",4.5,0.462393491123252
"3984f5a60a7edf96c1ea404cfdb8793c",5,0.473070362167429
"3984f5a60a7edf96c1ea404cfdb8793c",5.5,0.48544157725222
"3984f5a60a7edf96c1ea404cfdb8793c",6,0.499502357980192
"3984f5a60a7edf96c1ea404cfdb8793c",6.5,0.515234988334286
"3984f5a60a7edf96c1ea404cfdb8793c",7,0.532604248845547
"3984f5a60a7edf96c1ea404cfdb8793c",7.5,0.551552608530182
"3984f5a60a7edf96c1ea404cfdb8793c",8,0.57199545819568
"3984f5a60a7edf96c1ea404cfdb8793c",8.5,0.593816772981604
"3984f5a60a7edf96c1ea404cfdb8793c",9,0.61686568974228
"3984f5a60a7edf96c1ea404cfdb8793c",9.5,0.640954554322221
"3984f5a60a7edf96c1ea404cfdb8793c",10,0.665859008046731
"4ecc7a3ba783beafe2e299172d65805d",0,0.479485602656325
"4ecc7a3ba783beafe2e299172d65805d",0.5,0.46321259612353
"4ecc7a3ba783beafe2e299172d65805d",1,0.448950863677067
"4ecc7a3ba783beafe2e299172d65805d",1.5,0.436694743019856
"4ecc7a3ba783beafe2e299172d65805d",2,0.426426630267347
"4ecc7a3ba783beafe2e299172d65805d",2.5,0.41812275946659
"4ecc7a3ba783beafe2e299172d65805d",3,0.411757942041126
"4ecc7a3ba783beafe2e299172d65805d",3.5,0.407309286515147
"4ecc7a3ba783beafe2e299172d65805d",4,0.404758959690448
"4ecc7a3ba783beafe2e299172d65805d",4.5,0.404096061889839
"4ecc7a3ba783beafe2e299172d65805d",5,0.405317679592609
"4ecc7a3ba783beafe2e299172d65805d",5.5,0.408429156225711
"4ecc7a3ba783beafe2e299172d65805d",6,0.413443592223215
"4ecc7a3ba783beafe2e299172d65805d",6.5,0.42038055403966
"4ecc7a3ba783beafe2e299172d65805d",7,0.429263943670405
"4ecc7a3ba783beafe2e299172d65805d",7.5,0.440118960906776
"4ecc7a3ba783beafe2e299172d65805d",8,0.45296808657105
"4ecc7a3ba783beafe2e299172d65805d",8.5,0.467826034181441
"4ecc7a3ba783beafe2e299172d65805d",9,0.484693668777635
"4ecc7a3ba783beafe2e299172d65805d",9.5,0.503550983769473
"4ecc7a3ba783beafe2e299172d65805d",10,0.524349365923958
"55a54212e01d370d2744d010a5bfe225",0,0.452197059169353
"55a54212e01d370d2744d010a5bfe225",0.5,0.436656381987077
"55a54212e01d370d2744d010a5bfe225",1,0.424420752235511
"55a54212e01d370d2744d010a5bfe225",1.5,0.415440849646978
"55a54212e01d370d2744d010a5bfe225",2,0.409668296793519
"55a54212e01d370d2744d010a5bfe225",2.5,0.407066595425619
"55a54212e01d370d2744d010a5bfe225",3,0.407617923161956
"55a54212e01d370d2744d010a5bfe225",3.5,0.411326127735585
"55a54212e01d370d2744d010a5bfe225",4,0.418216096278589
"55a54212e01d370d2744d010a5bfe225",4.5,0.428329460743396
"55a54212e01d370d2744d010a5bfe225",5,0.441716395951189
"55a54212e01d370d2744d010a5bfe225",5.5,0.458423144525632
"55a54212e01d370d2744d010a5bfe225",6,0.478474946634037
"55a54212e01d370d2744d010a5bfe225",6.5,0.50185436140776
"55a54212e01d370d2744d010a5bfe225",7,0.528475642865276
"55a54212e01d370d2744d010a5bfe225",7.5,0.558156940183353
"55a54212e01d370d2744d010a5bfe225",8,0.590593584629877
"55a54212e01d370d2744d010a5bfe225",8.5,0.625337354756223
"55a54212e01d370d2744d010a5bfe225",9,0.661787854489212
"55a54212e01d370d2744d010a5bfe225",9.5,0.699202230286595
"55a54212e01d370d2744d010a5bfe225",10,0.736727614042499
"802ebad26a920809e57df5fe9ff0ba29",0,0.49824789827839
"802ebad26a920809e57df5fe9ff0ba29",0.5,0.511765866301225
"802ebad26a920809e57df5fe9ff0ba29",1,0.524762269950456
"802ebad26a920809e57df5fe9ff0ba29",1.5,0.537222834261284
"802ebad26a920809e57df5fe9ff0ba29",2,0.549137119913657
"802ebad26a920809e57df5fe9ff0ba29",2.5,0.56049815078609
"802ebad26a920809e57df5fe9ff0ba29",3,0.571302030914091
"802ebad26a920809e57df5fe9ff0ba29",3.5,0.581547560754955
"802ebad26a920809e57df5fe9ff0ba29",4,0.591235860878169
"802ebad26a920809e57df5fe9ff0ba29",4.5,0.60037000948676
"802ebad26a920809e57df5fe9ff0ba29",5,0.60895469858967
"802ebad26a920809e57df5fe9ff0ba29",5.5,0.616995912227265
"802ebad26a920809e57df5fe9ff0ba29",6,0.624500628922764
"802ebad26a920809e57df5fe9ff0ba29",6.5,0.631476549497401
"802ebad26a920809e57df5fe9ff0ba29",7,0.637931850543462
"802ebad26a920809e57df5fe9ff0ba29",7.5,0.643874963183351
"802ebad26a920809e57df5fe9ff0ba29",8,0.649314376239806
"802ebad26a920809e57df5fe9ff0ba29",8.5,0.654258462581447
"802ebad26a920809e57df5fe9ff0ba29",9,0.658715327169516
"802ebad26a920809e57df5fe9ff0ba29",9.5,0.662692675196892
"802ebad26a920809e57df5fe9ff0ba29",10,0.66619769865921
"ce2100896561d5e109c74f41565d2623",0,0.0214128664987734
"ce2100896561d5e109c74f41565d2623",0.5,0.0335887539759741
"ce2100896561d5e109c74f41565d2623",1,0.0501473460501966
"ce2100896561d5e109c74f41565d2623",1.5,0.0712289323909016
"ce2100896561d5e109c74f41565d2623",2,0.0963032759443629
"ce2100896561d5e109c74f41565d2623",2.5,0.124132192457241
"ce2100896561d5e109c74f41565d2623",3,0.152925452946116
"ce2100896561d5e109c74f41565d2623",3.5,0.180629798824641
"ce2100896561d5e109c74f41565d2623",4,0.205239316523725
"ce2100896561d5e109c74f41565d2623",4.5,0.225033718114593
"ce2100896561d5e109c74f41565d2623",5,0.238709006429904
"ce2100896561d5e109c74f41565d2623",5.5,0.245417972811758
"ce2100896561d5e109c74f41565d2623",6,0.24476311190993
"ce2100896561d5e109c74f41565d2623",6.5,0.236782672012568
"ce2100896561d5e109c74f41565d2623",7,0.221952318096289
"ce2100896561d5e109c74f41565d2623",7.5,0.201200154326859
"ce2100896561d5e109c74f41565d2623",8,0.175908699729604
"ce2100896561d5e109c74f41565d2623",8.5,0.14786124905507
"ce2100896561d5e109c74f41565d2623",9,0.119092274504391
"ce2100896561d5e109c74f41565d2623",9.5,0.0916320299673411
"ce2100896561d5e109c74f41565d2623",10,0.0671918431298528
"972fddecf4c6292de29d9b0ebff13ce5",0,0.343019828462534
"972fddecf4c6292de29d9b0ebff13ce5",0.5,0.299565435432733
"972fddecf4c6292de29d9b0ebff13ce5",1,0.261127262509959
"972fddecf4c6292de29d9b0ebff13ce5",1.5,0.227556474934279
"972fddecf4c6292de29d9b0ebff13ce5",2,0.198559388179956
"972fddecf4c6292de29d9b0ebff13ce5",2.5,0.173749802833064
"972fddecf4c6292de29d9b0ebff13ce5",3,0.152694227857487
"972fddecf4c6292de29d9b0ebff13ce5",3.5,0.134948159966416
"972fddecf4c6292de29d9b0ebff13ce5",4,0.120082673083262
"972fddecf4c6292de29d9b0ebff13ce5",4.5,0.10770185417582
"972fddecf4c6292de29d9b0ebff13ce5",5,0.0974525551158879
"972fddecf4c6292de29d9b0ebff13ce5",5.5,0.0890283373231498
"972fddecf4c6292de29d9b0ebff13ce5",6,0.0821694580156268
"972fddecf4c6292de29d9b0ebff13ce5",6.5,0.0766604669307203
"972fddecf4c6292de29d9b0ebff13ce5",7,0.0723266126128337
"972fddecf4c6292de29d9b0ebff13ce5",7.5,0.0690299014939012
"972fddecf4c6292de29d9b0ebff13ce5",8,0.0666653604997448
"972fddecf4c6292de29d9b0ebff13ce5",8.5,0.0651578377651787
"972fddecf4c6292de29d9b0ebff13ce5",9,0.064459529583521
"972fddecf4c6292de29d9b0ebff13ce5",9.5,0.0645483303244304
"972fddecf4c6292de29d9b0ebff13ce5",10,0.0654270495840306
"24aef4e5bdd9aca9005e90ae8fe89a67",0,0.175698439099694
"24aef4e5bdd9aca9005e90ae8fe89a67",0.5,0.217204554151477
"24aef4e5bdd9aca9005e90ae8fe89a67",1,0.258406624084678
"24aef4e5bdd9aca9005e90ae8fe89a67",1.5,0.296999504668703
"24aef4e5bdd9aca9005e90ae8fe89a67",2,0.331033639064528
"24aef4e5bdd9aca9005e90ae8fe89a67",2.5,0.359033130711445
"24aef4e5bdd9aca9005e90ae8fe89a67",3,0.379990130786485
"24aef4e5bdd9aca9005e90ae8fe89a67",3.5,0.39328601208659
"24aef4e5bdd9aca9005e90ae8fe89a67",4,0.398592419380363
"24aef4e5bdd9aca9005e90ae8fe89a67",4.5,0.395792674513644
"24aef4e5bdd9aca9005e90ae8fe89a67",5,0.384947304752862
"24aef4e5bdd9aca9005e90ae8fe89a67",5.5,0.366312441143336
"24aef4e5bdd9aca9005e90ae8fe89a67",6,0.340406533883139
"24aef4e5bdd9aca9005e90ae8fe89a67",6.5,0.308106546211745
"24aef4e5bdd9aca9005e90ae8fe89a67",7,0.270738283833737
"24aef4e5bdd9aca9005e90ae8fe89a67",7.5,0.230110637436679
"24aef4e5bdd9aca9005e90ae8fe89a67",8,0.188440064366945
"24aef4e5bdd9aca9005e90ae8fe89a67",8.5,0.148131743500307
"24aef4e5bdd9aca9005e90ae8fe89a67",9,0.111434276224793
"24aef4e5bdd9aca9005e90ae8fe89a67",9.5,0.080055784004722
"24aef4e5bdd9aca9005e90ae8fe89a67",10,0.054882375731716
"04875030d92c68bc497920cb6bcab147",0,0.0404332297758304
"04875030d92c68bc497920cb6bcab147",0.5,0.0559112835230593
"04875030d92c68bc497920cb6bcab147",1,0.0754516844201578
"04875030d92c68bc497920cb6bcab147",1.5,0.0992970857922766
"04875030d92c68bc497920cb6bcab147",2,0.127400204425382
"04875030d92c68bc497920cb6bcab147",2.5,0.159387731922138
"04875030d92c68bc497920cb6bcab147",3,0.194580465689563
"04875030d92c68bc497920cb6bcab147",3.5,0.23206459405542
"04875030d92c68bc497920cb6bcab147",4,0.270793719012486
"04875030d92c68bc497920cb6bcab147",4.5,0.309696175920162
"04875030d92c68bc497920cb6bcab147",5,0.347766939522123
"04875030d92c68bc497920cb6bcab147",5.5,0.384132576582492
"04875030d92c68bc497920cb6bcab147",6,0.418086427807998
"04875030d92c68bc497920cb6bcab147",6.5,0.449097255203376
"04875030d92c68bc497920cb6bcab147",7,0.476797765049162
"04875030d92c68bc497920cb6bcab147",7.5,0.500960301184444
"04875030d92c68bc497920cb6bcab147",8,0.52146635729109
"04875030d92c68bc497920cb6bcab147",8.5,0.538275099252139
"04875030d92c68bc497920cb6bcab147",9,0.55139440494707
"04875030d92c68bc497920cb6bcab147",9.5,0.560856416489953
"04875030d92c68bc497920cb6bcab147",10,0.566698463308878
"e2e208b81866a7c77ddf15f0779050a3",0,0.347006310640349
"e2e208b81866a7c77ddf15f0779050a3",0.5,0.273841565782497
"e2e208b81866a7c77ddf15f0779050a3",1,0.216530618531854
"e2e208b81866a7c77ddf15f0779050a3",1.5,0.173262630413437
"e2e208b81866a7c77ddf15f0779050a3",2,0.141517066472321
"e2e208b81866a7c77ddf15f0779050a3",2.5,0.118812698577395
"e2e208b81866a7c77ddf15f0779050a3",3,0.103076583543675
"e2e208b81866a7c77ddf15f0779050a3",3.5,0.0927535415158158
"e2e208b81866a7c77ddf15f0779050a3",4,0.0867861179081433
"e2e208b81866a7c77ddf15f0779050a3",4.5,0.0845550133682205
"e2e208b81866a7c77ddf15f0779050a3",5,0.0858279354122648
"e2e208b81866a7c77ddf15f0779050a3",5.5,0.0907374432637653
"e2e208b81866a7c77ddf15f0779050a3",6,0.0997937857425049
"e2e208b81866a7c77ddf15f0779050a3",6.5,0.113929430128435
"e2e208b81866a7c77ddf15f0779050a3",7,0.134559650329788
"e2e208b81866a7c77ddf15f0779050a3",7.5,0.163620219987212
"e2e208b81866a7c77ddf15f0779050a3",8,0.20350462979143
"e2e208b81866a7c77ddf15f0779050a3",8.5,0.256779358527894
"e2e208b81866a7c77ddf15f0779050a3",9,0.325545532815499
"e2e208b81866a7c77ddf15f0779050a3",9.5,0.410400091130249
"e2e208b81866a7c77ddf15f0779050a3",10,0.509166558037743
"7019de3188b5760c38578dc5a8684f9e",0,0.367748591731108
"7019de3188b5760c38578dc5a8684f9e",0.5,0.471290680200308
"7019de3188b5760c38578dc5a8684f9e",1,0.560816350176079
"7019de3188b5760c38578dc5a8684f9e",1.5,0.631217052001685
"7019de3188b5760c38578dc5a8684f9e",2,0.68263281107016
"7019de3188b5760c38578dc5a8684f9e",2.5,0.717247526375647
"7019de3188b5760c38578dc5a8684f9e",3,0.737293517166154
"7019de3188b5760c38578dc5a8684f9e",3.5,0.744271971958115
"7019de3188b5760c38578dc5a8684f9e",4,0.738734572800186
"7019de3188b5760c38578dc5a8684f9e",4.5,0.720242417023796
"7019de3188b5760c38578dc5a8684f9e",5,0.687397275452378
"7019de3188b5760c38578dc5a8684f9e",5.5,0.638026844023508
"7019de3188b5760c38578dc5a8684f9e",6,0.569869160097609
"7019de3188b5760c38578dc5a8684f9e",6.5,0.482400553611338
"7019de3188b5760c38578dc5a8684f9e",7,0.379972571452295
"7019de3188b5760c38578dc5a8684f9e",7.5,0.273886383719243
"7019de3188b5760c38578dc5a8684f9e",8,0.178852058544178
"7019de3188b5760c38578dc5a8684f9e",8.5,0.105258775965443
"7019de3188b5760c38578dc5a8684f9e",9,0.0551128626711093
"7019de3188b5760c38578dc5a8684f9e",9.5,0.0239032547458038
"7019de3188b5760c38578dc5a8684f9e",10,0.00774918446929794
"300813bf30c10aa9ea9b264834692c53",0,0.730475569795654
"300813bf30c10aa9ea9b264834692c53",0.5,0.709993927396456
"300813bf30c10aa9ea9b264834692c53",1,0.691995178919151
"300813bf30c10aa9ea9b264834692c53",1.5,0.676846902382021
"300813bf30c10aa9ea9b264834692c53",2,0.664828233175485
"300813bf30c10aa9ea9b264834692c53",2.5,0.656139557311416
"300813bf30c10aa9ea9b264834692c53",3,0.650913584232981
"300813bf30c10aa9ea9b264834692c53",3.5,0.649225081090756
"300813bf30c10aa9ea9b264834692c53",4,0.651097381164659
"300813bf30c10aa9ea9b264834692c53",4.5,0.656504586903457
"300813bf30c10aa9ea9b264834692c53",5,0.665369129985909
"300813bf30c10aa9ea9b264834692c53",5.5,0.677555063098676
"300813bf30c10aa9ea9b264834692c53",6,0.692858203039041
"300813bf30c10aa9ea9b264834692c53",6.5,0.710995055678349
"300813bf30c10aa9ea9b264834692c53",7,0.731593281990152
"300813bf30c10aa9ea9b264834692c53",7.5,0.754187139893509
"300813bf30c10aa9ea9b264834692c53",8,0.778221559961651
"300813bf30c10aa9ea9b264834692c53",8.5,0.803067920354936
"300813bf30c10aa9ea9b264834692c53",9,0.828052905617173
"300813bf30c10aa9ea9b264834692c53",9.5,0.852499107762479
"300813bf30c10aa9ea9b264834692c53",10,0.875772795545794
"ce885dac43d5b9900e4f77e391e36d33",0,0.786984151616922
"ce885dac43d5b9900e4f77e391e36d33",0.5,0.768454379130992
"ce885dac43d5b9900e4f77e391e36d33",1,0.751734295868623
"ce885dac43d5b9900e4f77e391e36d33",1.5,0.737233112837243
"ce885dac43d5b9900e4f77e391e36d33",2,0.725284863716862
"ce885dac43d5b9900e4f77e391e36d33",2.5,0.716148135039243
"ce885dac43d5b9900e4f77e391e36d33",3,0.710009606752605
"ce885dac43d5b9900e4f77e391e36d33",3.5,0.706989010691847
"ce885dac43d5b9900e4f77e391e36d33",4,0.707143528613235
"ce885dac43d5b9900e4f77e391e36d33",4.5,0.710470263590071
"ce885dac43d5b9900e4f77e391e36d33",5,0.716906108737387
"ce885dac43d5b9900e4f77e391e36d33",5.5,0.726325047851355
"ce885dac43d5b9900e4f77e391e36d33",6,0.738533632419703
"ce885dac43d5b9900e4f77e391e36d33",6.5,0.753266065444953
"ce885dac43d5b9900e4f77e391e36d33",7,0.770180921797643
"ce885dac43d5b9900e4f77e391e36d33",7.5,0.788861920879933
"ce885dac43d5b9900e4f77e391e36d33",8,0.808825155792144
"ce885dac43d5b9900e4f77e391e36d33",8.5,0.829534582555002
"ce885dac43d5b9900e4f77e391e36d33",9,0.850426283680575
"ce885dac43d5b9900e4f77e391e36d33",9.5,0.870940153617455
"ce885dac43d5b9900e4f77e391e36d33",10,0.890555604370599
"65aa97f852082bbfcfb8681aeba5c3b1",0,0.0730162155149006
"65aa97f852082bbfcfb8681aeba5c3b1",0.5,0.0528304433120599
"65aa97f852082bbfcfb8681aeba5c3b1",1,0.0404167661303376
"65aa97f852082bbfcfb8681aeba5c3b1",1.5,0.0329618126183018
"65aa97f852082bbfcfb8681aeba5c3b1",2,0.0287989728501405
"65aa97f852082bbfcfb8681aeba5c3b1",2.5,0.0270291711434125
"65aa97f852082bbfcfb8681aeba5c3b1",3,0.0272814027286931
"65aa97f852082bbfcfb8681aeba5c3b1",3.5,0.0296080484583422
"65aa97f852082bbfcfb8681aeba5c3b1",4,0.0344998333064909
"65aa97f852082bbfcfb8681aeba5c3b1",4.5,0.0430230394003924
"65aa97f852082bbfcfb8681aeba5c3b1",5,0.0570958810254068
"65aa97f852082bbfcfb8681aeba5c3b1",5.5,0.0798953687593874
"65aa97f852082bbfcfb8681aeba5c3b1",6,0.11623933566285
"65aa97f852082bbfcfb8681aeba5c3b1",6.5,0.172374013581375
"65aa97f852082bbfcfb8681aeba5c3b1",7,0.253872416783806
"65aa97f852082bbfcfb8681aeba5c3b1",7.5,0.360452062503091
"65aa97f852082bbfcfb8681aeba5c3b1",8,0.481032065557391
"65aa97f852082bbfcfb8681aeba5c3b1",8.5,0.598621501719509
"65aa97f852082bbfcfb8681aeba5c3b1",9,0.70364452439922
"65aa97f852082bbfcfb8681aeba5c3b1",9.5,0.797007123004803
"65aa97f852082bbfcfb8681aeba5c3b1",10,0.879030326371287
"57d30817700c8065b3da62354403e737",0,0.870765539620924
"57d30817700c8065b3da62354403e737",0.5,0.862222041748238
"57d30817700c8065b3da62354403e737",1,0.854613327327298
"57d30817700c8065b3da62354403e737",1.5,0.84811298031796
"57d30817700c8065b3da62354403e737",2,0.842868756389391
"57d30817700c8065b3da62354403e737",2.5,0.838999151363868
"57d30817700c8065b3da62354403e737",3,0.836591048667735
"57d30817700c8065b3da62354403e737",3.5,0.835698236347635
"57d30817700c8065b3da62354403e737",4,0.836340596692978
"57d30817700c8065b3da62354403e737",4.5,0.838503828166601
"57d30817700c8065b3da62354403e737",5,0.842139644239657
"57d30817700c8065b3da62354403e737",5.5,0.847166489176199
"57d30817700c8065b3da62354403e737",6,0.853470898664342
"57d30817700c8065b3da62354403e737",6.5,0.860909695623814
"57d30817700c8065b3da62354403e737",7,0.869313232180738
"57d30817700c8065b3da62354403e737",7.5,0.878489854904906
"57d30817700c8065b3da62354403e737",8,0.888231675949492
"57d30817700c8065b3da62354403e737",8.5,0.8983215822283
"57d30817700c8065b3da62354403e737",9,0.908541226088793
"57d30817700c8065b3da62354403e737",9.5,0.918679545442711
"57d30817700c8065b3da62354403e737",10,0.928541199613968
"84ac3000a95971322e8f904918039135",0,0.939721927597125
"84ac3000a95971322e8f904918039135",0.5,0.923094954101057
"84ac3000a95971322e8f904918039135",1,0.905411169119511
"84ac3000a95971322e8f904918039135",1.5,0.887707536159149
"84ac3000a95971322e8f904918039135",2,0.871137298507971
"84ac3000a95971322e8f904918039135",2.5,0.856833363985371
"84ac3000a95971322e8f904918039135",3,0.845787380080377
"84ac3000a95971322e8f904918039135",3.5,0.838761644066154
"84ac3000a95971322e8f904918039135",4,0.836235849095443
"84ac3000a95971322e8f904918039135",4.5,0.838381082459208
"84ac3000a95971322e8f904918039135",5,0.845052085197859
"84ac3000a95971322e8f904918039135",5.5,0.855793770667347
"84ac3000a95971322e8f904918039135",6,0.869865427067384
"84ac3000a95971322e8f904918039135",6.5,0.886291381255766
"84ac3000a95971322e8f904918039135",7,0.903946129137503
"84ac3000a95971322e8f904918039135",7.5,0.921672997193182
"84ac3000a95971322e8f904918039135",8,0.93842048143462
"84ac3000a95971322e8f904918039135",8.5,0.953366859450147
"84ac3000a95971322e8f904918039135",9,0.966000794643793
"84ac3000a95971322e8f904918039135",9.5,0.976137860633147
"84ac3000a95971322e8f904918039135",10,0.983874919220583
"cc0826be426370366199cac0fa4ba7a0",0,0.412528092124414
"cc0826be426370366199cac0fa4ba7a0",0.5,0.334433751162101
"cc0826be426370366199cac0fa4ba7a0",1,0.273997388148012
"cc0826be426370366199cac0fa4ba7a0",1.5,0.231030417385735
"cc0826be426370366199cac0fa4ba7a0",2,0.203965819050431
"cc0826be426370366199cac0fa4ba7a0",2.5,0.190969965656473
"cc0826be426370366199cac0fa4ba7a0",3,0.190888957229615
"cc0826be426370366199cac0fa4ba7a0",3.5,0.20371501189075
"cc0826be426370366199cac0fa4ba7a0",4,0.230589292534167
"cc0826be426370366199cac0fa4ba7a0",4.5,0.273341814248873
"cc0826be426370366199cac0fa4ba7a0",5,0.333550278125421
"cc0826be426370366199cac0fa4ba7a0",5.5,0.411426636325287
"cc0826be426370366199cac0fa4ba7a0",6,0.505052682626479
"cc0826be426370366199cac0fa4ba7a0",6.5,0.609916099785328
"cc0826be426370366199cac0fa4ba7a0",7,0.718942522020574
"cc0826be426370366199cac0fa4ba7a0",7.5,0.82265352263547
"cc0826be426370366199cac0fa4ba7a0",8,0.908371644561229
"cc0826be426370366199cac0fa4ba7a0",8.5,0.964290766528601
"cc0826be426370366199cac0fa4ba7a0",9,0.989879874540597
"cc0826be426370366199cac0fa4ba7a0",9.5,0.997770575440756
"cc0826be426370366199cac0fa4ba7a0",10,0.99958506888479
