"hash","LR","pred_multi100"
"755aa1b492e1e3593c2559d7a5087710",0,0.33236
"755aa1b492e1e3593c2559d7a5087710",0.5,0.325695
"755aa1b492e1e3593c2559d7a5087710",1,0.319756
"755aa1b492e1e3593c2559d7a5087710",1.5,0.314526
"755aa1b492e1e3593c2559d7a5087710",2,0.309988
"755aa1b492e1e3593c2559d7a5087710",2.5,0.306128
"755aa1b492e1e3593c2559d7a5087710",3,0.302933
"755aa1b492e1e3593c2559d7a5087710",3.5,0.300391
"755aa1b492e1e3593c2559d7a5087710",4,0.298495
"755aa1b492e1e3593c2559d7a5087710",4.5,0.297236
"755aa1b492e1e3593c2559d7a5087710",5,0.29661
"755aa1b492e1e3593c2559d7a5087710",5.5,0.296615
"755aa1b492e1e3593c2559d7a5087710",6,0.297252
"755aa1b492e1e3593c2559d7a5087710",6.5,0.298522
"755aa1b492e1e3593c2559d7a5087710",7,0.30043
"755aa1b492e1e3593c2559d7a5087710",7.5,0.302983
"755aa1b492e1e3593c2559d7a5087710",8,0.306189
"755aa1b492e1e3593c2559d7a5087710",8.5,0.310061
"755aa1b492e1e3593c2559d7a5087710",9,0.314611
"755aa1b492e1e3593c2559d7a5087710",9.5,0.319853
"755aa1b492e1e3593c2559d7a5087710",10,0.325804
"04849c132ad84ca1b3344976e2007a0a",0,0.261003
"04849c132ad84ca1b3344976e2007a0a",0.5,0.279828
"04849c132ad84ca1b3344976e2007a0a",1,0.297105
"04849c132ad84ca1b3344976e2007a0a",1.5,0.312561
"04849c132ad84ca1b3344976e2007a0a",2,0.325972
"04849c132ad84ca1b3344976e2007a0a",2.5,0.337158
"04849c132ad84ca1b3344976e2007a0a",3,0.345985
"04849c132ad84ca1b3344976e2007a0a",3.5,0.352354
"04849c132ad84ca1b3344976e2007a0a",4,0.356197
"04849c132ad84ca1b3344976e2007a0a",4.5,0.357478
"04849c132ad84ca1b3344976e2007a0a",5,0.356182
"04849c132ad84ca1b3344976e2007a0a",5.5,0.352324
"04849c132ad84ca1b3344976e2007a0a",6,0.34594
"04849c132ad84ca1b3344976e2007a0a",6.5,0.337099
"04849c132ad84ca1b3344976e2007a0a",7,0.325899
"04849c132ad84ca1b3344976e2007a0a",7.5,0.312475
"04849c132ad84ca1b3344976e2007a0a",8,0.297008
"04849c132ad84ca1b3344976e2007a0a",8.5,0.279721
"04849c132ad84ca1b3344976e2007a0a",9,0.260887
"04849c132ad84ca1b3344976e2007a0a",9.5,0.240828
"04849c132ad84ca1b3344976e2007a0a",10,0.219907
"30bf9d373254739b27b406abb7e3eebb",0,0.776909
"30bf9d373254739b27b406abb7e3eebb",0.5,0.72264
"30bf9d373254739b27b406abb7e3eebb",1,0.667215
"30bf9d373254739b27b406abb7e3eebb",1.5,0.613351
"30bf9d373254739b27b406abb7e3eebb",2,0.563327
"30bf9d373254739b27b406abb7e3eebb",2.5,0.518783
"30bf9d373254739b27b406abb7e3eebb",3,0.480699
"30bf9d373254739b27b406abb7e3eebb",3.5,0.449521
"30bf9d373254739b27b406abb7e3eebb",4,0.425329
"30bf9d373254739b27b406abb7e3eebb",4.5,0.408008
"30bf9d373254739b27b406abb7e3eebb",5,0.397378
"30bf9d373254739b27b406abb7e3eebb",5.5,0.393291
"30bf9d373254739b27b406abb7e3eebb",6,0.395682
"30bf9d373254739b27b406abb7e3eebb",6.5,0.404591
"30bf9d373254739b27b406abb7e3eebb",7,0.420146
"30bf9d373254739b27b406abb7e3eebb",7.5,0.442527
"30bf9d373254739b27b406abb7e3eebb",8,0.471876
"30bf9d373254739b27b406abb7e3eebb",8.5,0.50818
"30bf9d373254739b27b406abb7e3eebb",9,0.551106
"30bf9d373254739b27b406abb7e3eebb",9.5,0.599828
"30bf9d373254739b27b406abb7e3eebb",10,0.652884
"3eca306733cd7e7887b47d2f2db15f3f",0,0.24279
"3eca306733cd7e7887b47d2f2db15f3f",0.5,0.239843
"3eca306733cd7e7887b47d2f2db15f3f",1,0.238494
"3eca306733cd7e7887b47d2f2db15f3f",1.5,0.238724
"3eca306733cd7e7887b47d2f2db15f3f",2,0.240537
"3eca306733cd7e7887b47d2f2db15f3f",2.5,0.243957
"3eca306733cd7e7887b47d2f2db15f3f",3,0.249028
"3eca306733cd7e7887b47d2f2db15f3f",3.5,0.255815
"3eca306733cd7e7887b47d2f2db15f3f",4,0.264402
"3eca306733cd7e7887b47d2f2db15f3f",4.5,0.27489
"3eca306733cd7e7887b47d2f2db15f3f",5,0.287396
"3eca306733cd7e7887b47d2f2db15f3f",5.5,0.302046
"3eca306733cd7e7887b47d2f2db15f3f",6,0.318974
"3eca306733cd7e7887b47d2f2db15f3f",6.5,0.338309
"3eca306733cd7e7887b47d2f2db15f3f",7,0.360167
"3eca306733cd7e7887b47d2f2db15f3f",7.5,0.384639
"3eca306733cd7e7887b47d2f2db15f3f",8,0.411772
"3eca306733cd7e7887b47d2f2db15f3f",8.5,0.441553
"3eca306733cd7e7887b47d2f2db15f3f",9,0.473885
"3eca306733cd7e7887b47d2f2db15f3f",9.5,0.508574
"3eca306733cd7e7887b47d2f2db15f3f",10,0.54531
"eea8dc48963b0f71797e43c8ce313317",0,0.459355
"eea8dc48963b0f71797e43c8ce313317",0.5,0.441489
"eea8dc48963b0f71797e43c8ce313317",1,0.424617
"eea8dc48963b0f71797e43c8ce313317",1.5,0.408753
"eea8dc48963b0f71797e43c8ce313317",2,0.393901
"eea8dc48963b0f71797e43c8ce313317",2.5,0.380056
"eea8dc48963b0f71797e43c8ce313317",3,0.367205
"eea8dc48963b0f71797e43c8ce313317",3.5,0.355331
"eea8dc48963b0f71797e43c8ce313317",4,0.344413
"eea8dc48963b0f71797e43c8ce313317",4.5,0.334425
"eea8dc48963b0f71797e43c8ce313317",5,0.325343
"eea8dc48963b0f71797e43c8ce313317",5.5,0.317139
"eea8dc48963b0f71797e43c8ce313317",6,0.309787
"eea8dc48963b0f71797e43c8ce313317",6.5,0.303261
"eea8dc48963b0f71797e43c8ce313317",7,0.297538
"eea8dc48963b0f71797e43c8ce313317",7.5,0.292594
"eea8dc48963b0f71797e43c8ce313317",8,0.28841
"eea8dc48963b0f71797e43c8ce313317",8.5,0.284968
"eea8dc48963b0f71797e43c8ce313317",9,0.282254
"eea8dc48963b0f71797e43c8ce313317",9.5,0.280255
"eea8dc48963b0f71797e43c8ce313317",10,0.278962
"7a4d67627a16ad1272312768348f1bbc",0,0.488543
"7a4d67627a16ad1272312768348f1bbc",0.5,0.455576
"7a4d67627a16ad1272312768348f1bbc",1,0.428396
"7a4d67627a16ad1272312768348f1bbc",1.5,0.406978
"7a4d67627a16ad1272312768348f1bbc",2,0.391191
"7a4d67627a16ad1272312768348f1bbc",2.5,0.380875
"7a4d67627a16ad1272312768348f1bbc",3,0.375895
"7a4d67627a16ad1272312768348f1bbc",3.5,0.376178
"7a4d67627a16ad1272312768348f1bbc",4,0.38173
"7a4d67627a16ad1272312768348f1bbc",4.5,0.39263
"7a4d67627a16ad1272312768348f1bbc",5,0.409017
"7a4d67627a16ad1272312768348f1bbc",5.5,0.431052
"7a4d67627a16ad1272312768348f1bbc",6,0.458859
"7a4d67627a16ad1272312768348f1bbc",6.5,0.492445
"7a4d67627a16ad1272312768348f1bbc",7,0.531599
"7a4d67627a16ad1272312768348f1bbc",7.5,0.575782
"7a4d67627a16ad1272312768348f1bbc",8,0.624032
"7a4d67627a16ad1272312768348f1bbc",8.5,0.674921
"7a4d67627a16ad1272312768348f1bbc",9,0.726598
"7a4d67627a16ad1272312768348f1bbc",9.5,0.776953
"7a4d67627a16ad1272312768348f1bbc",10,0.823879
"8962910713598bb7f0d32fcc0bdcd5bc",0,0.262958
"8962910713598bb7f0d32fcc0bdcd5bc",0.5,0.26246
"8962910713598bb7f0d32fcc0bdcd5bc",1,0.263231
"8962910713598bb7f0d32fcc0bdcd5bc",1.5,0.265281
"8962910713598bb7f0d32fcc0bdcd5bc",2,0.268626
"8962910713598bb7f0d32fcc0bdcd5bc",2.5,0.273298
"8962910713598bb7f0d32fcc0bdcd5bc",3,0.279337
"8962910713598bb7f0d32fcc0bdcd5bc",3.5,0.286795
"8962910713598bb7f0d32fcc0bdcd5bc",4,0.295732
"8962910713598bb7f0d32fcc0bdcd5bc",4.5,0.306216
"8962910713598bb7f0d32fcc0bdcd5bc",5,0.31832
"8962910713598bb7f0d32fcc0bdcd5bc",5.5,0.332122
"8962910713598bb7f0d32fcc0bdcd5bc",6,0.347697
"8962910713598bb7f0d32fcc0bdcd5bc",6.5,0.365115
"8962910713598bb7f0d32fcc0bdcd5bc",7,0.384434
"8962910713598bb7f0d32fcc0bdcd5bc",7.5,0.405694
"8962910713598bb7f0d32fcc0bdcd5bc",8,0.428908
"8962910713598bb7f0d32fcc0bdcd5bc",8.5,0.454052
"8962910713598bb7f0d32fcc0bdcd5bc",9,0.481059
"8962910713598bb7f0d32fcc0bdcd5bc",9.5,0.509808
"8962910713598bb7f0d32fcc0bdcd5bc",10,0.540114
"854fe050fa729c4ff84c30b76be3fe1b",0,0.446524
"854fe050fa729c4ff84c30b76be3fe1b",0.5,0.408943
"854fe050fa729c4ff84c30b76be3fe1b",1,0.377379
"854fe050fa729c4ff84c30b76be3fe1b",1.5,0.351661
"854fe050fa729c4ff84c30b76be3fe1b",2,0.331487
"854fe050fa729c4ff84c30b76be3fe1b",2.5,0.31652
"854fe050fa729c4ff84c30b76be3fe1b",3,0.306457
"854fe050fa729c4ff84c30b76be3fe1b",3.5,0.301069
"854fe050fa729c4ff84c30b76be3fe1b",4,0.300227
"854fe050fa729c4ff84c30b76be3fe1b",4.5,0.303908
"854fe050fa729c4ff84c30b76be3fe1b",5,0.312204
"854fe050fa729c4ff84c30b76be3fe1b",5.5,0.325308
"854fe050fa729c4ff84c30b76be3fe1b",6,0.3435
"854fe050fa729c4ff84c30b76be3fe1b",6.5,0.36711
"854fe050fa729c4ff84c30b76be3fe1b",7,0.396462
"854fe050fa729c4ff84c30b76be3fe1b",7.5,0.43179
"854fe050fa729c4ff84c30b76be3fe1b",8,0.473121
"854fe050fa729c4ff84c30b76be3fe1b",8.5,0.520138
"854fe050fa729c4ff84c30b76be3fe1b",9,0.572039
"854fe050fa729c4ff84c30b76be3fe1b",9.5,0.627444
"854fe050fa729c4ff84c30b76be3fe1b",10,0.684408
"103f6acae68e754d5c6cac1f3af55dff",0,0.739744
"103f6acae68e754d5c6cac1f3af55dff",0.5,0.706487
"103f6acae68e754d5c6cac1f3af55dff",1,0.674027
"103f6acae68e754d5c6cac1f3af55dff",1.5,0.64308
"103f6acae68e754d5c6cac1f3af55dff",2,0.614248
"103f6acae68e754d5c6cac1f3af55dff",2.5,0.588012
"103f6acae68e754d5c6cac1f3af55dff",3,0.564726
"103f6acae68e754d5c6cac1f3af55dff",3.5,0.544639
"103f6acae68e754d5c6cac1f3af55dff",4,0.527908
"103f6acae68e754d5c6cac1f3af55dff",4.5,0.514625
"103f6acae68e754d5c6cac1f3af55dff",5,0.504837
"103f6acae68e754d5c6cac1f3af55dff",5.5,0.498563
"103f6acae68e754d5c6cac1f3af55dff",6,0.495807
"103f6acae68e754d5c6cac1f3af55dff",6.5,0.49657
"103f6acae68e754d5c6cac1f3af55dff",7,0.500852
"103f6acae68e754d5c6cac1f3af55dff",7.5,0.508652
"103f6acae68e754d5c6cac1f3af55dff",8,0.51996
"103f6acae68e754d5c6cac1f3af55dff",8.5,0.534746
"103f6acae68e754d5c6cac1f3af55dff",9,0.552948
"103f6acae68e754d5c6cac1f3af55dff",9.5,0.574447
"103f6acae68e754d5c6cac1f3af55dff",10,0.599049
"cec8cee4d3614530c457e61202b20518",0,0.397414
"cec8cee4d3614530c457e61202b20518",0.5,0.38283
"cec8cee4d3614530c457e61202b20518",1,0.370564
"cec8cee4d3614530c457e61202b20518",1.5,0.360548
"cec8cee4d3614530c457e61202b20518",2,0.352718
"cec8cee4d3614530c457e61202b20518",2.5,0.347016
"cec8cee4d3614530c457e61202b20518",3,0.343399
"cec8cee4d3614530c457e61202b20518",3.5,0.341836
"cec8cee4d3614530c457e61202b20518",4,0.342314
"cec8cee4d3614530c457e61202b20518",4.5,0.344838
"cec8cee4d3614530c457e61202b20518",5,0.349428
"cec8cee4d3614530c457e61202b20518",5.5,0.356121
"cec8cee4d3614530c457e61202b20518",6,0.364968
"cec8cee4d3614530c457e61202b20518",6.5,0.376031
"cec8cee4d3614530c457e61202b20518",7,0.389375
"cec8cee4d3614530c457e61202b20518",7.5,0.405068
"cec8cee4d3614530c457e61202b20518",8,0.423165
"cec8cee4d3614530c457e61202b20518",8.5,0.443703
"cec8cee4d3614530c457e61202b20518",9,0.466688
"cec8cee4d3614530c457e61202b20518",9.5,0.492078
"cec8cee4d3614530c457e61202b20518",10,0.519771
"25a24be608a2c42093a6dd1942a3f7ef",0,0.253178
"25a24be608a2c42093a6dd1942a3f7ef",0.5,0.261383
"25a24be608a2c42093a6dd1942a3f7ef",1,0.269931
"25a24be608a2c42093a6dd1942a3f7ef",1.5,0.278831
"25a24be608a2c42093a6dd1942a3f7ef",2,0.288089
"25a24be608a2c42093a6dd1942a3f7ef",2.5,0.297712
"25a24be608a2c42093a6dd1942a3f7ef",3,0.307706
"25a24be608a2c42093a6dd1942a3f7ef",3.5,0.318073
"25a24be608a2c42093a6dd1942a3f7ef",4,0.328819
"25a24be608a2c42093a6dd1942a3f7ef",4.5,0.339944
"25a24be608a2c42093a6dd1942a3f7ef",5,0.351449
"25a24be608a2c42093a6dd1942a3f7ef",5.5,0.363333
"25a24be608a2c42093a6dd1942a3f7ef",6,0.375593
"25a24be608a2c42093a6dd1942a3f7ef",6.5,0.388223
"25a24be608a2c42093a6dd1942a3f7ef",7,0.401217
"25a24be608a2c42093a6dd1942a3f7ef",7.5,0.414565
"25a24be608a2c42093a6dd1942a3f7ef",8,0.428255
"25a24be608a2c42093a6dd1942a3f7ef",8.5,0.442274
"25a24be608a2c42093a6dd1942a3f7ef",9,0.456604
"25a24be608a2c42093a6dd1942a3f7ef",9.5,0.471226
"25a24be608a2c42093a6dd1942a3f7ef",10,0.486118
"876aaf0b4d60d23eaf504b115d578f0d",0,0.38289
"876aaf0b4d60d23eaf504b115d578f0d",0.5,0.403029
"876aaf0b4d60d23eaf504b115d578f0d",1,0.420984
"876aaf0b4d60d23eaf504b115d578f0d",1.5,0.436613
"876aaf0b4d60d23eaf504b115d578f0d",2,0.449818
"876aaf0b4d60d23eaf504b115d578f0d",2.5,0.460533
"876aaf0b4d60d23eaf504b115d578f0d",3,0.468718
"876aaf0b4d60d23eaf504b115d578f0d",3.5,0.47435
"876aaf0b4d60d23eaf504b115d578f0d",4,0.477419
"876aaf0b4d60d23eaf504b115d578f0d",4.5,0.477917
"876aaf0b4d60d23eaf504b115d578f0d",5,0.475846
"876aaf0b4d60d23eaf504b115d578f0d",5.5,0.471207
"876aaf0b4d60d23eaf504b115d578f0d",6,0.46401
"876aaf0b4d60d23eaf504b115d578f0d",6.5,0.454273
"876aaf0b4d60d23eaf504b115d578f0d",7,0.442029
"876aaf0b4d60d23eaf504b115d578f0d",7.5,0.42733
"876aaf0b4d60d23eaf504b115d578f0d",8,0.410263
"876aaf0b4d60d23eaf504b115d578f0d",8.5,0.390952
"876aaf0b4d60d23eaf504b115d578f0d",9,0.369569
"876aaf0b4d60d23eaf504b115d578f0d",9.5,0.346344
"876aaf0b4d60d23eaf504b115d578f0d",10,0.321569
"d5bc053a3912157ac02ff832fae0cda9",0,0.436234
"d5bc053a3912157ac02ff832fae0cda9",0.5,0.418714
"d5bc053a3912157ac02ff832fae0cda9",1,0.405889
"d5bc053a3912157ac02ff832fae0cda9",1.5,0.397652
"d5bc053a3912157ac02ff832fae0cda9",2,0.393923
"d5bc053a3912157ac02ff832fae0cda9",2.5,0.394661
"d5bc053a3912157ac02ff832fae0cda9",3,0.399872
"d5bc053a3912157ac02ff832fae0cda9",3.5,0.409615
"d5bc053a3912157ac02ff832fae0cda9",4,0.42398
"d5bc053a3912157ac02ff832fae0cda9",4.5,0.443073
"d5bc053a3912157ac02ff832fae0cda9",5,0.466975
"d5bc053a3912157ac02ff832fae0cda9",5.5,0.495697
"d5bc053a3912157ac02ff832fae0cda9",6,0.52911
"d5bc053a3912157ac02ff832fae0cda9",6.5,0.566882
"d5bc053a3912157ac02ff832fae0cda9",7,0.608405
"d5bc053a3912157ac02ff832fae0cda9",7.5,0.652753
"d5bc053a3912157ac02ff832fae0cda9",8,0.698681
"d5bc053a3912157ac02ff832fae0cda9",8.5,0.744684
"d5bc053a3912157ac02ff832fae0cda9",9,0.789141
"d5bc053a3912157ac02ff832fae0cda9",9.5,0.830503
"d5bc053a3912157ac02ff832fae0cda9",10,0.867499
"3e356a9a91fa5785575b7f02e247df89",0,0.174369
"3e356a9a91fa5785575b7f02e247df89",0.5,0.229673
"3e356a9a91fa5785575b7f02e247df89",1,0.284425
"3e356a9a91fa5785575b7f02e247df89",1.5,0.33421
"3e356a9a91fa5785575b7f02e247df89",2,0.375736
"3e356a9a91fa5785575b7f02e247df89",2.5,0.406918
"3e356a9a91fa5785575b7f02e247df89",3,0.426623
"3e356a9a91fa5785575b7f02e247df89",3.5,0.434339
"3e356a9a91fa5785575b7f02e247df89",4,0.429907
"3e356a9a91fa5785575b7f02e247df89",4.5,0.413415
"3e356a9a91fa5785575b7f02e247df89",5,0.38526
"3e356a9a91fa5785575b7f02e247df89",5.5,0.346373
"3e356a9a91fa5785575b7f02e247df89",6,0.298552
"3e356a9a91fa5785575b7f02e247df89",6.5,0.244749
"3e356a9a91fa5785575b7f02e247df89",7,0.189114
"3e356a9a91fa5785575b7f02e247df89",7.5,0.1365
"3e356a9a91fa5785575b7f02e247df89",8,0.091375
"3e356a9a91fa5785575b7f02e247df89",8.5,0.056518
"3e356a9a91fa5785575b7f02e247df89",9,0.032314
"3e356a9a91fa5785575b7f02e247df89",9.5,0.01714
"3e356a9a91fa5785575b7f02e247df89",10,0.008475
"f3446562dba5c9f715ff49dcc9933d9b",0,0.869702
"f3446562dba5c9f715ff49dcc9933d9b",0.5,0.826286
"f3446562dba5c9f715ff49dcc9933d9b",1,0.778784
"f3446562dba5c9f715ff49dcc9933d9b",1.5,0.729586
"f3446562dba5c9f715ff49dcc9933d9b",2,0.681102
"f3446562dba5c9f715ff49dcc9933d9b",2.5,0.635444
"f3446562dba5c9f715ff49dcc9933d9b",3,0.594258
"f3446562dba5c9f715ff49dcc9933d9b",3.5,0.558679
"f3446562dba5c9f715ff49dcc9933d9b",4,0.529397
"f3446562dba5c9f715ff49dcc9933d9b",4.5,0.506765
"f3446562dba5c9f715ff49dcc9933d9b",5,0.49092
"f3446562dba5c9f715ff49dcc9933d9b",5.5,0.481887
"f3446562dba5c9f715ff49dcc9933d9b",6,0.479654
"f3446562dba5c9f715ff49dcc9933d9b",6.5,0.484214
"f3446562dba5c9f715ff49dcc9933d9b",7,0.495579
"f3446562dba5c9f715ff49dcc9933d9b",7.5,0.513755
"f3446562dba5c9f715ff49dcc9933d9b",8,0.538688
"f3446562dba5c9f715ff49dcc9933d9b",8.5,0.570181
"f3446562dba5c9f715ff49dcc9933d9b",9,0.607778
"f3446562dba5c9f715ff49dcc9933d9b",9.5,0.650649
"f3446562dba5c9f715ff49dcc9933d9b",10,0.697485
"383301a49ad02f9897226760ad53e414",0,0.317353
"383301a49ad02f9897226760ad53e414",0.5,0.395589
"383301a49ad02f9897226760ad53e414",1,0.469433
"383301a49ad02f9897226760ad53e414",1.5,0.534719
"383301a49ad02f9897226760ad53e414",2,0.589286
"383301a49ad02f9897226760ad53e414",2.5,0.632603
"383301a49ad02f9897226760ad53e414",3,0.665112
"383301a49ad02f9897226760ad53e414",3.5,0.687648
"383301a49ad02f9897226760ad53e414",4,0.701032
"383301a49ad02f9897226760ad53e414",4.5,0.70584
"383301a49ad02f9897226760ad53e414",5,0.702296
"383301a49ad02f9897226760ad53e414",5.5,0.690234
"383301a49ad02f9897226760ad53e414",6,0.669125
"383301a49ad02f9897226760ad53e414",6.5,0.638176
"383301a49ad02f9897226760ad53e414",7,0.596532
"383301a49ad02f9897226760ad53e414",7.5,0.543657
"383301a49ad02f9897226760ad53e414",8,0.479896
"383301a49ad02f9897226760ad53e414",8.5,0.407125
"383301a49ad02f9897226760ad53e414",9,0.329209
"383301a49ad02f9897226760ad53e414",9.5,0.251781
"383301a49ad02f9897226760ad53e414",10,0.181074
"8c18a482fc143c5660b57812bb3a06d2",0,0.310159
"8c18a482fc143c5660b57812bb3a06d2",0.5,0.411807
"8c18a482fc143c5660b57812bb3a06d2",1,0.504797
"8c18a482fc143c5660b57812bb3a06d2",1.5,0.582371
"8c18a482fc143c5660b57812bb3a06d2",2,0.641636
"8c18a482fc143c5660b57812bb3a06d2",2.5,0.682539
"8c18a482fc143c5660b57812bb3a06d2",3,0.706334
"8c18a482fc143c5660b57812bb3a06d2",3.5,0.714282
"8c18a482fc143c5660b57812bb3a06d2",4,0.706895
"8c18a482fc143c5660b57812bb3a06d2",4.5,0.683696
"8c18a482fc143c5660b57812bb3a06d2",5,0.64344
"8c18a482fc143c5660b57812bb3a06d2",5.5,0.584855
"8c18a482fc143c5660b57812bb3a06d2",6,0.507917
"8c18a482fc143c5660b57812bb3a06d2",6.5,0.415394
"8c18a482fc143c5660b57812bb3a06d2",7,0.313898
"8c18a482fc143c5660b57812bb3a06d2",7.5,0.21365
"8c18a482fc143c5660b57812bb3a06d2",8,0.126741
"8c18a482fc143c5660b57812bb3a06d2",8.5,0.063448
"8c18a482fc143c5660b57812bb3a06d2",9,0.02648
"8c18a482fc143c5660b57812bb3a06d2",9.5,0.009381
"8c18a482fc143c5660b57812bb3a06d2",10,0.002909
"aae673cfa50aa18ca36647bf095bb398",0,0.801245
"aae673cfa50aa18ca36647bf095bb398",0.5,0.744285
"aae673cfa50aa18ca36647bf095bb398",1,0.688949
"aae673cfa50aa18ca36647bf095bb398",1.5,0.63926
"aae673cfa50aa18ca36647bf095bb398",2,0.598041
"aae673cfa50aa18ca36647bf095bb398",2.5,0.56696
"aae673cfa50aa18ca36647bf095bb398",3,0.546843
"aae673cfa50aa18ca36647bf095bb398",3.5,0.538022
"aae673cfa50aa18ca36647bf095bb398",4,0.540594
"aae673cfa50aa18ca36647bf095bb398",4.5,0.554532
"aae673cfa50aa18ca36647bf095bb398",5,0.579659
"aae673cfa50aa18ca36647bf095bb398",5.5,0.615458
"aae673cfa50aa18ca36647bf095bb398",6,0.660769
"aae673cfa50aa18ca36647bf095bb398",6.5,0.713431
"aae673cfa50aa18ca36647bf095bb398",7,0.770058
"aae673cfa50aa18ca36647bf095bb398",7.5,0.826212
"aae673cfa50aa18ca36647bf095bb398",8,0.877178
"aae673cfa50aa18ca36647bf095bb398",8.5,0.919211
"aae673cfa50aa18ca36647bf095bb398",9,0.950599
"aae673cfa50aa18ca36647bf095bb398",9.5,0.971861
"aae673cfa50aa18ca36647bf095bb398",10,0.985011
"34f62924bb628f522e70bd3ea25497f3",0,0.598679
"34f62924bb628f522e70bd3ea25497f3",0.5,0.627067
"34f62924bb628f522e70bd3ea25497f3",1,0.650967
"34f62924bb628f522e70bd3ea25497f3",1.5,0.670585
"34f62924bb628f522e70bd3ea25497f3",2,0.686159
"34f62924bb628f522e70bd3ea25497f3",2.5,0.697923
"34f62924bb628f522e70bd3ea25497f3",3,0.706076
"34f62924bb628f522e70bd3ea25497f3",3.5,0.710772
"34f62924bb628f522e70bd3ea25497f3",4,0.712099
"34f62924bb628f522e70bd3ea25497f3",4.5,0.710086
"34f62924bb628f522e70bd3ea25497f3",5,0.704692
"34f62924bb628f522e70bd3ea25497f3",5.5,0.695812
"34f62924bb628f522e70bd3ea25497f3",6,0.683286
"34f62924bb628f522e70bd3ea25497f3",6.5,0.666903
"34f62924bb628f522e70bd3ea25497f3",7,0.646427
"34f62924bb628f522e70bd3ea25497f3",7.5,0.621622
"34f62924bb628f522e70bd3ea25497f3",8,0.592296
"34f62924bb628f522e70bd3ea25497f3",8.5,0.558354
"34f62924bb628f522e70bd3ea25497f3",9,0.519869
"34f62924bb628f522e70bd3ea25497f3",9.5,0.477156
"34f62924bb628f522e70bd3ea25497f3",10,0.430835
"be527bb1ed65d93b94b819da7d73c8bf",0,0.098881
"be527bb1ed65d93b94b819da7d73c8bf",0.5,0.090161
"be527bb1ed65d93b94b819da7d73c8bf",1,0.083853
"be527bb1ed65d93b94b819da7d73c8bf",1.5,0.079592
"be527bb1ed65d93b94b819da7d73c8bf",2,0.077132
"be527bb1ed65d93b94b819da7d73c8bf",2.5,0.076332
"be527bb1ed65d93b94b819da7d73c8bf",3,0.077148
"be527bb1ed65d93b94b819da7d73c8bf",3.5,0.079624
"be527bb1ed65d93b94b819da7d73c8bf",4,0.083904
"be527bb1ed65d93b94b819da7d73c8bf",4.5,0.090233
"be527bb1ed65d93b94b819da7d73c8bf",5,0.098979
"be527bb1ed65d93b94b819da7d73c8bf",5.5,0.110649
"be527bb1ed65d93b94b819da7d73c8bf",6,0.125919
"be527bb1ed65d93b94b819da7d73c8bf",6.5,0.145646
"be527bb1ed65d93b94b819da7d73c8bf",7,0.170881
"be527bb1ed65d93b94b819da7d73c8bf",7.5,0.202831
"be527bb1ed65d93b94b819da7d73c8bf",8,0.242766
"be527bb1ed65d93b94b819da7d73c8bf",8.5,0.291816
"be527bb1ed65d93b94b819da7d73c8bf",9,0.350648
"be527bb1ed65d93b94b819da7d73c8bf",9.5,0.419041
"be527bb1ed65d93b94b819da7d73c8bf",10,0.495475
"76e7788f7d04a7155d86bfe9162b4240",0,0.659114
"76e7788f7d04a7155d86bfe9162b4240",0.5,0.5696
"76e7788f7d04a7155d86bfe9162b4240",1,0.488606
"76e7788f7d04a7155d86bfe9162b4240",1.5,0.420536
"76e7788f7d04a7155d86bfe9162b4240",2,0.366831
"76e7788f7d04a7155d86bfe9162b4240",2.5,0.327062
"76e7788f7d04a7155d86bfe9162b4240",3,0.300036
"76e7788f7d04a7155d86bfe9162b4240",3.5,0.284539
"76e7788f7d04a7155d86bfe9162b4240",4,0.279738
"76e7788f7d04a7155d86bfe9162b4240",4.5,0.285356
"76e7788f7d04a7155d86bfe9162b4240",5,0.301716
"76e7788f7d04a7155d86bfe9162b4240",5.5,0.329691
"76e7788f7d04a7155d86bfe9162b4240",6,0.370508
"76e7788f7d04a7155d86bfe9162b4240",6.5,0.425336
"76e7788f7d04a7155d86bfe9162b4240",7,0.494499
"76e7788f7d04a7155d86bfe9162b4240",7.5,0.57636
"76e7788f7d04a7155d86bfe9162b4240",8,0.666255
"76e7788f7d04a7155d86bfe9162b4240",8.5,0.756353
"76e7788f7d04a7155d86bfe9162b4240",9,0.837314
"76e7788f7d04a7155d86bfe9162b4240",9.5,0.901565
"76e7788f7d04a7155d86bfe9162b4240",10,0.946291
"6918060d3b4662ceba4858d711005eac",0,0.038192
"6918060d3b4662ceba4858d711005eac",0.5,0.044612
"6918060d3b4662ceba4858d711005eac",1,0.051384
"6918060d3b4662ceba4858d711005eac",1.5,0.058365
"6918060d3b4662ceba4858d711005eac",2,0.065391
"6918060d3b4662ceba4858d711005eac",2.5,0.072277
"6918060d3b4662ceba4858d711005eac",3,0.078832
"6918060d3b4662ceba4858d711005eac",3.5,0.084864
"6918060d3b4662ceba4858d711005eac",4,0.090189
"6918060d3b4662ceba4858d711005eac",4.5,0.094641
"6918060d3b4662ceba4858d711005eac",5,0.098081
"6918060d3b4662ceba4858d711005eac",5.5,0.100398
"6918060d3b4662ceba4858d711005eac",6,0.101519
"6918060d3b4662ceba4858d711005eac",6.5,0.101406
"6918060d3b4662ceba4858d711005eac",7,0.100064
"6918060d3b4662ceba4858d711005eac",7.5,0.097535
"6918060d3b4662ceba4858d711005eac",8,0.093902
"6918060d3b4662ceba4858d711005eac",8.5,0.089279
"6918060d3b4662ceba4858d711005eac",9,0.083812
"6918060d3b4662ceba4858d711005eac",9.5,0.077671
"6918060d3b4662ceba4858d711005eac",10,0.071041
"ee854102f757a361f5b5148574413f5a",0,0.011468
"ee854102f757a361f5b5148574413f5a",0.5,0.01697
"ee854102f757a361f5b5148574413f5a",1,0.024182
"ee854102f757a361f5b5148574413f5a",1.5,0.033181
"ee854102f757a361f5b5148574413f5a",2,0.043847
"ee854102f757a361f5b5148574413f5a",2.5,0.055826
"ee854102f757a361f5b5148574413f5a",3,0.068538
"ee854102f757a361f5b5148574413f5a",3.5,0.081226
"ee854102f757a361f5b5148574413f5a",4,0.093043
"ee854102f757a361f5b5148574413f5a",4.5,0.103146
"ee854102f757a361f5b5148574413f5a",5,0.110792
"ee854102f757a361f5b5148574413f5a",5.5,0.115411
"ee854102f757a361f5b5148574413f5a",6,0.11666
"ee854102f757a361f5b5148574413f5a",6.5,0.114444
"ee854102f757a361f5b5148574413f5a",7,0.108929
"ee854102f757a361f5b5148574413f5a",7.5,0.100526
"ee854102f757a361f5b5148574413f5a",8,0.089861
"ee854102f757a361f5b5148574413f5a",8.5,0.077712
"ee854102f757a361f5b5148574413f5a",9,0.064934
"ee854102f757a361f5b5148574413f5a",9.5,0.052358
"ee854102f757a361f5b5148574413f5a",10,0.040698
"940172412b25143b87189a668e249dc3",0,0.1924
"940172412b25143b87189a668e249dc3",0.5,0.151677
"940172412b25143b87189a668e249dc3",1,0.121089
"940172412b25143b87189a668e249dc3",1.5,0.098409
"940172412b25143b87189a668e249dc3",2,0.081743
"940172412b25143b87189a668e249dc3",2.5,0.069601
"940172412b25143b87189a668e249dc3",3,0.060878
"940172412b25143b87189a668e249dc3",3.5,0.054778
"940172412b25143b87189a668e249dc3",4,0.050756
"940172412b25143b87189a668e249dc3",4.5,0.04846
"940172412b25143b87189a668e249dc3",5,0.047691
"940172412b25143b87189a668e249dc3",5.5,0.048385
"940172412b25143b87189a668e249dc3",6,0.0506
"940172412b25143b87189a668e249dc3",6.5,0.054528
"940172412b25143b87189a668e249dc3",7,0.060511
"940172412b25143b87189a668e249dc3",7.5,0.069086
"940172412b25143b87189a668e249dc3",8,0.08103
"940172412b25143b87189a668e249dc3",8.5,0.097435
"940172412b25143b87189a668e249dc3",9,0.119768
"940172412b25143b87189a668e249dc3",9.5,0.149904
"940172412b25143b87189a668e249dc3",10,0.190058
"a061f2c4823250a2aceada98c598ae3e",0,0.474372
"a061f2c4823250a2aceada98c598ae3e",0.5,0.430543
"a061f2c4823250a2aceada98c598ae3e",1,0.392822
"a061f2c4823250a2aceada98c598ae3e",1.5,0.361214
"a061f2c4823250a2aceada98c598ae3e",2,0.335478
"a061f2c4823250a2aceada98c598ae3e",2.5,0.315249
"a061f2c4823250a2aceada98c598ae3e",3,0.300142
"a061f2c4823250a2aceada98c598ae3e",3.5,0.289816
"a061f2c4823250a2aceada98c598ae3e",4,0.284012
"a061f2c4823250a2aceada98c598ae3e",4.5,0.282575
"a061f2c4823250a2aceada98c598ae3e",5,0.285466
"a061f2c4823250a2aceada98c598ae3e",5.5,0.292764
"a061f2c4823250a2aceada98c598ae3e",6,0.304659
"a061f2c4823250a2aceada98c598ae3e",6.5,0.321442
"a061f2c4823250a2aceada98c598ae3e",7,0.343475
"a061f2c4823250a2aceada98c598ae3e",7.5,0.371143
"a061f2c4823250a2aceada98c598ae3e",8,0.404783
"a061f2c4823250a2aceada98c598ae3e",8.5,0.444571
"a061f2c4823250a2aceada98c598ae3e",9,0.49038
"a061f2c4823250a2aceada98c598ae3e",9.5,0.541629
"a061f2c4823250a2aceada98c598ae3e",10,0.597145
"0eef35e45e7eaf69d310f8384cb76be7",0,0.298529
"0eef35e45e7eaf69d310f8384cb76be7",0.5,0.340411
"0eef35e45e7eaf69d310f8384cb76be7",1,0.377075
"0eef35e45e7eaf69d310f8384cb76be7",1.5,0.407201
"0eef35e45e7eaf69d310f8384cb76be7",2,0.429956
"0eef35e45e7eaf69d310f8384cb76be7",2.5,0.444878
"0eef35e45e7eaf69d310f8384cb76be7",3,0.451743
"0eef35e45e7eaf69d310f8384cb76be7",3.5,0.45047
"0eef35e45e7eaf69d310f8384cb76be7",4,0.441073
"0eef35e45e7eaf69d310f8384cb76be7",4.5,0.423669
"0eef35e45e7eaf69d310f8384cb76be7",5,0.398546
"0eef35e45e7eaf69d310f8384cb76be7",5.5,0.366266
"0eef35e45e7eaf69d310f8384cb76be7",6,0.327804
"0eef35e45e7eaf69d310f8384cb76be7",6.5,0.284649
"0eef35e45e7eaf69d310f8384cb76be7",7,0.238843
"0eef35e45e7eaf69d310f8384cb76be7",7.5,0.192855
"0eef35e45e7eaf69d310f8384cb76be7",8,0.149297
"0eef35e45e7eaf69d310f8384cb76be7",8.5,0.110497
"0eef35e45e7eaf69d310f8384cb76be7",9,0.078064
"0eef35e45e7eaf69d310f8384cb76be7",9.5,0.052637
"0eef35e45e7eaf69d310f8384cb76be7",10,0.03391
"a862e49e8faf5d890e9490e71dbcf9e6",0,0.640218
"a862e49e8faf5d890e9490e71dbcf9e6",0.5,0.627285
"a862e49e8faf5d890e9490e71dbcf9e6",1,0.613378
"a862e49e8faf5d890e9490e71dbcf9e6",1.5,0.598483
"a862e49e8faf5d890e9490e71dbcf9e6",2,0.582595
"a862e49e8faf5d890e9490e71dbcf9e6",2.5,0.565717
"a862e49e8faf5d890e9490e71dbcf9e6",3,0.54786
"a862e49e8faf5d890e9490e71dbcf9e6",3.5,0.529048
"a862e49e8faf5d890e9490e71dbcf9e6",4,0.509321
"a862e49e8faf5d890e9490e71dbcf9e6",4.5,0.488728
"a862e49e8faf5d890e9490e71dbcf9e6",5,0.46734
"a862e49e8faf5d890e9490e71dbcf9e6",5.5,0.44524
"a862e49e8faf5d890e9490e71dbcf9e6",6,0.422531
"a862e49e8faf5d890e9490e71dbcf9e6",6.5,0.399331
"a862e49e8faf5d890e9490e71dbcf9e6",7,0.375774
"a862e49e8faf5d890e9490e71dbcf9e6",7.5,0.352009
"a862e49e8faf5d890e9490e71dbcf9e6",8,0.328193
"a862e49e8faf5d890e9490e71dbcf9e6",8.5,0.304495
"a862e49e8faf5d890e9490e71dbcf9e6",9,0.281084
"a862e49e8faf5d890e9490e71dbcf9e6",9.5,0.25813
"a862e49e8faf5d890e9490e71dbcf9e6",10,0.235796
"50417d083db650ca1651734afdd5c0af",0,0.336027
"50417d083db650ca1651734afdd5c0af",0.5,0.341654
"50417d083db650ca1651734afdd5c0af",1,0.346624
"50417d083db650ca1651734afdd5c0af",1.5,0.350921
"50417d083db650ca1651734afdd5c0af",2,0.354532
"50417d083db650ca1651734afdd5c0af",2.5,0.357448
"50417d083db650ca1651734afdd5c0af",3,0.359661
"50417d083db650ca1651734afdd5c0af",3.5,0.361164
"50417d083db650ca1651734afdd5c0af",4,0.361954
"50417d083db650ca1651734afdd5c0af",4.5,0.362029
"50417d083db650ca1651734afdd5c0af",5,0.361388
"50417d083db650ca1651734afdd5c0af",5.5,0.360033
"50417d083db650ca1651734afdd5c0af",6,0.357968
"50417d083db650ca1651734afdd5c0af",6.5,0.355199
"50417d083db650ca1651734afdd5c0af",7,0.351732
"50417d083db650ca1651734afdd5c0af",7.5,0.347577
"50417d083db650ca1651734afdd5c0af",8,0.342746
"50417d083db650ca1651734afdd5c0af",8.5,0.337255
"50417d083db650ca1651734afdd5c0af",9,0.33112
"50417d083db650ca1651734afdd5c0af",9.5,0.324362
"50417d083db650ca1651734afdd5c0af",10,0.317004
"5948e57ac28d29f3aa96e11ae4960858",0,0.182698
"5948e57ac28d29f3aa96e11ae4960858",0.5,0.207165
"5948e57ac28d29f3aa96e11ae4960858",1,0.232118
"5948e57ac28d29f3aa96e11ae4960858",1.5,0.257121
"5948e57ac28d29f3aa96e11ae4960858",2,0.281742
"5948e57ac28d29f3aa96e11ae4960858",2.5,0.305573
"5948e57ac28d29f3aa96e11ae4960858",3,0.328246
"5948e57ac28d29f3aa96e11ae4960858",3.5,0.349441
"5948e57ac28d29f3aa96e11ae4960858",4,0.368891
"5948e57ac28d29f3aa96e11ae4960858",4.5,0.386381
"5948e57ac28d29f3aa96e11ae4960858",5,0.401743
"5948e57ac28d29f3aa96e11ae4960858",5.5,0.414853
"5948e57ac28d29f3aa96e11ae4960858",6,0.425622
"5948e57ac28d29f3aa96e11ae4960858",6.5,0.433988
"5948e57ac28d29f3aa96e11ae4960858",7,0.439909
"5948e57ac28d29f3aa96e11ae4960858",7.5,0.443363
"5948e57ac28d29f3aa96e11ae4960858",8,0.444336
"5948e57ac28d29f3aa96e11ae4960858",8.5,0.442824
"5948e57ac28d29f3aa96e11ae4960858",9,0.438834
"5948e57ac28d29f3aa96e11ae4960858",9.5,0.432379
"5948e57ac28d29f3aa96e11ae4960858",10,0.423488
"fb6115806f075181758533269aada8c3",0,0.629092
"fb6115806f075181758533269aada8c3",0.5,0.607223
"fb6115806f075181758533269aada8c3",1,0.585831
"fb6115806f075181758533269aada8c3",1.5,0.565036
"fb6115806f075181758533269aada8c3",2,0.544941
"fb6115806f075181758533269aada8c3",2.5,0.525633
"fb6115806f075181758533269aada8c3",3,0.507183
"fb6115806f075181758533269aada8c3",3.5,0.489646
"fb6115806f075181758533269aada8c3",4,0.473065
"fb6115806f075181758533269aada8c3",4.5,0.457469
"fb6115806f075181758533269aada8c3",5,0.442874
"fb6115806f075181758533269aada8c3",5.5,0.42929
"fb6115806f075181758533269aada8c3",6,0.416716
"fb6115806f075181758533269aada8c3",6.5,0.405147
"fb6115806f075181758533269aada8c3",7,0.394572
"fb6115806f075181758533269aada8c3",7.5,0.384976
"fb6115806f075181758533269aada8c3",8,0.376343
"fb6115806f075181758533269aada8c3",8.5,0.368655
"fb6115806f075181758533269aada8c3",9,0.361894
"fb6115806f075181758533269aada8c3",9.5,0.356042
"fb6115806f075181758533269aada8c3",10,0.351083
"e1c1338485544cd03f5f88c7dd65fb72",0,0.347931
"e1c1338485544cd03f5f88c7dd65fb72",0.5,0.345224
"e1c1338485544cd03f5f88c7dd65fb72",1,0.343481
"e1c1338485544cd03f5f88c7dd65fb72",1.5,0.342697
"e1c1338485544cd03f5f88c7dd65fb72",2,0.342868
"e1c1338485544cd03f5f88c7dd65fb72",2.5,0.343994
"e1c1338485544cd03f5f88c7dd65fb72",3,0.346081
"e1c1338485544cd03f5f88c7dd65fb72",3.5,0.349135
"e1c1338485544cd03f5f88c7dd65fb72",4,0.353169
"e1c1338485544cd03f5f88c7dd65fb72",4.5,0.358197
"e1c1338485544cd03f5f88c7dd65fb72",5,0.364238
"e1c1338485544cd03f5f88c7dd65fb72",5.5,0.371309
"e1c1338485544cd03f5f88c7dd65fb72",6,0.379434
"e1c1338485544cd03f5f88c7dd65fb72",6.5,0.388632
"e1c1338485544cd03f5f88c7dd65fb72",7,0.398925
"e1c1338485544cd03f5f88c7dd65fb72",7.5,0.410333
"e1c1338485544cd03f5f88c7dd65fb72",8,0.422871
"e1c1338485544cd03f5f88c7dd65fb72",8.5,0.43655
"e1c1338485544cd03f5f88c7dd65fb72",9,0.451376
"e1c1338485544cd03f5f88c7dd65fb72",9.5,0.467342
"e1c1338485544cd03f5f88c7dd65fb72",10,0.484433
"6bc6a591a042ea59e555561b3860e8a2",0,0.285753
"6bc6a591a042ea59e555561b3860e8a2",0.5,0.295285
"6bc6a591a042ea59e555561b3860e8a2",1,0.303815
"6bc6a591a042ea59e555561b3860e8a2",1.5,0.311282
"6bc6a591a042ea59e555561b3860e8a2",2,0.317637
"6bc6a591a042ea59e555561b3860e8a2",2.5,0.322839
"6bc6a591a042ea59e555561b3860e8a2",3,0.326856
"6bc6a591a042ea59e555561b3860e8a2",3.5,0.329663
"6bc6a591a042ea59e555561b3860e8a2",4,0.331244
"6bc6a591a042ea59e555561b3860e8a2",4.5,0.331592
"6bc6a591a042ea59e555561b3860e8a2",5,0.330703
"6bc6a591a042ea59e555561b3860e8a2",5.5,0.328582
"6bc6a591a042ea59e555561b3860e8a2",6,0.325243
"6bc6a591a042ea59e555561b3860e8a2",6.5,0.320703
"6bc6a591a042ea59e555561b3860e8a2",7,0.314991
"6bc6a591a042ea59e555561b3860e8a2",7.5,0.308143
"6bc6a591a042ea59e555561b3860e8a2",8,0.300203
"6bc6a591a042ea59e555561b3860e8a2",8.5,0.291226
"6bc6a591a042ea59e555561b3860e8a2",9,0.281277
"6bc6a591a042ea59e555561b3860e8a2",9.5,0.270433
"6bc6a591a042ea59e555561b3860e8a2",10,0.25878
"220d0a5496bad04c259c0da9954a3e4e",0,0.291027
"220d0a5496bad04c259c0da9954a3e4e",0.5,0.31605
"220d0a5496bad04c259c0da9954a3e4e",1,0.340196
"220d0a5496bad04c259c0da9954a3e4e",1.5,0.363163
"220d0a5496bad04c259c0da9954a3e4e",2,0.384696
"220d0a5496bad04c259c0da9954a3e4e",2.5,0.404585
"220d0a5496bad04c259c0da9954a3e4e",3,0.422668
"220d0a5496bad04c259c0da9954a3e4e",3.5,0.438821
"220d0a5496bad04c259c0da9954a3e4e",4,0.452958
"220d0a5496bad04c259c0da9954a3e4e",4.5,0.465017
"220d0a5496bad04c259c0da9954a3e4e",5,0.474961
"220d0a5496bad04c259c0da9954a3e4e",5.5,0.482767
"220d0a5496bad04c259c0da9954a3e4e",6,0.488423
"220d0a5496bad04c259c0da9954a3e4e",6.5,0.491924
"220d0a5496bad04c259c0da9954a3e4e",7,0.493267
"220d0a5496bad04c259c0da9954a3e4e",7.5,0.492452
"220d0a5496bad04c259c0da9954a3e4e",8,0.489479
"220d0a5496bad04c259c0da9954a3e4e",8.5,0.48435
"220d0a5496bad04c259c0da9954a3e4e",9,0.477068
"220d0a5496bad04c259c0da9954a3e4e",9.5,0.467646
"220d0a5496bad04c259c0da9954a3e4e",10,0.456101
"4a02b4357ad2b785282b7b29333adfca",0,0.548497
"4a02b4357ad2b785282b7b29333adfca",0.5,0.5167
"4a02b4357ad2b785282b7b29333adfca",1,0.487653
"4a02b4357ad2b785282b7b29333adfca",1.5,0.461554
"4a02b4357ad2b785282b7b29333adfca",2,0.438499
"4a02b4357ad2b785282b7b29333adfca",2.5,0.418506
"4a02b4357ad2b785282b7b29333adfca",3,0.401543
"4a02b4357ad2b785282b7b29333adfca",3.5,0.387545
"4a02b4357ad2b785282b7b29333adfca",4,0.376436
"4a02b4357ad2b785282b7b29333adfca",4.5,0.368136
"4a02b4357ad2b785282b7b29333adfca",5,0.36258
"4a02b4357ad2b785282b7b29333adfca",5.5,0.359718
"4a02b4357ad2b785282b7b29333adfca",6,0.359525
"4a02b4357ad2b785282b7b29333adfca",6.5,0.361998
"4a02b4357ad2b785282b7b29333adfca",7,0.36716
"4a02b4357ad2b785282b7b29333adfca",7.5,0.375057
"4a02b4357ad2b785282b7b29333adfca",8,0.385754
"4a02b4357ad2b785282b7b29333adfca",8.5,0.399328
"4a02b4357ad2b785282b7b29333adfca",9,0.415855
"4a02b4357ad2b785282b7b29333adfca",9.5,0.435405
"4a02b4357ad2b785282b7b29333adfca",10,0.458015
"108480afb7588a15888d22eddbec5866",0,0.442277
"108480afb7588a15888d22eddbec5866",0.5,0.414013
"108480afb7588a15888d22eddbec5866",1,0.390232
"108480afb7588a15888d22eddbec5866",1.5,0.370815
"108480afb7588a15888d22eddbec5866",2,0.35559
"108480afb7588a15888d22eddbec5866",2.5,0.344382
"108480afb7588a15888d22eddbec5866",3,0.337037
"108480afb7588a15888d22eddbec5866",3.5,0.333446
"108480afb7588a15888d22eddbec5866",4,0.333549
"108480afb7588a15888d22eddbec5866",4.5,0.337349
"108480afb7588a15888d22eddbec5866",5,0.344907
"108480afb7588a15888d22eddbec5866",5.5,0.356336
"108480afb7588a15888d22eddbec5866",6,0.371791
"108480afb7588a15888d22eddbec5866",6.5,0.391449
"108480afb7588a15888d22eddbec5866",7,0.415478
"108480afb7588a15888d22eddbec5866",7.5,0.443996
"108480afb7588a15888d22eddbec5866",8,0.477012
"108480afb7588a15888d22eddbec5866",8.5,0.514368
"108480afb7588a15888d22eddbec5866",9,0.555663
"108480afb7588a15888d22eddbec5866",9.5,0.600202
"108480afb7588a15888d22eddbec5866",10,0.646969
"c73db60d9b370f1192a1f35d5796aa9a",0,0.373276
"c73db60d9b370f1192a1f35d5796aa9a",0.5,0.376742
"c73db60d9b370f1192a1f35d5796aa9a",1,0.379984
"c73db60d9b370f1192a1f35d5796aa9a",1.5,0.383
"c73db60d9b370f1192a1f35d5796aa9a",2,0.385788
"c73db60d9b370f1192a1f35d5796aa9a",2.5,0.388346
"c73db60d9b370f1192a1f35d5796aa9a",3,0.390672
"c73db60d9b370f1192a1f35d5796aa9a",3.5,0.392764
"c73db60d9b370f1192a1f35d5796aa9a",4,0.39462
"c73db60d9b370f1192a1f35d5796aa9a",4.5,0.39624
"c73db60d9b370f1192a1f35d5796aa9a",5,0.397623
"c73db60d9b370f1192a1f35d5796aa9a",5.5,0.398767
"c73db60d9b370f1192a1f35d5796aa9a",6,0.399672
"c73db60d9b370f1192a1f35d5796aa9a",6.5,0.400338
"c73db60d9b370f1192a1f35d5796aa9a",7,0.400763
"c73db60d9b370f1192a1f35d5796aa9a",7.5,0.400948
"c73db60d9b370f1192a1f35d5796aa9a",8,0.400893
"c73db60d9b370f1192a1f35d5796aa9a",8.5,0.400597
"c73db60d9b370f1192a1f35d5796aa9a",9,0.400061
"c73db60d9b370f1192a1f35d5796aa9a",9.5,0.399285
"c73db60d9b370f1192a1f35d5796aa9a",10,0.39827
"2d1a1f018cdf65bdd0289896bd116814",0,0.160714
"2d1a1f018cdf65bdd0289896bd116814",0.5,0.158759
"2d1a1f018cdf65bdd0289896bd116814",1,0.156381
"2d1a1f018cdf65bdd0289896bd116814",1.5,0.153595
"2d1a1f018cdf65bdd0289896bd116814",2,0.15042
"2d1a1f018cdf65bdd0289896bd116814",2.5,0.146876
"2d1a1f018cdf65bdd0289896bd116814",3,0.142987
"2d1a1f018cdf65bdd0289896bd116814",3.5,0.138778
"2d1a1f018cdf65bdd0289896bd116814",4,0.134279
"2d1a1f018cdf65bdd0289896bd116814",4.5,0.129518
"2d1a1f018cdf65bdd0289896bd116814",5,0.124529
"2d1a1f018cdf65bdd0289896bd116814",5.5,0.119343
"2d1a1f018cdf65bdd0289896bd116814",6,0.113997
"2d1a1f018cdf65bdd0289896bd116814",6.5,0.108525
"2d1a1f018cdf65bdd0289896bd116814",7,0.102963
"2d1a1f018cdf65bdd0289896bd116814",7.5,0.097348
"2d1a1f018cdf65bdd0289896bd116814",8,0.091714
"2d1a1f018cdf65bdd0289896bd116814",8.5,0.086098
"2d1a1f018cdf65bdd0289896bd116814",9,0.080532
"2d1a1f018cdf65bdd0289896bd116814",9.5,0.07505
"2d1a1f018cdf65bdd0289896bd116814",10,0.06968
"362aa6ba3f0c4f103c2b50bc9284d954",0,0.562666
"362aa6ba3f0c4f103c2b50bc9284d954",0.5,0.513277
"362aa6ba3f0c4f103c2b50bc9284d954",1,0.473419
"362aa6ba3f0c4f103c2b50bc9284d954",1.5,0.443657
"362aa6ba3f0c4f103c2b50bc9284d954",2,0.424065
"362aa6ba3f0c4f103c2b50bc9284d954",2.5,0.414519
"362aa6ba3f0c4f103c2b50bc9284d954",3,0.414907
"362aa6ba3f0c4f103c2b50bc9284d954",3.5,0.425234
"362aa6ba3f0c4f103c2b50bc9284d954",4,0.445618
"362aa6ba3f0c4f103c2b50bc9284d954",4.5,0.476177
"362aa6ba3f0c4f103c2b50bc9284d954",5,0.516809
"362aa6ba3f0c4f103c2b50bc9284d954",5.5,0.566899
"362aa6ba3f0c4f103c2b50bc9284d954",6,0.624985
"362aa6ba3f0c4f103c2b50bc9284d954",6.5,0.688529
"362aa6ba3f0c4f103c2b50bc9284d954",7,0.753893
"362aa6ba3f0c4f103c2b50bc9284d954",7.5,0.816644
"362aa6ba3f0c4f103c2b50bc9284d954",8,0.872275
"362aa6ba3f0c4f103c2b50bc9284d954",8.5,0.917301
"362aa6ba3f0c4f103c2b50bc9284d954",9,0.950309
"362aa6ba3f0c4f103c2b50bc9284d954",9.5,0.972213
"362aa6ba3f0c4f103c2b50bc9284d954",10,0.985458
"d9928e69c0c4e195612845bd1499b617",0,0.317684
"d9928e69c0c4e195612845bd1499b617",0.5,0.273844
"d9928e69c0c4e195612845bd1499b617",1,0.237343
"d9928e69c0c4e195612845bd1499b617",1.5,0.207482
"d9928e69c0c4e195612845bd1499b617",2,0.183433
"d9928e69c0c4e195612845bd1499b617",2.5,0.164372
"d9928e69c0c4e195612845bd1499b617",3,0.149553
"d9928e69c0c4e195612845bd1499b617",3.5,0.138348
"d9928e69c0c4e195612845bd1499b617",4,0.13026
"d9928e69c0c4e195612845bd1499b617",4.5,0.124917
"d9928e69c0c4e195612845bd1499b617",5,0.122072
"d9928e69c0c4e195612845bd1499b617",5.5,0.121591
"d9928e69c0c4e195612845bd1499b617",6,0.123452
"d9928e69c0c4e195612845bd1499b617",6.5,0.127743
"d9928e69c0c4e195612845bd1499b617",7,0.134662
"d9928e69c0c4e195612845bd1499b617",7.5,0.14453
"d9928e69c0c4e195612845bd1499b617",8,0.157791
"d9928e69c0c4e195612845bd1499b617",8.5,0.17502
"d9928e69c0c4e195612845bd1499b617",9,0.196917
"d9928e69c0c4e195612845bd1499b617",9.5,0.224281
"d9928e69c0c4e195612845bd1499b617",10,0.257951
"96be76edb9ace04dd87dfa8eec048b2f",0,0.12005
"96be76edb9ace04dd87dfa8eec048b2f",0.5,0.190204
"96be76edb9ace04dd87dfa8eec048b2f",1,0.270941
"96be76edb9ace04dd87dfa8eec048b2f",1.5,0.352643
"96be76edb9ace04dd87dfa8eec048b2f",2,0.426861
"96be76edb9ace04dd87dfa8eec048b2f",2.5,0.488245
"96be76edb9ace04dd87dfa8eec048b2f",3,0.534414
"96be76edb9ace04dd87dfa8eec048b2f",3.5,0.564879
"96be76edb9ace04dd87dfa8eec048b2f",4,0.579944
"96be76edb9ace04dd87dfa8eec048b2f",4.5,0.579942
"96be76edb9ace04dd87dfa8eec048b2f",5,0.564876
"96be76edb9ace04dd87dfa8eec048b2f",5.5,0.534408
"96be76edb9ace04dd87dfa8eec048b2f",6,0.488237
"96be76edb9ace04dd87dfa8eec048b2f",6.5,0.42685
"96be76edb9ace04dd87dfa8eec048b2f",7,0.352631
"96be76edb9ace04dd87dfa8eec048b2f",7.5,0.270929
"96be76edb9ace04dd87dfa8eec048b2f",8,0.190192
"96be76edb9ace04dd87dfa8eec048b2f",8.5,0.120041
"96be76edb9ace04dd87dfa8eec048b2f",9,0.067437
"96be76edb9ace04dd87dfa8eec048b2f",9.5,0.033683
"96be76edb9ace04dd87dfa8eec048b2f",10,0.015064
"6051f6f5b3c041f1e6737aec002a1749",0,0.10463
"6051f6f5b3c041f1e6737aec002a1749",0.5,0.147504
"6051f6f5b3c041f1e6737aec002a1749",1,0.194384
"6051f6f5b3c041f1e6737aec002a1749",1.5,0.241099
"6051f6f5b3c041f1e6737aec002a1749",2,0.283662
"6051f6f5b3c041f1e6737aec002a1749",2.5,0.318944
"6051f6f5b3c041f1e6737aec002a1749",3,0.344849
"6051f6f5b3c041f1e6737aec002a1749",3.5,0.360161
"6051f6f5b3c041f1e6737aec002a1749",4,0.364295
"6051f6f5b3c041f1e6737aec002a1749",4.5,0.357113
"6051f6f5b3c041f1e6737aec002a1749",5,0.338862
"6051f6f5b3c041f1e6737aec002a1749",5.5,0.310273
"6051f6f5b3c041f1e6737aec002a1749",6,0.272776
"6051f6f5b3c041f1e6737aec002a1749",6.5,0.228741
"6051f6f5b3c041f1e6737aec002a1749",7,0.181565
"6051f6f5b3c041f1e6737aec002a1749",7.5,0.135372
"6051f6f5b3c041f1e6737aec002a1749",8,0.094207
"6051f6f5b3c041f1e6737aec002a1749",8.5,0.060968
"6051f6f5b3c041f1e6737aec002a1749",9,0.036675
"6051f6f5b3c041f1e6737aec002a1749",9.5,0.02055
"6051f6f5b3c041f1e6737aec002a1749",10,0.010763
"71a2df58829933d8ee0c2405aef26d57",0,0.657995
"71a2df58829933d8ee0c2405aef26d57",0.5,0.664262
"71a2df58829933d8ee0c2405aef26d57",1,0.667533
"71a2df58829933d8ee0c2405aef26d57",1.5,0.667844
"71a2df58829933d8ee0c2405aef26d57",2,0.6652
"71a2df58829933d8ee0c2405aef26d57",2.5,0.659571
"71a2df58829933d8ee0c2405aef26d57",3,0.650892
"71a2df58829933d8ee0c2405aef26d57",3.5,0.639076
"71a2df58829933d8ee0c2405aef26d57",4,0.624015
"71a2df58829933d8ee0c2405aef26d57",4.5,0.605597
"71a2df58829933d8ee0c2405aef26d57",5,0.58372
"71a2df58829933d8ee0c2405aef26d57",5.5,0.558318
"71a2df58829933d8ee0c2405aef26d57",6,0.529384
"71a2df58829933d8ee0c2405aef26d57",6.5,0.496999
"71a2df58829933d8ee0c2405aef26d57",7,0.461367
"71a2df58829933d8ee0c2405aef26d57",7.5,0.42284
"71a2df58829933d8ee0c2405aef26d57",8,0.38194
"71a2df58829933d8ee0c2405aef26d57",8.5,0.339372
"71a2df58829933d8ee0c2405aef26d57",9,0.296015
"71a2df58829933d8ee0c2405aef26d57",9.5,0.252897
"71a2df58829933d8ee0c2405aef26d57",10,0.21114
"7b62065e4cd491acbc01b9f2e6190062",0,0.591998
"7b62065e4cd491acbc01b9f2e6190062",0.5,0.594228
"7b62065e4cd491acbc01b9f2e6190062",1,0.597929
"7b62065e4cd491acbc01b9f2e6190062",1.5,0.603086
"7b62065e4cd491acbc01b9f2e6190062",2,0.609682
"7b62065e4cd491acbc01b9f2e6190062",2.5,0.617687
"7b62065e4cd491acbc01b9f2e6190062",3,0.627065
"7b62065e4cd491acbc01b9f2e6190062",3.5,0.63777
"7b62065e4cd491acbc01b9f2e6190062",4,0.64974
"7b62065e4cd491acbc01b9f2e6190062",4.5,0.662902
"7b62065e4cd491acbc01b9f2e6190062",5,0.677165
"7b62065e4cd491acbc01b9f2e6190062",5.5,0.692423
"7b62065e4cd491acbc01b9f2e6190062",6,0.708552
"7b62065e4cd491acbc01b9f2e6190062",6.5,0.725409
"7b62065e4cd491acbc01b9f2e6190062",7,0.742836
"7b62065e4cd491acbc01b9f2e6190062",7.5,0.760661
"7b62065e4cd491acbc01b9f2e6190062",8,0.778701
"7b62065e4cd491acbc01b9f2e6190062",8.5,0.796764
"7b62065e4cd491acbc01b9f2e6190062",9,0.814657
"7b62065e4cd491acbc01b9f2e6190062",9.5,0.832193
"7b62065e4cd491acbc01b9f2e6190062",10,0.849191
"ba1f22ece8cf807b12dc52e06eb14ba8",0,0.064167
"ba1f22ece8cf807b12dc52e06eb14ba8",0.5,0.082004
"ba1f22ece8cf807b12dc52e06eb14ba8",1,0.10288
"ba1f22ece8cf807b12dc52e06eb14ba8",1.5,0.126695
"ba1f22ece8cf807b12dc52e06eb14ba8",2,0.153164
"ba1f22ece8cf807b12dc52e06eb14ba8",2.5,0.181827
"ba1f22ece8cf807b12dc52e06eb14ba8",3,0.21208
"ba1f22ece8cf807b12dc52e06eb14ba8",3.5,0.243221
"ba1f22ece8cf807b12dc52e06eb14ba8",4,0.274508
"ba1f22ece8cf807b12dc52e06eb14ba8",4.5,0.305214
"ba1f22ece8cf807b12dc52e06eb14ba8",5,0.334671
"ba1f22ece8cf807b12dc52e06eb14ba8",5.5,0.362302
"ba1f22ece8cf807b12dc52e06eb14ba8",6,0.387635
"ba1f22ece8cf807b12dc52e06eb14ba8",6.5,0.410306
"ba1f22ece8cf807b12dc52e06eb14ba8",7,0.430051
"ba1f22ece8cf807b12dc52e06eb14ba8",7.5,0.446686
"ba1f22ece8cf807b12dc52e06eb14ba8",8,0.460095
"ba1f22ece8cf807b12dc52e06eb14ba8",8.5,0.47021
"ba1f22ece8cf807b12dc52e06eb14ba8",9,0.476993
"ba1f22ece8cf807b12dc52e06eb14ba8",9.5,0.480426
"ba1f22ece8cf807b12dc52e06eb14ba8",10,0.480502
"b186ea0764bc444cd47fbc1c264ffc86",0,0.247217
"b186ea0764bc444cd47fbc1c264ffc86",0.5,0.198552
"b186ea0764bc444cd47fbc1c264ffc86",1,0.165372
"b186ea0764bc444cd47fbc1c264ffc86",1.5,0.14507
"b186ea0764bc444cd47fbc1c264ffc86",2,0.135417
"b186ea0764bc444cd47fbc1c264ffc86",2.5,0.13519
"b186ea0764bc444cd47fbc1c264ffc86",3,0.144358
"b186ea0764bc444cd47fbc1c264ffc86",3.5,0.164088
"b186ea0764bc444cd47fbc1c264ffc86",4,0.196569
"b186ea0764bc444cd47fbc1c264ffc86",4.5,0.244417
"b186ea0764bc444cd47fbc1c264ffc86",5,0.309244
"b186ea0764bc444cd47fbc1c264ffc86",5.5,0.38939
"b186ea0764bc444cd47fbc1c264ffc86",6,0.478372
"b186ea0764bc444cd47fbc1c264ffc86",6.5,0.567178
"b186ea0764bc444cd47fbc1c264ffc86",7,0.649814
"b186ea0764bc444cd47fbc1c264ffc86",7.5,0.726565
"b186ea0764bc444cd47fbc1c264ffc86",8,0.803562
"b186ea0764bc444cd47fbc1c264ffc86",8.5,0.884808
"b186ea0764bc444cd47fbc1c264ffc86",9,0.951764
"b186ea0764bc444cd47fbc1c264ffc86",9.5,0.985521
"b186ea0764bc444cd47fbc1c264ffc86",10,0.996515
"b0aa564069708c2e90901b3d02470657",0,0.164245
"b0aa564069708c2e90901b3d02470657",0.5,0.129914
"b0aa564069708c2e90901b3d02470657",1,0.104593
"b0aa564069708c2e90901b3d02470657",1.5,0.086105
"b0aa564069708c2e90901b3d02470657",2,0.072728
"b0aa564069708c2e90901b3d02470657",2.5,0.063176
"b0aa564069708c2e90901b3d02470657",3,0.056534
"b0aa564069708c2e90901b3d02470657",3.5,0.052173
"b0aa564069708c2e90901b3d02470657",4,0.04969
"b0aa564069708c2e90901b3d02470657",4.5,0.048861
"b0aa564069708c2e90901b3d02470657",5,0.049609
"b0aa564069708c2e90901b3d02470657",5.5,0.052003
"b0aa564069708c2e90901b3d02470657",6,0.05626
"b0aa564069708c2e90901b3d02470657",6.5,0.062773
"b0aa564069708c2e90901b3d02470657",7,0.072157
"b0aa564069708c2e90901b3d02470657",7.5,0.085312
"b0aa564069708c2e90901b3d02470657",8,0.103501
"b0aa564069708c2e90901b3d02470657",8.5,0.128424
"b0aa564069708c2e90901b3d02470657",9,0.162238
"b0aa564069708c2e90901b3d02470657",9.5,0.207431
"b0aa564069708c2e90901b3d02470657",10,0.266429
"880492630ecf1df4163b14a6056fbc2c",0,0.101503
"880492630ecf1df4163b14a6056fbc2c",0.5,0.082348
"880492630ecf1df4163b14a6056fbc2c",1,0.068359
"880492630ecf1df4163b14a6056fbc2c",1.5,0.058195
"880492630ecf1df4163b14a6056fbc2c",2,0.050888
"880492630ecf1df4163b14a6056fbc2c",2.5,0.045756
"880492630ecf1df4163b14a6056fbc2c",3,0.042335
"880492630ecf1df4163b14a6056fbc2c",3.5,0.040325
"880492630ecf1df4163b14a6056fbc2c",4,0.039553
"880492630ecf1df4163b14a6056fbc2c",4.5,0.039955
"880492630ecf1df4163b14a6056fbc2c",5,0.041564
"880492630ecf1df4163b14a6056fbc2c",5.5,0.044518
"880492630ecf1df4163b14a6056fbc2c",6,0.049073
"880492630ecf1df4163b14a6056fbc2c",6.5,0.055637
"880492630ecf1df4163b14a6056fbc2c",7,0.064818
"880492630ecf1df4163b14a6056fbc2c",7.5,0.077484
"880492630ecf1df4163b14a6056fbc2c",8,0.094851
"880492630ecf1df4163b14a6056fbc2c",8.5,0.118562
"880492630ecf1df4163b14a6056fbc2c",9,0.150727
"880492630ecf1df4163b14a6056fbc2c",9.5,0.193848
"880492630ecf1df4163b14a6056fbc2c",10,0.25048
"fdc429e534076328a88202e860e56aaa",0,0.974939
"fdc429e534076328a88202e860e56aaa",0.5,0.960987
"fdc429e534076328a88202e860e56aaa",1,0.94303
"fdc429e534076328a88202e860e56aaa",1.5,0.921886
"fdc429e534076328a88202e860e56aaa",2,0.8992
"fdc429e534076328a88202e860e56aaa",2.5,0.877173
"fdc429e534076328a88202e860e56aaa",3,0.858131
"fdc429e534076328a88202e860e56aaa",3.5,0.844113
"fdc429e534076328a88202e860e56aaa",4,0.836597
"fdc429e534076328a88202e860e56aaa",4.5,0.836355
"fdc429e534076328a88202e860e56aaa",5,0.843412
"fdc429e534076328a88202e860e56aaa",5.5,0.857043
"fdc429e534076328a88202e860e56aaa",6,0.875815
"fdc429e534076328a88202e860e56aaa",6.5,0.897717
"fdc429e534076328a88202e860e56aaa",7,0.92043
"fdc429e534076328a88202e860e56aaa",7.5,0.941733
"fdc429e534076328a88202e860e56aaa",8,0.959933
"fdc429e534076328a88202e860e56aaa",8.5,0.974155
"fdc429e534076328a88202e860e56aaa",9,0.984359
"fdc429e534076328a88202e860e56aaa",9.5,0.99111
"fdc429e534076328a88202e860e56aaa",10,0.995249
"c1ecaba13f8f4546583b712bc25e9bf0",0,0.349782
"c1ecaba13f8f4546583b712bc25e9bf0",0.5,0.327156
"c1ecaba13f8f4546583b712bc25e9bf0",1,0.309493
"c1ecaba13f8f4546583b712bc25e9bf0",1.5,0.296466
"c1ecaba13f8f4546583b712bc25e9bf0",2,0.287798
"c1ecaba13f8f4546583b712bc25e9bf0",2.5,0.283287
"c1ecaba13f8f4546583b712bc25e9bf0",3,0.282822
"c1ecaba13f8f4546583b712bc25e9bf0",3.5,0.286393
"c1ecaba13f8f4546583b712bc25e9bf0",4,0.294087
"c1ecaba13f8f4546583b712bc25e9bf0",4.5,0.306085
"c1ecaba13f8f4546583b712bc25e9bf0",5,0.32265
"c1ecaba13f8f4546583b712bc25e9bf0",5.5,0.3441
"c1ecaba13f8f4546583b712bc25e9bf0",6,0.370768
"c1ecaba13f8f4546583b712bc25e9bf0",6.5,0.40294
"c1ecaba13f8f4546583b712bc25e9bf0",7,0.440768
"c1ecaba13f8f4546583b712bc25e9bf0",7.5,0.484153
"c1ecaba13f8f4546583b712bc25e9bf0",8,0.53263
"c1ecaba13f8f4546583b712bc25e9bf0",8.5,0.585255
"c1ecaba13f8f4546583b712bc25e9bf0",9,0.640564
"c1ecaba13f8f4546583b712bc25e9bf0",9.5,0.696622
"c1ecaba13f8f4546583b712bc25e9bf0",10,0.751213
"32f670ab661c11bd4d1043130a007cf2",0,0.306993
"32f670ab661c11bd4d1043130a007cf2",0.5,0.332887
"32f670ab661c11bd4d1043130a007cf2",1,0.355424
"32f670ab661c11bd4d1043130a007cf2",1.5,0.374132
"32f670ab661c11bd4d1043130a007cf2",2,0.388677
"32f670ab661c11bd4d1043130a007cf2",2.5,0.398841
"32f670ab661c11bd4d1043130a007cf2",3,0.404492
"32f670ab661c11bd4d1043130a007cf2",3.5,0.405564
"32f670ab661c11bd4d1043130a007cf2",4,0.402047
"32f670ab661c11bd4d1043130a007cf2",4.5,0.393979
"32f670ab661c11bd4d1043130a007cf2",5,0.381458
"32f670ab661c11bd4d1043130a007cf2",5.5,0.364661
"32f670ab661c11bd4d1043130a007cf2",6,0.343862
"32f670ab661c11bd4d1043130a007cf2",6.5,0.319467
"32f670ab661c11bd4d1043130a007cf2",7,0.292032
"32f670ab661c11bd4d1043130a007cf2",7.5,0.262277
"32f670ab661c11bd4d1043130a007cf2",8,0.231077
"32f670ab661c11bd4d1043130a007cf2",8.5,0.199422
"32f670ab661c11bd4d1043130a007cf2",9,0.168352
"32f670ab661c11bd4d1043130a007cf2",9.5,0.138867
"32f670ab661c11bd4d1043130a007cf2",10,0.111827
"60c901acfd112190b7be28a148cac4d9",0,0.44069
"60c901acfd112190b7be28a148cac4d9",0.5,0.474234
"60c901acfd112190b7be28a148cac4d9",1,0.50295
"60c901acfd112190b7be28a148cac4d9",1.5,0.526606
"60c901acfd112190b7be28a148cac4d9",2,0.545129
"60c901acfd112190b7be28a148cac4d9",2.5,0.558535
"60c901acfd112190b7be28a148cac4d9",3,0.566878
"60c901acfd112190b7be28a148cac4d9",3.5,0.57021
"60c901acfd112190b7be28a148cac4d9",4,0.568554
"60c901acfd112190b7be28a148cac4d9",4.5,0.561898
"60c901acfd112190b7be28a148cac4d9",5,0.550198
"60c901acfd112190b7be28a148cac4d9",5.5,0.533398
"60c901acfd112190b7be28a148cac4d9",6,0.511463
"60c901acfd112190b7be28a148cac4d9",6.5,0.484429
"60c901acfd112190b7be28a148cac4d9",7,0.452468
"60c901acfd112190b7be28a148cac4d9",7.5,0.415955
"60c901acfd112190b7be28a148cac4d9",8,0.375541
"60c901acfd112190b7be28a148cac4d9",8.5,0.332193
"60c901acfd112190b7be28a148cac4d9",9,0.287205
"60c901acfd112190b7be28a148cac4d9",9.5,0.242123
"60c901acfd112190b7be28a148cac4d9",10,0.198618
"05bf5ecf435d597a0513007d399884c8",0,0.140093
"05bf5ecf435d597a0513007d399884c8",0.5,0.17044
"05bf5ecf435d597a0513007d399884c8",1,0.202502
"05bf5ecf435d597a0513007d399884c8",1.5,0.235221
"05bf5ecf435d597a0513007d399884c8",2,0.267488
"05bf5ecf435d597a0513007d399884c8",2.5,0.298248
"05bf5ecf435d597a0513007d399884c8",3,0.326573
"05bf5ecf435d597a0513007d399884c8",3.5,0.351708
"05bf5ecf435d597a0513007d399884c8",4,0.373077
"05bf5ecf435d597a0513007d399884c8",4.5,0.390268
"05bf5ecf435d597a0513007d399884c8",5,0.403007
"05bf5ecf435d597a0513007d399884c8",5.5,0.411124
"05bf5ecf435d597a0513007d399884c8",6,0.414527
"05bf5ecf435d597a0513007d399884c8",6.5,0.413181
"05bf5ecf435d597a0513007d399884c8",7,0.407099
"05bf5ecf435d597a0513007d399884c8",7.5,0.396347
"05bf5ecf435d597a0513007d399884c8",8,0.381059
"05bf5ecf435d597a0513007d399884c8",8.5,0.361459
"05bf5ecf435d597a0513007d399884c8",9,0.337896
"05bf5ecf435d597a0513007d399884c8",9.5,0.310871
"05bf5ecf435d597a0513007d399884c8",10,0.281063
"7e00657eaa0406e3168501b03504c91a",0,0.224854
"7e00657eaa0406e3168501b03504c91a",0.5,0.236655
"7e00657eaa0406e3168501b03504c91a",1,0.248622
"7e00657eaa0406e3168501b03504c91a",1.5,0.260725
"7e00657eaa0406e3168501b03504c91a",2,0.272932
"7e00657eaa0406e3168501b03504c91a",2.5,0.285212
"7e00657eaa0406e3168501b03504c91a",3,0.297535
"7e00657eaa0406e3168501b03504c91a",3.5,0.309869
"7e00657eaa0406e3168501b03504c91a",4,0.322183
"7e00657eaa0406e3168501b03504c91a",4.5,0.334449
"7e00657eaa0406e3168501b03504c91a",5,0.346636
"7e00657eaa0406e3168501b03504c91a",5.5,0.358718
"7e00657eaa0406e3168501b03504c91a",6,0.370667
"7e00657eaa0406e3168501b03504c91a",6.5,0.382458
"7e00657eaa0406e3168501b03504c91a",7,0.394068
"7e00657eaa0406e3168501b03504c91a",7.5,0.405474
"7e00657eaa0406e3168501b03504c91a",8,0.416657
"7e00657eaa0406e3168501b03504c91a",8.5,0.427598
"7e00657eaa0406e3168501b03504c91a",9,0.43828
"7e00657eaa0406e3168501b03504c91a",9.5,0.448688
"7e00657eaa0406e3168501b03504c91a",10,0.458809
"79660f4a8fc84d8a775da5ec1f493398",0,0.430064
"79660f4a8fc84d8a775da5ec1f493398",0.5,0.459503
"79660f4a8fc84d8a775da5ec1f493398",1,0.484386
"79660f4a8fc84d8a775da5ec1f493398",1.5,0.504503
"79660f4a8fc84d8a775da5ec1f493398",2,0.519766
"79660f4a8fc84d8a775da5ec1f493398",2.5,0.530158
"79660f4a8fc84d8a775da5ec1f493398",3,0.535693
"79660f4a8fc84d8a775da5ec1f493398",3.5,0.536386
"79660f4a8fc84d8a775da5ec1f493398",4,0.53224
"79660f4a8fc84d8a775da5ec1f493398",4.5,0.523243
"79660f4a8fc84d8a775da5ec1f493398",5,0.509376
"79660f4a8fc84d8a775da5ec1f493398",5.5,0.490646
"79660f4a8fc84d8a775da5ec1f493398",6,0.467114
"79660f4a8fc84d8a775da5ec1f493398",6.5,0.43895
"79660f4a8fc84d8a775da5ec1f493398",7,0.406487
"79660f4a8fc84d8a775da5ec1f493398",7.5,0.370278
"79660f4a8fc84d8a775da5ec1f493398",8,0.33113
"79660f4a8fc84d8a775da5ec1f493398",8.5,0.290115
"79660f4a8fc84d8a775da5ec1f493398",9,0.248527
"79660f4a8fc84d8a775da5ec1f493398",9.5,0.207784
"79660f4a8fc84d8a775da5ec1f493398",10,0.169283
"73d1d0b25878ea0c119f2af85c7c24bd",0,0.511966
"73d1d0b25878ea0c119f2af85c7c24bd",0.5,0.47349
"73d1d0b25878ea0c119f2af85c7c24bd",1,0.4396
"73d1d0b25878ea0c119f2af85c7c24bd",1.5,0.410456
"73d1d0b25878ea0c119f2af85c7c24bd",2,0.386034
"73d1d0b25878ea0c119f2af85c7c24bd",2.5,0.366195
"73d1d0b25878ea0c119f2af85c7c24bd",3,0.35075
"73d1d0b25878ea0c119f2af85c7c24bd",3.5,0.339505
"73d1d0b25878ea0c119f2af85c7c24bd",4,0.332292
"73d1d0b25878ea0c119f2af85c7c24bd",4.5,0.328995
"73d1d0b25878ea0c119f2af85c7c24bd",5,0.329556
"73d1d0b25878ea0c119f2af85c7c24bd",5.5,0.333985
"73d1d0b25878ea0c119f2af85c7c24bd",6,0.342357
"73d1d0b25878ea0c119f2af85c7c24bd",6.5,0.354807
"73d1d0b25878ea0c119f2af85c7c24bd",7,0.371511
"73d1d0b25878ea0c119f2af85c7c24bd",7.5,0.392666
"73d1d0b25878ea0c119f2af85c7c24bd",8,0.418453
"73d1d0b25878ea0c119f2af85c7c24bd",8.5,0.448984
"73d1d0b25878ea0c119f2af85c7c24bd",9,0.484237
"73d1d0b25878ea0c119f2af85c7c24bd",9.5,0.523981
"73d1d0b25878ea0c119f2af85c7c24bd",10,0.567701
"d90d7801346af8b57484c159b3b14ada",0,0.297217
"d90d7801346af8b57484c159b3b14ada",0.5,0.29471
"d90d7801346af8b57484c159b3b14ada",1,0.294165
"d90d7801346af8b57484c159b3b14ada",1.5,0.295576
"d90d7801346af8b57484c159b3b14ada",2,0.298959
"d90d7801346af8b57484c159b3b14ada",2.5,0.304351
"d90d7801346af8b57484c159b3b14ada",3,0.311811
"d90d7801346af8b57484c159b3b14ada",3.5,0.321415
"d90d7801346af8b57484c159b3b14ada",4,0.333253
"d90d7801346af8b57484c159b3b14ada",4.5,0.347427
"d90d7801346af8b57484c159b3b14ada",5,0.364042
"d90d7801346af8b57484c159b3b14ada",5.5,0.383196
"d90d7801346af8b57484c159b3b14ada",6,0.404969
"d90d7801346af8b57484c159b3b14ada",6.5,0.42941
"d90d7801346af8b57484c159b3b14ada",7,0.456517
"d90d7801346af8b57484c159b3b14ada",7.5,0.486219
"d90d7801346af8b57484c159b3b14ada",8,0.518357
"d90d7801346af8b57484c159b3b14ada",8.5,0.552666
"d90d7801346af8b57484c159b3b14ada",9,0.588766
"d90d7801346af8b57484c159b3b14ada",9.5,0.626157
"d90d7801346af8b57484c159b3b14ada",10,0.664229
"a73542825807077c91963ae33d44790b",0,0.48971
"a73542825807077c91963ae33d44790b",0.5,0.452003
"a73542825807077c91963ae33d44790b",1,0.422818
"a73542825807077c91963ae33d44790b",1.5,0.402082
"a73542825807077c91963ae33d44790b",2,0.389581
"a73542825807077c91963ae33d44790b",2.5,0.385124
"a73542825807077c91963ae33d44790b",3,0.388632
"a73542825807077c91963ae33d44790b",3.5,0.400167
"a73542825807077c91963ae33d44790b",4,0.419912
"a73542825807077c91963ae33d44790b",4.5,0.448083
"a73542825807077c91963ae33d44790b",5,0.484781
"a73542825807077c91963ae33d44790b",5.5,0.529784
"a73542825807077c91963ae33d44790b",6,0.582292
"a73542825807077c91963ae33d44790b",6.5,0.640701
"a73542825807077c91963ae33d44790b",7,0.702484
"a73542825807077c91963ae33d44790b",7.5,0.764296
"a73542825807077c91963ae33d44790b",8,0.822385
"a73542825807077c91963ae33d44790b",8.5,0.873289
"a73542825807077c91963ae33d44790b",9,0.914639
"a73542825807077c91963ae33d44790b",9.5,0.945694
"a73542825807077c91963ae33d44790b",10,0.967295
"f8a46f9a5288a500cd945b877e0f711f",0,0.350489
"f8a46f9a5288a500cd945b877e0f711f",0.5,0.360395
"f8a46f9a5288a500cd945b877e0f711f",1,0.369517
"f8a46f9a5288a500cd945b877e0f711f",1.5,0.377822
"f8a46f9a5288a500cd945b877e0f711f",2,0.38528
"f8a46f9a5288a500cd945b877e0f711f",2.5,0.391869
"f8a46f9a5288a500cd945b877e0f711f",3,0.39757
"f8a46f9a5288a500cd945b877e0f711f",3.5,0.402366
"f8a46f9a5288a500cd945b877e0f711f",4,0.406245
"f8a46f9a5288a500cd945b877e0f711f",4.5,0.4092
"f8a46f9a5288a500cd945b877e0f711f",5,0.411223
"f8a46f9a5288a500cd945b877e0f711f",5.5,0.412309
"f8a46f9a5288a500cd945b877e0f711f",6,0.412458
"f8a46f9a5288a500cd945b877e0f711f",6.5,0.411667
"f8a46f9a5288a500cd945b877e0f711f",7,0.40994
"f8a46f9a5288a500cd945b877e0f711f",7.5,0.407279
"f8a46f9a5288a500cd945b877e0f711f",8,0.403691
"f8a46f9a5288a500cd945b877e0f711f",8.5,0.399184
"f8a46f9a5288a500cd945b877e0f711f",9,0.393768
"f8a46f9a5288a500cd945b877e0f711f",9.5,0.387458
"f8a46f9a5288a500cd945b877e0f711f",10,0.380271
"aaccf5c4ba90bda685fa3de92cdad93f",0,0.359112
"aaccf5c4ba90bda685fa3de92cdad93f",0.5,0.347808
"aaccf5c4ba90bda685fa3de92cdad93f",1,0.339149
"aaccf5c4ba90bda685fa3de92cdad93f",1.5,0.333053
"aaccf5c4ba90bda685fa3de92cdad93f",2,0.329456
"aaccf5c4ba90bda685fa3de92cdad93f",2.5,0.328319
"aaccf5c4ba90bda685fa3de92cdad93f",3,0.32963
"aaccf5c4ba90bda685fa3de92cdad93f",3.5,0.333403
"aaccf5c4ba90bda685fa3de92cdad93f",4,0.339679
"aaccf5c4ba90bda685fa3de92cdad93f",4.5,0.348522
"aaccf5c4ba90bda685fa3de92cdad93f",5,0.360018
"aaccf5c4ba90bda685fa3de92cdad93f",5.5,0.374264
"aaccf5c4ba90bda685fa3de92cdad93f",6,0.391361
"aaccf5c4ba90bda685fa3de92cdad93f",6.5,0.411402
"aaccf5c4ba90bda685fa3de92cdad93f",7,0.434454
"aaccf5c4ba90bda685fa3de92cdad93f",7.5,0.460537
"aaccf5c4ba90bda685fa3de92cdad93f",8,0.489602
"aaccf5c4ba90bda685fa3de92cdad93f",8.5,0.521504
"aaccf5c4ba90bda685fa3de92cdad93f",9,0.555978
"aaccf5c4ba90bda685fa3de92cdad93f",9.5,0.59262
"aaccf5c4ba90bda685fa3de92cdad93f",10,0.630878
"4f7aa159b250025c6921e76e9130222a",0,0.590188
"4f7aa159b250025c6921e76e9130222a",0.5,0.611
"4f7aa159b250025c6921e76e9130222a",1,0.627932
"4f7aa159b250025c6921e76e9130222a",1.5,0.641126
"4f7aa159b250025c6921e76e9130222a",2,0.650721
"4f7aa159b250025c6921e76e9130222a",2.5,0.656832
"4f7aa159b250025c6921e76e9130222a",3,0.659541
"4f7aa159b250025c6921e76e9130222a",3.5,0.658886
"4f7aa159b250025c6921e76e9130222a",4,0.654857
"4f7aa159b250025c6921e76e9130222a",4.5,0.647399
"4f7aa159b250025c6921e76e9130222a",5,0.636417
"4f7aa159b250025c6921e76e9130222a",5.5,0.621782
"4f7aa159b250025c6921e76e9130222a",6,0.603353
"4f7aa159b250025c6921e76e9130222a",6.5,0.580996
"4f7aa159b250025c6921e76e9130222a",7,0.554618
"4f7aa159b250025c6921e76e9130222a",7.5,0.524208
"4f7aa159b250025c6921e76e9130222a",8,0.489887
"4f7aa159b250025c6921e76e9130222a",8.5,0.45196
"4f7aa159b250025c6921e76e9130222a",9,0.410956
"4f7aa159b250025c6921e76e9130222a",9.5,0.367661
"4f7aa159b250025c6921e76e9130222a",10,0.323101
"81c4c885be80ee63d7c8d0121915b815",0,0.307648
"81c4c885be80ee63d7c8d0121915b815",0.5,0.374891
"81c4c885be80ee63d7c8d0121915b815",1,0.433836
"81c4c885be80ee63d7c8d0121915b815",1.5,0.481444
"81c4c885be80ee63d7c8d0121915b815",2,0.516017
"81c4c885be80ee63d7c8d0121915b815",2.5,0.536848
"81c4c885be80ee63d7c8d0121915b815",3,0.54375
"81c4c885be80ee63d7c8d0121915b815",3.5,0.536706
"81c4c885be80ee63d7c8d0121915b815",4,0.515734
"81c4c885be80ee63d7c8d0121915b815",4.5,0.481023
"81c4c885be80ee63d7c8d0121915b815",5,0.433289
"81c4c885be80ee63d7c8d0121915b815",5.5,0.374241
"81c4c885be80ee63d7c8d0121915b815",6,0.306935
"81c4c885be80ee63d7c8d0121915b815",6.5,0.235884
"81c4c885be80ee63d7c8d0121915b815",7,0.16693
"81c4c885be80ee63d7c8d0121915b815",7.5,0.106641
"81c4c885be80ee63d7c8d0121915b815",8,0.060477
"81c4c885be80ee63d7c8d0121915b815",8.5,0.030184
"81c4c885be80ee63d7c8d0121915b815",9,0.013249
"81c4c885be80ee63d7c8d0121915b815",9.5,0.005157
"81c4c885be80ee63d7c8d0121915b815",10,0.001807
"d1e69e3fef48f82473be61d0e6fd6920",0,0.296308
"d1e69e3fef48f82473be61d0e6fd6920",0.5,0.231131
"d1e69e3fef48f82473be61d0e6fd6920",1,0.181621
"d1e69e3fef48f82473be61d0e6fd6920",1.5,0.145314
"d1e69e3fef48f82473be61d0e6fd6920",2,0.119427
"d1e69e3fef48f82473be61d0e6fd6920",2.5,0.101496
"d1e69e3fef48f82473be61d0e6fd6920",3,0.089618
"d1e69e3fef48f82473be61d0e6fd6920",3.5,0.082472
"d1e69e3fef48f82473be61d0e6fd6920",4,0.079249
"d1e69e3fef48f82473be61d0e6fd6920",4.5,0.079583
"d1e69e3fef48f82473be61d0e6fd6920",5,0.083511
"d1e69e3fef48f82473be61d0e6fd6920",5.5,0.09148
"d1e69e3fef48f82473be61d0e6fd6920",6,0.10439
"d1e69e3fef48f82473be61d0e6fd6920",6.5,0.12367
"d1e69e3fef48f82473be61d0e6fd6920",7,0.151333
"d1e69e3fef48f82473be61d0e6fd6920",7.5,0.189935
"d1e69e3fef48f82473be61d0e6fd6920",8,0.242261
"d1e69e3fef48f82473be61d0e6fd6920",8.5,0.3106
"d1e69e3fef48f82473be61d0e6fd6920",9,0.395594
"d1e69e3fef48f82473be61d0e6fd6920",9.5,0.494998
"d1e69e3fef48f82473be61d0e6fd6920",10,0.602967
"f00d913ee9e8c83b0d84efac3ee32dcd",0,0.366121
"f00d913ee9e8c83b0d84efac3ee32dcd",0.5,0.295032
"f00d913ee9e8c83b0d84efac3ee32dcd",1,0.237894
"f00d913ee9e8c83b0d84efac3ee32dcd",1.5,0.193577
"f00d913ee9e8c83b0d84efac3ee32dcd",2,0.160131
"f00d913ee9e8c83b0d84efac3ee32dcd",2.5,0.135467
"f00d913ee9e8c83b0d84efac3ee32dcd",3,0.117734
"f00d913ee9e8c83b0d84efac3ee32dcd",3.5,0.105467
"f00d913ee9e8c83b0d84efac3ee32dcd",4,0.097602
"f00d913ee9e8c83b0d84efac3ee32dcd",4.5,0.093444
"f00d913ee9e8c83b0d84efac3ee32dcd",5,0.092624
"f00d913ee9e8c83b0d84efac3ee32dcd",5.5,0.095069
"f00d913ee9e8c83b0d84efac3ee32dcd",6,0.100997
"f00d913ee9e8c83b0d84efac3ee32dcd",6.5,0.110932
"f00d913ee9e8c83b0d84efac3ee32dcd",7,0.125747
"f00d913ee9e8c83b0d84efac3ee32dcd",7.5,0.146703
"f00d913ee9e8c83b0d84efac3ee32dcd",8,0.175462
"f00d913ee9e8c83b0d84efac3ee32dcd",8.5,0.214026
"f00d913ee9e8c83b0d84efac3ee32dcd",9,0.264477
"f00d913ee9e8c83b0d84efac3ee32dcd",9.5,0.328465
"f00d913ee9e8c83b0d84efac3ee32dcd",10,0.406385
"e1ae010e46b575f4b788c89aae6caecb",0,0.021478
"e1ae010e46b575f4b788c89aae6caecb",0.5,0.0474
"e1ae010e46b575f4b788c89aae6caecb",1,0.092481
"e1ae010e46b575f4b788c89aae6caecb",1.5,0.158492
"e1ae010e46b575f4b788c89aae6caecb",2,0.240181
"e1ae010e46b575f4b788c89aae6caecb",2.5,0.327472
"e1ae010e46b575f4b788c89aae6caecb",3,0.41
"e1ae010e46b575f4b788c89aae6caecb",3.5,0.480174
"e1ae010e46b575f4b788c89aae6caecb",4,0.533959
"e1ae010e46b575f4b788c89aae6caecb",4.5,0.570092
"e1ae010e46b575f4b788c89aae6caecb",5,0.588722
"e1ae010e46b575f4b788c89aae6caecb",5.5,0.590251
"e1ae010e46b575f4b788c89aae6caecb",6,0.574724
"e1ae010e46b575f4b788c89aae6caecb",6.5,0.541772
"e1ae010e46b575f4b788c89aae6caecb",7,0.49113
"e1ae010e46b575f4b788c89aae6caecb",7.5,0.423705
"e1ae010e46b575f4b788c89aae6caecb",8,0.342945
"e1ae010e46b575f4b788c89aae6caecb",8.5,0.255801
"e1ae010e46b575f4b788c89aae6caecb",9,0.172294
"e1ae010e46b575f4b788c89aae6caecb",9.5,0.102877
"e1ae010e46b575f4b788c89aae6caecb",10,0.053966
"2a104a9587ad9ac5bd7ed4233490f238",0,0.398438
"2a104a9587ad9ac5bd7ed4233490f238",0.5,0.33016
"2a104a9587ad9ac5bd7ed4233490f238",1,0.275515
"2a104a9587ad9ac5bd7ed4233490f238",1.5,0.23381
"2a104a9587ad9ac5bd7ed4233490f238",2,0.203594
"2a104a9587ad9ac5bd7ed4233490f238",2.5,0.183246
"2a104a9587ad9ac5bd7ed4233490f238",3,0.171394
"2a104a9587ad9ac5bd7ed4233490f238",3.5,0.167135
"2a104a9587ad9ac5bd7ed4233490f238",4,0.170126
"2a104a9587ad9ac5bd7ed4233490f238",4.5,0.180609
"2a104a9587ad9ac5bd7ed4233490f238",5,0.199394
"2a104a9587ad9ac5bd7ed4233490f238",5.5,0.227782
"2a104a9587ad9ac5bd7ed4233490f238",6,0.267375
"2a104a9587ad9ac5bd7ed4233490f238",6.5,0.319693
"2a104a9587ad9ac5bd7ed4233490f238",7,0.385607
"2a104a9587ad9ac5bd7ed4233490f238",7.5,0.464676
"2a104a9587ad9ac5bd7ed4233490f238",8,0.554551
"2a104a9587ad9ac5bd7ed4233490f238",8.5,0.650543
"2a104a9587ad9ac5bd7ed4233490f238",9,0.745482
"2a104a9587ad9ac5bd7ed4233490f238",9.5,0.830499
"2a104a9587ad9ac5bd7ed4233490f238",10,0.897608
"cb94f09500131226930954d0d220d195",0,0.961205
"cb94f09500131226930954d0d220d195",0.5,0.943131
"cb94f09500131226930954d0d220d195",1,0.920595
"cb94f09500131226930954d0d220d195",1.5,0.894303
"cb94f09500131226930954d0d220d195",2,0.865608
"cb94f09500131226930954d0d220d195",2.5,0.836318
"cb94f09500131226930954d0d220d195",3,0.808405
"cb94f09500131226930954d0d220d195",3.5,0.783735
"cb94f09500131226930954d0d220d195",4,0.763874
"cb94f09500131226930954d0d220d195",4.5,0.749998
"cb94f09500131226930954d0d220d195",5,0.742874
"cb94f09500131226930954d0d220d195",5.5,0.742874
"cb94f09500131226930954d0d220d195",6,0.749999
"cb94f09500131226930954d0d220d195",6.5,0.763875
"cb94f09500131226930954d0d220d195",7,0.783737
"cb94f09500131226930954d0d220d195",7.5,0.808407
"cb94f09500131226930954d0d220d195",8,0.83632
"cb94f09500131226930954d0d220d195",8.5,0.86561
"cb94f09500131226930954d0d220d195",9,0.894305
"cb94f09500131226930954d0d220d195",9.5,0.920597
"cb94f09500131226930954d0d220d195",10,0.943132
"066b89e7d3f855ff1818b33aa6aa1693",0,0.789305
"066b89e7d3f855ff1818b33aa6aa1693",0.5,0.748789
"066b89e7d3f855ff1818b33aa6aa1693",1,0.709847
"066b89e7d3f855ff1818b33aa6aa1693",1.5,0.674359
"066b89e7d3f855ff1818b33aa6aa1693",2,0.643816
"066b89e7d3f855ff1818b33aa6aa1693",2.5,0.619284
"066b89e7d3f855ff1818b33aa6aa1693",3,0.60145
"066b89e7d3f855ff1818b33aa6aa1693",3.5,0.590713
"066b89e7d3f855ff1818b33aa6aa1693",4,0.587271
"066b89e7d3f855ff1818b33aa6aa1693",4.5,0.591179
"066b89e7d3f855ff1818b33aa6aa1693",5,0.602374
"066b89e7d3f855ff1818b33aa6aa1693",5.5,0.620647
"066b89e7d3f855ff1818b33aa6aa1693",6,0.645585
"066b89e7d3f855ff1818b33aa6aa1693",6.5,0.676477
"066b89e7d3f855ff1818b33aa6aa1693",7,0.712233
"066b89e7d3f855ff1818b33aa6aa1693",7.5,0.751334
"066b89e7d3f855ff1818b33aa6aa1693",8,0.79188
"066b89e7d3f855ff1818b33aa6aa1693",8.5,0.831759
"066b89e7d3f855ff1818b33aa6aa1693",9,0.868929
"066b89e7d3f855ff1818b33aa6aa1693",9.5,0.901729
"066b89e7d3f855ff1818b33aa6aa1693",10,0.929133
"8efb64ad363d41fa9968fb1f2322bf3f",0,0.106736
"8efb64ad363d41fa9968fb1f2322bf3f",0.5,0.124584
"8efb64ad363d41fa9968fb1f2322bf3f",1,0.144082
"8efb64ad363d41fa9968fb1f2322bf3f",1.5,0.165104
"8efb64ad363d41fa9968fb1f2322bf3f",2,0.187475
"8efb64ad363d41fa9968fb1f2322bf3f",2.5,0.210972
"8efb64ad363d41fa9968fb1f2322bf3f",3,0.235337
"8efb64ad363d41fa9968fb1f2322bf3f",3.5,0.260289
"8efb64ad363d41fa9968fb1f2322bf3f",4,0.285531
"8efb64ad363d41fa9968fb1f2322bf3f",4.5,0.310768
"8efb64ad363d41fa9968fb1f2322bf3f",5,0.335717
"8efb64ad363d41fa9968fb1f2322bf3f",5.5,0.360113
"8efb64ad363d41fa9968fb1f2322bf3f",6,0.38372
"8efb64ad363d41fa9968fb1f2322bf3f",6.5,0.406333
"8efb64ad363d41fa9968fb1f2322bf3f",7,0.42778
"8efb64ad363d41fa9968fb1f2322bf3f",7.5,0.447922
"8efb64ad363d41fa9968fb1f2322bf3f",8,0.466652
"8efb64ad363d41fa9968fb1f2322bf3f",8.5,0.483892
"8efb64ad363d41fa9968fb1f2322bf3f",9,0.499587
"8efb64ad363d41fa9968fb1f2322bf3f",9.5,0.513703
"8efb64ad363d41fa9968fb1f2322bf3f",10,0.526221
"f60b46d1e976e0fb1b76d6d7e0aa1e10",0,0.599092
"f60b46d1e976e0fb1b76d6d7e0aa1e10",0.5,0.509465
"f60b46d1e976e0fb1b76d6d7e0aa1e10",1,0.431876
"f60b46d1e976e0fb1b76d6d7e0aa1e10",1.5,0.368995
"f60b46d1e976e0fb1b76d6d7e0aa1e10",2,0.321018
"f60b46d1e976e0fb1b76d6d7e0aa1e10",2.5,0.286826
"f60b46d1e976e0fb1b76d6d7e0aa1e10",3,0.264931
"f60b46d1e976e0fb1b76d6d7e0aa1e10",3.5,0.254077
"f60b46d1e976e0fb1b76d6d7e0aa1e10",4,0.253557
"f60b46d1e976e0fb1b76d6d7e0aa1e10",4.5,0.263337
"f60b46d1e976e0fb1b76d6d7e0aa1e10",5,0.284058
"f60b46d1e976e0fb1b76d6d7e0aa1e10",5.5,0.31693
"f60b46d1e976e0fb1b76d6d7e0aa1e10",6,0.363439
"f60b46d1e976e0fb1b76d6d7e0aa1e10",6.5,0.424781
"f60b46d1e976e0fb1b76d6d7e0aa1e10",7,0.500943
"f60b46d1e976e0fb1b76d6d7e0aa1e10",7.5,0.589559
"f60b46d1e976e0fb1b76d6d7e0aa1e10",8,0.684979
"f60b46d1e976e0fb1b76d6d7e0aa1e10",8.5,0.778327
"f60b46d1e976e0fb1b76d6d7e0aa1e10",9,0.859388
"f60b46d1e976e0fb1b76d6d7e0aa1e10",9.5,0.920432
"f60b46d1e976e0fb1b76d6d7e0aa1e10",10,0.959793
"5a356f1aad8d8f9e040920f50613d5aa",0,0.119751
"5a356f1aad8d8f9e040920f50613d5aa",0.5,0.09275
"5a356f1aad8d8f9e040920f50613d5aa",1,0.073857
"5a356f1aad8d8f9e040920f50613d5aa",1.5,0.060732
"5a356f1aad8d8f9e040920f50613d5aa",2,0.051724
"5a356f1aad8d8f9e040920f50613d5aa",2.5,0.045717
"5a356f1aad8d8f9e040920f50613d5aa",3,0.041988
"5a356f1aad8d8f9e040920f50613d5aa",3.5,0.040102
"5a356f1aad8d8f9e040920f50613d5aa",4,0.039842
"5a356f1aad8d8f9e040920f50613d5aa",4.5,0.041181
"5a356f1aad8d8f9e040920f50613d5aa",5,0.044269
"5a356f1aad8d8f9e040920f50613d5aa",5.5,0.049465
"5a356f1aad8d8f9e040920f50613d5aa",6,0.057387
"5a356f1aad8d8f9e040920f50613d5aa",6.5,0.069008
"5a356f1aad8d8f9e040920f50613d5aa",7,0.085788
"5a356f1aad8d8f9e040920f50613d5aa",7.5,0.109825
"5a356f1aad8d8f9e040920f50613d5aa",8,0.143971
"5a356f1aad8d8f9e040920f50613d5aa",8.5,0.191768
"5a356f1aad8d8f9e040920f50613d5aa",9,0.256918
"5a356f1aad8d8f9e040920f50613d5aa",9.5,0.341974
"5a356f1aad8d8f9e040920f50613d5aa",10,0.446185
"c1cfc00fd93e08d820785c69d28773f4",0,0.107364
"c1cfc00fd93e08d820785c69d28773f4",0.5,0.084836
"c1cfc00fd93e08d820785c69d28773f4",1,0.068694
"c1cfc00fd93e08d820785c69d28773f4",1.5,0.057178
"c1cfc00fd93e08d820785c69d28773f4",2,0.049026
"c1cfc00fd93e08d820785c69d28773f4",2.5,0.043367
"c1cfc00fd93e08d820785c69d28773f4",3,0.039612
"c1cfc00fd93e08d820785c69d28773f4",3.5,0.037385
"c1cfc00fd93e08d820785c69d28773f4",4,0.036469
"c1cfc00fd93e08d820785c69d28773f4",4.5,0.036776
"c1cfc00fd93e08d820785c69d28773f4",5,0.038336
"c1cfc00fd93e08d820785c69d28773f4",5.5,0.041299
"c1cfc00fd93e08d820785c69d28773f4",6,0.045957
"c1cfc00fd93e08d820785c69d28773f4",6.5,0.052786
"c1cfc00fd93e08d820785c69d28773f4",7,0.062507
"c1cfc00fd93e08d820785c69d28773f4",7.5,0.076173
"c1cfc00fd93e08d820785c69d28773f4",8,0.095286
"c1cfc00fd93e08d820785c69d28773f4",8.5,0.121895
"c1cfc00fd93e08d820785c69d28773f4",9,0.158648
"c1cfc00fd93e08d820785c69d28773f4",9.5,0.208618
"c1cfc00fd93e08d820785c69d28773f4",10,0.274732
"31500e9defef5397bf96bb3f6c46fd98",0,0.398271
"31500e9defef5397bf96bb3f6c46fd98",0.5,0.317817
"31500e9defef5397bf96bb3f6c46fd98",1,0.256883
"31500e9defef5397bf96bb3f6c46fd98",1.5,0.215315
"31500e9defef5397bf96bb3f6c46fd98",2,0.190684
"31500e9defef5397bf96bb3f6c46fd98",2.5,0.180583
"31500e9defef5397bf96bb3f6c46fd98",3,0.183814
"31500e9defef5397bf96bb3f6c46fd98",3.5,0.200775
"31500e9defef5397bf96bb3f6c46fd98",4,0.233338
"31500e9defef5397bf96bb3f6c46fd98",4.5,0.28414
"31500e9defef5397bf96bb3f6c46fd98",5,0.354845
"31500e9defef5397bf96bb3f6c46fd98",5.5,0.443489
"31500e9defef5397bf96bb3f6c46fd98",6,0.542806
"31500e9defef5397bf96bb3f6c46fd98",6.5,0.643089
"31500e9defef5397bf96bb3f6c46fd98",7,0.73905
"31500e9defef5397bf96bb3f6c46fd98",7.5,0.829971
"31500e9defef5397bf96bb3f6c46fd98",8,0.909382
"31500e9defef5397bf96bb3f6c46fd98",8.5,0.964269
"31500e9defef5397bf96bb3f6c46fd98",9,0.990129
"31500e9defef5397bf96bb3f6c46fd98",9.5,0.997943
"31500e9defef5397bf96bb3f6c46fd98",10,0.999642
"cebc20bf1e507c64e529ecb7278ffde6",0,0.336139
"cebc20bf1e507c64e529ecb7278ffde6",0.5,0.351936
"cebc20bf1e507c64e529ecb7278ffde6",1,0.365199
"cebc20bf1e507c64e529ecb7278ffde6",1.5,0.375772
"cebc20bf1e507c64e529ecb7278ffde6",2,0.383547
"cebc20bf1e507c64e529ecb7278ffde6",2.5,0.388452
"cebc20bf1e507c64e529ecb7278ffde6",3,0.390444
"cebc20bf1e507c64e529ecb7278ffde6",3.5,0.389507
"cebc20bf1e507c64e529ecb7278ffde6",4,0.385649
"cebc20bf1e507c64e529ecb7278ffde6",4.5,0.378903
"cebc20bf1e507c64e529ecb7278ffde6",5,0.369328
"cebc20bf1e507c64e529ecb7278ffde6",5.5,0.35702
"cebc20bf1e507c64e529ecb7278ffde6",6,0.342116
"cebc20bf1e507c64e529ecb7278ffde6",6.5,0.324803
"cebc20bf1e507c64e529ecb7278ffde6",7,0.305328
"cebc20bf1e507c64e529ecb7278ffde6",7.5,0.284
"cebc20bf1e507c64e529ecb7278ffde6",8,0.261195
"cebc20bf1e507c64e529ecb7278ffde6",8.5,0.237351
"cebc20bf1e507c64e529ecb7278ffde6",9,0.212953
"cebc20bf1e507c64e529ecb7278ffde6",9.5,0.188518
"cebc20bf1e507c64e529ecb7278ffde6",10,0.164564
"e46ed935762c7d6b3a7d27f28f6fb4f2",0,0.250204
"e46ed935762c7d6b3a7d27f28f6fb4f2",0.5,0.251591
"e46ed935762c7d6b3a7d27f28f6fb4f2",1,0.254118
"e46ed935762c7d6b3a7d27f28f6fb4f2",1.5,0.257805
"e46ed935762c7d6b3a7d27f28f6fb4f2",2,0.262684
"e46ed935762c7d6b3a7d27f28f6fb4f2",2.5,0.268794
"e46ed935762c7d6b3a7d27f28f6fb4f2",3,0.276183
"e46ed935762c7d6b3a7d27f28f6fb4f2",3.5,0.284908
"e46ed935762c7d6b3a7d27f28f6fb4f2",4,0.29503
"e46ed935762c7d6b3a7d27f28f6fb4f2",4.5,0.306615
"e46ed935762c7d6b3a7d27f28f6fb4f2",5,0.319733
"e46ed935762c7d6b3a7d27f28f6fb4f2",5.5,0.334453
"e46ed935762c7d6b3a7d27f28f6fb4f2",6,0.350841
"e46ed935762c7d6b3a7d27f28f6fb4f2",6.5,0.368951
"e46ed935762c7d6b3a7d27f28f6fb4f2",7,0.38883
"e46ed935762c7d6b3a7d27f28f6fb4f2",7.5,0.410499
"e46ed935762c7d6b3a7d27f28f6fb4f2",8,0.433957
"e46ed935762c7d6b3a7d27f28f6fb4f2",8.5,0.459168
"e46ed935762c7d6b3a7d27f28f6fb4f2",9,0.486056
"e46ed935762c7d6b3a7d27f28f6fb4f2",9.5,0.514498
"e46ed935762c7d6b3a7d27f28f6fb4f2",10,0.544318
"5e1e91ecc3954cf4532ec385d63e41ae",0,0.519553
"5e1e91ecc3954cf4532ec385d63e41ae",0.5,0.522996
"5e1e91ecc3954cf4532ec385d63e41ae",1,0.525023
"5e1e91ecc3954cf4532ec385d63e41ae",1.5,0.525636
"5e1e91ecc3954cf4532ec385d63e41ae",2,0.524835
"5e1e91ecc3954cf4532ec385d63e41ae",2.5,0.52262
"5e1e91ecc3954cf4532ec385d63e41ae",3,0.51899
"5e1e91ecc3954cf4532ec385d63e41ae",3.5,0.513941
"5e1e91ecc3954cf4532ec385d63e41ae",4,0.507474
"5e1e91ecc3954cf4532ec385d63e41ae",4.5,0.499587
"5e1e91ecc3954cf4532ec385d63e41ae",5,0.490284
"5e1e91ecc3954cf4532ec385d63e41ae",5.5,0.479573
"5e1e91ecc3954cf4532ec385d63e41ae",6,0.46747
"5e1e91ecc3954cf4532ec385d63e41ae",6.5,0.454001
"5e1e91ecc3954cf4532ec385d63e41ae",7,0.439201
"5e1e91ecc3954cf4532ec385d63e41ae",7.5,0.423125
"5e1e91ecc3954cf4532ec385d63e41ae",8,0.405841
"5e1e91ecc3954cf4532ec385d63e41ae",8.5,0.387439
"5e1e91ecc3954cf4532ec385d63e41ae",9,0.36803
"5e1e91ecc3954cf4532ec385d63e41ae",9.5,0.347747
"5e1e91ecc3954cf4532ec385d63e41ae",10,0.326748
"4a2e6649fa55b59c2702fd8d47fab891",0,0.322355
"4a2e6649fa55b59c2702fd8d47fab891",0.5,0.312806
"4a2e6649fa55b59c2702fd8d47fab891",1,0.305374
"4a2e6649fa55b59c2702fd8d47fab891",1.5,0.299985
"4a2e6649fa55b59c2702fd8d47fab891",2,0.296582
"4a2e6649fa55b59c2702fd8d47fab891",2.5,0.295127
"4a2e6649fa55b59c2702fd8d47fab891",3,0.295604
"4a2e6649fa55b59c2702fd8d47fab891",3.5,0.298018
"4a2e6649fa55b59c2702fd8d47fab891",4,0.302395
"4a2e6649fa55b59c2702fd8d47fab891",4.5,0.308785
"4a2e6649fa55b59c2702fd8d47fab891",5,0.317251
"4a2e6649fa55b59c2702fd8d47fab891",5.5,0.327878
"4a2e6649fa55b59c2702fd8d47fab891",6,0.340761
"4a2e6649fa55b59c2702fd8d47fab891",6.5,0.356
"4a2e6649fa55b59c2702fd8d47fab891",7,0.373696
"4a2e6649fa55b59c2702fd8d47fab891",7.5,0.393941
"4a2e6649fa55b59c2702fd8d47fab891",8,0.416798
"4a2e6649fa55b59c2702fd8d47fab891",8.5,0.442293
"4a2e6649fa55b59c2702fd8d47fab891",9,0.470396
"4a2e6649fa55b59c2702fd8d47fab891",9.5,0.500998
"4a2e6649fa55b59c2702fd8d47fab891",10,0.533895
"1136a87304495f26cf134bbd699eee2d",0,0.521711
"1136a87304495f26cf134bbd699eee2d",0.5,0.471787
"1136a87304495f26cf134bbd699eee2d",1,0.427634
"1136a87304495f26cf134bbd699eee2d",1.5,0.38966
"1136a87304495f26cf134bbd699eee2d",2,0.35786
"1136a87304495f26cf134bbd699eee2d",2.5,0.331975
"1136a87304495f26cf134bbd699eee2d",3,0.311627
"1136a87304495f26cf134bbd699eee2d",3.5,0.296415
"1136a87304495f26cf134bbd699eee2d",4,0.285988
"1136a87304495f26cf134bbd699eee2d",4.5,0.280075
"1136a87304495f26cf134bbd699eee2d",5,0.278517
"1136a87304495f26cf134bbd699eee2d",5.5,0.281269
"1136a87304495f26cf134bbd699eee2d",6,0.288409
"1136a87304495f26cf134bbd699eee2d",6.5,0.300127
"1136a87304495f26cf134bbd699eee2d",7,0.31672
"1136a87304495f26cf134bbd699eee2d",7.5,0.338559
"1136a87304495f26cf134bbd699eee2d",8,0.366043
"1136a87304495f26cf134bbd699eee2d",8.5,0.399531
"1136a87304495f26cf134bbd699eee2d",9,0.439228
"1136a87304495f26cf134bbd699eee2d",9.5,0.485038
"1136a87304495f26cf134bbd699eee2d",10,0.536411
"7ff94a4ff621cb44d7ff02f0550a7bad",0,0.51446
"7ff94a4ff621cb44d7ff02f0550a7bad",0.5,0.537888
"7ff94a4ff621cb44d7ff02f0550a7bad",1,0.556806
"7ff94a4ff621cb44d7ff02f0550a7bad",1.5,0.571246
"7ff94a4ff621cb44d7ff02f0550a7bad",2,0.581274
"7ff94a4ff621cb44d7ff02f0550a7bad",2.5,0.586959
"7ff94a4ff621cb44d7ff02f0550a7bad",3,0.588346
"7ff94a4ff621cb44d7ff02f0550a7bad",3.5,0.585446
"7ff94a4ff621cb44d7ff02f0550a7bad",4,0.578235
"7ff94a4ff621cb44d7ff02f0550a7bad",4.5,0.566659
"7ff94a4ff621cb44d7ff02f0550a7bad",5,0.550646
"7ff94a4ff621cb44d7ff02f0550a7bad",5.5,0.530137
"7ff94a4ff621cb44d7ff02f0550a7bad",6,0.505123
"7ff94a4ff621cb44d7ff02f0550a7bad",6.5,0.475689
"7ff94a4ff621cb44d7ff02f0550a7bad",7,0.442072
"7ff94a4ff621cb44d7ff02f0550a7bad",7.5,0.404717
"7ff94a4ff621cb44d7ff02f0550a7bad",8,0.364317
"7ff94a4ff621cb44d7ff02f0550a7bad",8.5,0.321837
"7ff94a4ff621cb44d7ff02f0550a7bad",9,0.278483
"7ff94a4ff621cb44d7ff02f0550a7bad",9.5,0.235622
"7ff94a4ff621cb44d7ff02f0550a7bad",10,0.194654
"3d6522155416aeb020d4efcac39d6e06",0,0.327601
"3d6522155416aeb020d4efcac39d6e06",0.5,0.32745
"3d6522155416aeb020d4efcac39d6e06",1,0.327305
"3d6522155416aeb020d4efcac39d6e06",1.5,0.327164
"3d6522155416aeb020d4efcac39d6e06",2,0.327027
"3d6522155416aeb020d4efcac39d6e06",2.5,0.326896
"3d6522155416aeb020d4efcac39d6e06",3,0.326769
"3d6522155416aeb020d4efcac39d6e06",3.5,0.326647
"3d6522155416aeb020d4efcac39d6e06",4,0.326529
"3d6522155416aeb020d4efcac39d6e06",4.5,0.326416
"3d6522155416aeb020d4efcac39d6e06",5,0.326308
"3d6522155416aeb020d4efcac39d6e06",5.5,0.326205
"3d6522155416aeb020d4efcac39d6e06",6,0.326106
"3d6522155416aeb020d4efcac39d6e06",6.5,0.326012
"3d6522155416aeb020d4efcac39d6e06",7,0.325923
"3d6522155416aeb020d4efcac39d6e06",7.5,0.325838
"3d6522155416aeb020d4efcac39d6e06",8,0.325758
"3d6522155416aeb020d4efcac39d6e06",8.5,0.325683
"3d6522155416aeb020d4efcac39d6e06",9,0.325612
"3d6522155416aeb020d4efcac39d6e06",9.5,0.325546
"3d6522155416aeb020d4efcac39d6e06",10,0.325485
"43cb0929c64206945852047bf76f7632",0,0.308568
"43cb0929c64206945852047bf76f7632",0.5,0.306615
"43cb0929c64206945852047bf76f7632",1,0.306261
"43cb0929c64206945852047bf76f7632",1.5,0.307502
"43cb0929c64206945852047bf76f7632",2,0.310349
"43cb0929c64206945852047bf76f7632",2.5,0.314826
"43cb0929c64206945852047bf76f7632",3,0.320969
"43cb0929c64206945852047bf76f7632",3.5,0.328827
"43cb0929c64206945852047bf76f7632",4,0.338457
"43cb0929c64206945852047bf76f7632",4.5,0.349925
"43cb0929c64206945852047bf76f7632",5,0.363298
"43cb0929c64206945852047bf76f7632",5.5,0.378645
"43cb0929c64206945852047bf76f7632",6,0.396026
"43cb0929c64206945852047bf76f7632",6.5,0.415488
"43cb0929c64206945852047bf76f7632",7,0.437054
"43cb0929c64206945852047bf76f7632",7.5,0.460717
"43cb0929c64206945852047bf76f7632",8,0.486425
"43cb0929c64206945852047bf76f7632",8.5,0.514072
"43cb0929c64206945852047bf76f7632",9,0.543491
"43cb0929c64206945852047bf76f7632",9.5,0.574441
"43cb0929c64206945852047bf76f7632",10,0.606612
"679787619038813ca6346d70150b9e7d",0,0.474221
"679787619038813ca6346d70150b9e7d",0.5,0.46022
"679787619038813ca6346d70150b9e7d",1,0.449575
"679787619038813ca6346d70150b9e7d",1.5,0.442259
"679787619038813ca6346d70150b9e7d",2,0.438245
"679787619038813ca6346d70150b9e7d",2.5,0.437515
"679787619038813ca6346d70150b9e7d",3,0.440067
"679787619038813ca6346d70150b9e7d",3.5,0.445911
"679787619038813ca6346d70150b9e7d",4,0.455072
"679787619038813ca6346d70150b9e7d",4.5,0.467577
"679787619038813ca6346d70150b9e7d",5,0.483447
"679787619038813ca6346d70150b9e7d",5.5,0.502678
"679787619038813ca6346d70150b9e7d",6,0.525222
"679787619038813ca6346d70150b9e7d",6.5,0.55096
"679787619038813ca6346d70150b9e7d",7,0.579681
"679787619038813ca6346d70150b9e7d",7.5,0.611052
"679787619038813ca6346d70150b9e7d",8,0.644605
"679787619038813ca6346d70150b9e7d",8.5,0.679731
"679787619038813ca6346d70150b9e7d",9,0.715691
"679787619038813ca6346d70150b9e7d",9.5,0.751651
"679787619038813ca6346d70150b9e7d",10,0.786738
"bf281eddc6db1f0ab5fcec2ae2a03adc",0,0.366436
"bf281eddc6db1f0ab5fcec2ae2a03adc",0.5,0.349193
"bf281eddc6db1f0ab5fcec2ae2a03adc",1,0.33542
"bf281eddc6db1f0ab5fcec2ae2a03adc",1.5,0.32496
"bf281eddc6db1f0ab5fcec2ae2a03adc",2,0.317676
"bf281eddc6db1f0ab5fcec2ae2a03adc",2.5,0.313462
"bf281eddc6db1f0ab5fcec2ae2a03adc",3,0.312257
"bf281eddc6db1f0ab5fcec2ae2a03adc",3.5,0.314043
"bf281eddc6db1f0ab5fcec2ae2a03adc",4,0.318845
"bf281eddc6db1f0ab5fcec2ae2a03adc",4.5,0.326737
"bf281eddc6db1f0ab5fcec2ae2a03adc",5,0.337828
"bf281eddc6db1f0ab5fcec2ae2a03adc",5.5,0.35226
"bf281eddc6db1f0ab5fcec2ae2a03adc",6,0.370196
"bf281eddc6db1f0ab5fcec2ae2a03adc",6.5,0.391794
"bf281eddc6db1f0ab5fcec2ae2a03adc",7,0.417186
"bf281eddc6db1f0ab5fcec2ae2a03adc",7.5,0.446444
"bf281eddc6db1f0ab5fcec2ae2a03adc",8,0.479531
"bf281eddc6db1f0ab5fcec2ae2a03adc",8.5,0.516257
"bf281eddc6db1f0ab5fcec2ae2a03adc",9,0.556235
"bf281eddc6db1f0ab5fcec2ae2a03adc",9.5,0.598844
"bf281eddc6db1f0ab5fcec2ae2a03adc",10,0.643221
"021d794240d541d49cd1e2f48ae1abcd",0,0.446307
"021d794240d541d49cd1e2f48ae1abcd",0.5,0.418403
"021d794240d541d49cd1e2f48ae1abcd",1,0.393788
"021d794240d541d49cd1e2f48ae1abcd",1.5,0.372422
"021d794240d541d49cd1e2f48ae1abcd",2,0.354208
"021d794240d541d49cd1e2f48ae1abcd",2.5,0.33902
"021d794240d541d49cd1e2f48ae1abcd",3,0.326724
"021d794240d541d49cd1e2f48ae1abcd",3.5,0.317193
"021d794240d541d49cd1e2f48ae1abcd",4,0.310315
"021d794240d541d49cd1e2f48ae1abcd",4.5,0.306005
"021d794240d541d49cd1e2f48ae1abcd",5,0.304206
"021d794240d541d49cd1e2f48ae1abcd",5.5,0.304895
"021d794240d541d49cd1e2f48ae1abcd",6,0.308081
"021d794240d541d49cd1e2f48ae1abcd",6.5,0.313805
"021d794240d541d49cd1e2f48ae1abcd",7,0.322141
"021d794240d541d49cd1e2f48ae1abcd",7.5,0.333189
"021d794240d541d49cd1e2f48ae1abcd",8,0.347071
"021d794240d541d49cd1e2f48ae1abcd",8.5,0.36392
"021d794240d541d49cd1e2f48ae1abcd",9,0.383867
"021d794240d541d49cd1e2f48ae1abcd",9.5,0.407024
"021d794240d541d49cd1e2f48ae1abcd",10,0.433462
"3280978ebc26b1ccaa2f9e0fa93a2ce9",0,0.463156
"3280978ebc26b1ccaa2f9e0fa93a2ce9",0.5,0.459185
"3280978ebc26b1ccaa2f9e0fa93a2ce9",1,0.455944
"3280978ebc26b1ccaa2f9e0fa93a2ce9",1.5,0.453432
"3280978ebc26b1ccaa2f9e0fa93a2ce9",2,0.451647
"3280978ebc26b1ccaa2f9e0fa93a2ce9",2.5,0.450588
"3280978ebc26b1ccaa2f9e0fa93a2ce9",3,0.450254
"3280978ebc26b1ccaa2f9e0fa93a2ce9",3.5,0.450644
"3280978ebc26b1ccaa2f9e0fa93a2ce9",4,0.451759
"3280978ebc26b1ccaa2f9e0fa93a2ce9",4.5,0.4536
"3280978ebc26b1ccaa2f9e0fa93a2ce9",5,0.456168
"3280978ebc26b1ccaa2f9e0fa93a2ce9",5.5,0.459465
"3280978ebc26b1ccaa2f9e0fa93a2ce9",6,0.463493
"3280978ebc26b1ccaa2f9e0fa93a2ce9",6.5,0.468254
"3280978ebc26b1ccaa2f9e0fa93a2ce9",7,0.473751
"3280978ebc26b1ccaa2f9e0fa93a2ce9",7.5,0.479984
"3280978ebc26b1ccaa2f9e0fa93a2ce9",8,0.486955
"3280978ebc26b1ccaa2f9e0fa93a2ce9",8.5,0.494662
"3280978ebc26b1ccaa2f9e0fa93a2ce9",9,0.503103
"3280978ebc26b1ccaa2f9e0fa93a2ce9",9.5,0.512274
"3280978ebc26b1ccaa2f9e0fa93a2ce9",10,0.522166
"521567dde6d784c05c162157d34786e2",0,0.112066
"521567dde6d784c05c162157d34786e2",0.5,0.1603
"521567dde6d784c05c162157d34786e2",1,0.213537
"521567dde6d784c05c162157d34786e2",1.5,0.266883
"521567dde6d784c05c162157d34786e2",2,0.315651
"521567dde6d784c05c162157d34786e2",2.5,0.356227
"521567dde6d784c05c162157d34786e2",3,0.386276
"521567dde6d784c05c162157d34786e2",3.5,0.404509
"521567dde6d784c05c162157d34786e2",4,0.410341
"521567dde6d784c05c162157d34786e2",4.5,0.403615
"521567dde6d784c05c162157d34786e2",5,0.384513
"521567dde6d784c05c162157d34786e2",5.5,0.353661
"521567dde6d784c05c162157d34786e2",6,0.312408
"521567dde6d784c05c162157d34786e2",6.5,0.263179
"521567dde6d784c05c162157d34786e2",7,0.209676
"521567dde6d784c05c162157d34786e2",7.5,0.156639
"521567dde6d784c05c162157d34786e2",8,0.108928
"521567dde6d784c05c162157d34786e2",8.5,0.0702
"521567dde6d784c05c162157d34786e2",9,0.041889
"521567dde6d784c05c162157d34786e2",9.5,0.023195
"521567dde6d784c05c162157d34786e2",10,0.011964
"8a1efcfc0a9e1d7dfb3ac35aeb2aa229",0,0.532736
"8a1efcfc0a9e1d7dfb3ac35aeb2aa229",0.5,0.506917
"8a1efcfc0a9e1d7dfb3ac35aeb2aa229",1,0.486996
"8a1efcfc0a9e1d7dfb3ac35aeb2aa229",1.5,0.473032
"8a1efcfc0a9e1d7dfb3ac35aeb2aa229",2,0.465012
"8a1efcfc0a9e1d7dfb3ac35aeb2aa229",2.5,0.462911
"8a1efcfc0a9e1d7dfb3ac35aeb2aa229",3,0.466719
"8a1efcfc0a9e1d7dfb3ac35aeb2aa229",3.5,0.476452
"8a1efcfc0a9e1d7dfb3ac35aeb2aa229",4,0.492137
"8a1efcfc0a9e1d7dfb3ac35aeb2aa229",4.5,0.513771
"8a1efcfc0a9e1d7dfb3ac35aeb2aa229",5,0.541264
"8a1efcfc0a9e1d7dfb3ac35aeb2aa229",5.5,0.574351
"8a1efcfc0a9e1d7dfb3ac35aeb2aa229",6,0.612503
"8a1efcfc0a9e1d7dfb3ac35aeb2aa229",6.5,0.654834
"8a1efcfc0a9e1d7dfb3ac35aeb2aa229",7,0.700055
"8a1efcfc0a9e1d7dfb3ac35aeb2aa229",7.5,0.746491
"8a1efcfc0a9e1d7dfb3ac35aeb2aa229",8,0.792203
"8a1efcfc0a9e1d7dfb3ac35aeb2aa229",8.5,0.83522
"8a1efcfc0a9e1d7dfb3ac35aeb2aa229",9,0.873818
"8a1efcfc0a9e1d7dfb3ac35aeb2aa229",9.5,0.906788
"8a1efcfc0a9e1d7dfb3ac35aeb2aa229",10,0.933586
"cb9920cbbcbc19d02460d4fcc02a251a",0,0.548141
"cb9920cbbcbc19d02460d4fcc02a251a",0.5,0.470034
"cb9920cbbcbc19d02460d4fcc02a251a",1,0.399266
"cb9920cbbcbc19d02460d4fcc02a251a",1.5,0.337811
"cb9920cbbcbc19d02460d4fcc02a251a",2,0.28624
"cb9920cbbcbc19d02460d4fcc02a251a",2.5,0.244137
"cb9920cbbcbc19d02460d4fcc02a251a",3,0.210535
"cb9920cbbcbc19d02460d4fcc02a251a",3.5,0.184265
"cb9920cbbcbc19d02460d4fcc02a251a",4,0.164182
"cb9920cbbcbc19d02460d4fcc02a251a",4.5,0.149286
"cb9920cbbcbc19d02460d4fcc02a251a",5,0.138774
"cb9920cbbcbc19d02460d4fcc02a251a",5.5,0.132054
"cb9920cbbcbc19d02460d4fcc02a251a",6,0.128736
"cb9920cbbcbc19d02460d4fcc02a251a",6.5,0.128628
"cb9920cbbcbc19d02460d4fcc02a251a",7,0.131723
"cb9920cbbcbc19d02460d4fcc02a251a",7.5,0.138202
"cb9920cbbcbc19d02460d4fcc02a251a",8,0.14844
"cb9920cbbcbc19d02460d4fcc02a251a",8.5,0.163015
"cb9920cbbcbc19d02460d4fcc02a251a",9,0.182715
"cb9920cbbcbc19d02460d4fcc02a251a",9.5,0.208529
"cb9920cbbcbc19d02460d4fcc02a251a",10,0.241595
"59512dff68b01c30ea701a2eb2898cae",0,0.158451
"59512dff68b01c30ea701a2eb2898cae",0.5,0.214606
"59512dff68b01c30ea701a2eb2898cae",1,0.274412
"59512dff68b01c30ea701a2eb2898cae",1.5,0.333237
"59512dff68b01c30ea701a2eb2898cae",2,0.386976
"59512dff68b01c30ea701a2eb2898cae",2.5,0.432665
"59512dff68b01c30ea701a2eb2898cae",3,0.468549
"59512dff68b01c30ea701a2eb2898cae",3.5,0.493806
"59512dff68b01c30ea701a2eb2898cae",4,0.508164
"59512dff68b01c30ea701a2eb2898cae",4.5,0.511586
"59512dff68b01c30ea701a2eb2898cae",5,0.504074
"59512dff68b01c30ea701a2eb2898cae",5.5,0.485628
"59512dff68b01c30ea701a2eb2898cae",6,0.456343
"59512dff68b01c30ea701a2eb2898cae",6.5,0.416653
"59512dff68b01c30ea701a2eb2898cae",7,0.367687
"59512dff68b01c30ea701a2eb2898cae",7.5,0.31163
"59512dff68b01c30ea701a2eb2898cae",8,0.25191
"59512dff68b01c30ea701a2eb2898cae",8.5,0.192932
"59512dff68b01c30ea701a2eb2898cae",9,0.139256
"59512dff68b01c30ea701a2eb2898cae",9.5,0.094444
"59512dff68b01c30ea701a2eb2898cae",10,0.060163
"1a5c4c690bf50a51d87a34d73ca57c54",0,0.233612
"1a5c4c690bf50a51d87a34d73ca57c54",0.5,0.335328
"1a5c4c690bf50a51d87a34d73ca57c54",1,0.435191
"1a5c4c690bf50a51d87a34d73ca57c54",1.5,0.523344
"1a5c4c690bf50a51d87a34d73ca57c54",2,0.594191
"1a5c4c690bf50a51d87a34d73ca57c54",2.5,0.645993
"1a5c4c690bf50a51d87a34d73ca57c54",3,0.679332
"1a5c4c690bf50a51d87a34d73ca57c54",3.5,0.695498
"1a5c4c690bf50a51d87a34d73ca57c54",4,0.69539
"1a5c4c690bf50a51d87a34d73ca57c54",4.5,0.679
"1a5c4c690bf50a51d87a34d73ca57c54",5,0.64542
"1a5c4c690bf50a51d87a34d73ca57c54",5.5,0.593362
"1a5c4c690bf50a51d87a34d73ca57c54",6,0.522263
"1a5c4c690bf50a51d87a34d73ca57c54",6.5,0.433905
"1a5c4c690bf50a51d87a34d73ca57c54",7,0.333944
"1a5c4c690bf50a51d87a34d73ca57c54",7.5,0.232285
"1a5c4c690bf50a51d87a34d73ca57c54",8,0.141537
"1a5c4c690bf50a51d87a34d73ca57c54",8.5,0.073145
"1a5c4c690bf50a51d87a34d73ca57c54",9,0.031481
"1a5c4c690bf50a51d87a34d73ca57c54",9.5,0.011397
"1a5c4c690bf50a51d87a34d73ca57c54",10,0.003574
"8df30188c9b5743645cb5f1d902bfa89",0,0.580836
"8df30188c9b5743645cb5f1d902bfa89",0.5,0.479507
"8df30188c9b5743645cb5f1d902bfa89",1,0.392586
"8df30188c9b5743645cb5f1d902bfa89",1.5,0.323402
"8df30188c9b5743645cb5f1d902bfa89",2,0.271905
"8df30188c9b5743645cb5f1d902bfa89",2.5,0.236311
"8df30188c9b5743645cb5f1d902bfa89",3,0.214464
"8df30188c9b5743645cb5f1d902bfa89",3.5,0.204655
"8df30188c9b5743645cb5f1d902bfa89",4,0.206021
"8df30188c9b5743645cb5f1d902bfa89",4.5,0.218687
"8df30188c9b5743645cb5f1d902bfa89",5,0.243745
"8df30188c9b5743645cb5f1d902bfa89",5.5,0.283063
"8df30188c9b5743645cb5f1d902bfa89",6,0.338803
"8df30188c9b5743645cb5f1d902bfa89",6.5,0.412467
"8df30188c9b5743645cb5f1d902bfa89",7,0.50342
"8df30188c9b5743645cb5f1d902bfa89",7.5,0.607286
"8df30188c9b5743645cb5f1d902bfa89",8,0.715209
"8df30188c9b5743645cb5f1d902bfa89",8.5,0.815103
"8df30188c9b5743645cb5f1d902bfa89",9,0.895211
"8df30188c9b5743645cb5f1d902bfa89",9.5,0.949035
"8df30188c9b5743645cb5f1d902bfa89",10,0.978833
"5a7b2c8f60952c48090821944ed1c883",0,0.70756
"5a7b2c8f60952c48090821944ed1c883",0.5,0.678721
"5a7b2c8f60952c48090821944ed1c883",1,0.65267
"5a7b2c8f60952c48090821944ed1c883",1.5,0.62999
"5a7b2c8f60952c48090821944ed1c883",2,0.611107
"5a7b2c8f60952c48090821944ed1c883",2.5,0.596315
"5a7b2c8f60952c48090821944ed1c883",3,0.585805
"5a7b2c8f60952c48090821944ed1c883",3.5,0.579687
"5a7b2c8f60952c48090821944ed1c883",4,0.578019
"5a7b2c8f60952c48090821944ed1c883",4.5,0.580814
"5a7b2c8f60952c48090821944ed1c883",5,0.588048
"5a7b2c8f60952c48090821944ed1c883",5.5,0.599653
"5a7b2c8f60952c48090821944ed1c883",6,0.615499
"5a7b2c8f60952c48090821944ed1c883",6.5,0.635373
"5a7b2c8f60952c48090821944ed1c883",7,0.658951
"5a7b2c8f60952c48090821944ed1c883",7.5,0.685768
"5a7b2c8f60952c48090821944ed1c883",8,0.715199
"5a7b2c8f60952c48090821944ed1c883",8.5,0.74646
"5a7b2c8f60952c48090821944ed1c883",9,0.778625
"5a7b2c8f60952c48090821944ed1c883",9.5,0.810682
"5a7b2c8f60952c48090821944ed1c883",10,0.841613
"97b487951add6437f06cbc26f4609a7e",0,0.058444
"97b487951add6437f06cbc26f4609a7e",0.5,0.058959
"97b487951add6437f06cbc26f4609a7e",1,0.060133
"97b487951add6437f06cbc26f4609a7e",1.5,0.062001
"97b487951add6437f06cbc26f4609a7e",2,0.064622
"97b487951add6437f06cbc26f4609a7e",2.5,0.068075
"97b487951add6437f06cbc26f4609a7e",3,0.072469
"97b487951add6437f06cbc26f4609a7e",3.5,0.077943
"97b487951add6437f06cbc26f4609a7e",4,0.084673
"97b487951add6437f06cbc26f4609a7e",4.5,0.092874
"97b487951add6437f06cbc26f4609a7e",5,0.10281
"97b487951add6437f06cbc26f4609a7e",5.5,0.114796
"97b487951add6437f06cbc26f4609a7e",6,0.129202
"97b487951add6437f06cbc26f4609a7e",6.5,0.146458
"97b487951add6437f06cbc26f4609a7e",7,0.167039
"97b487951add6437f06cbc26f4609a7e",7.5,0.191458
"97b487951add6437f06cbc26f4609a7e",8,0.22023
"97b487951add6437f06cbc26f4609a7e",8.5,0.253824
"97b487951add6437f06cbc26f4609a7e",9,0.292596
"97b487951add6437f06cbc26f4609a7e",9.5,0.336696
"97b487951add6437f06cbc26f4609a7e",10,0.385981
"47def0952e6ec6a7857cd19bdcf3d509",0,0.337276
"47def0952e6ec6a7857cd19bdcf3d509",0.5,0.273415
"47def0952e6ec6a7857cd19bdcf3d509",1,0.226009
"47def0952e6ec6a7857cd19bdcf3d509",1.5,0.192892
"47def0952e6ec6a7857cd19bdcf3d509",2,0.171611
"47def0952e6ec6a7857cd19bdcf3d509",2.5,0.160189
"47def0952e6ec6a7857cd19bdcf3d509",3,0.157441
"47def0952e6ec6a7857cd19bdcf3d509",3.5,0.163071
"47def0952e6ec6a7857cd19bdcf3d509",4,0.177683
"47def0952e6ec6a7857cd19bdcf3d509",4.5,0.202748
"47def0952e6ec6a7857cd19bdcf3d509",5,0.24046
"47def0952e6ec6a7857cd19bdcf3d509",5.5,0.293287
"47def0952e6ec6a7857cd19bdcf3d509",6,0.363028
"47def0952e6ec6a7857cd19bdcf3d509",6.5,0.449436
"47def0952e6ec6a7857cd19bdcf3d509",7,0.549081
"47def0952e6ec6a7857cd19bdcf3d509",7.5,0.655563
"47def0952e6ec6a7857cd19bdcf3d509",8,0.760688
"47def0952e6ec6a7857cd19bdcf3d509",8.5,0.854088
"47def0952e6ec6a7857cd19bdcf3d509",9,0.924215
"47def0952e6ec6a7857cd19bdcf3d509",9.5,0.96645
"47def0952e6ec6a7857cd19bdcf3d509",10,0.986998
"6825c0116d4b4b8464cf4e648e3b5b1d",0,0.040327
"6825c0116d4b4b8464cf4e648e3b5b1d",0.5,0.04729
"6825c0116d4b4b8464cf4e648e3b5b1d",1,0.054584
"6825c0116d4b4b8464cf4e648e3b5b1d",1.5,0.062027
"6825c0116d4b4b8464cf4e648e3b5b1d",2,0.069408
"6825c0116d4b4b8464cf4e648e3b5b1d",2.5,0.0765
"6825c0116d4b4b8464cf4e648e3b5b1d",3,0.083072
"6825c0116d4b4b8464cf4e648e3b5b1d",3.5,0.088902
"6825c0116d4b4b8464cf4e648e3b5b1d",4,0.093785
"6825c0116d4b4b8464cf4e648e3b5b1d",4.5,0.097547
"6825c0116d4b4b8464cf4e648e3b5b1d",5,0.100054
"6825c0116d4b4b8464cf4e648e3b5b1d",5.5,0.101215
"6825c0116d4b4b8464cf4e648e3b5b1d",6,0.100987
"6825c0116d4b4b8464cf4e648e3b5b1d",6.5,0.099379
"6825c0116d4b4b8464cf4e648e3b5b1d",7,0.096449
"6825c0116d4b4b8464cf4e648e3b5b1d",7.5,0.092302
"6825c0116d4b4b8464cf4e648e3b5b1d",8,0.087089
"6825c0116d4b4b8464cf4e648e3b5b1d",8.5,0.080993
"6825c0116d4b4b8464cf4e648e3b5b1d",9,0.074226
"6825c0116d4b4b8464cf4e648e3b5b1d",9.5,0.067014
"6825c0116d4b4b8464cf4e648e3b5b1d",10,0.059588
"2c25e0887db42a1326da9a176ff639df",0,0.87635
"2c25e0887db42a1326da9a176ff639df",0.5,0.861543
"2c25e0887db42a1326da9a176ff639df",1,0.84772
"2c25e0887db42a1326da9a176ff639df",1.5,0.835378
"2c25e0887db42a1326da9a176ff639df",2,0.824963
"2c25e0887db42a1326da9a176ff639df",2.5,0.816845
"2c25e0887db42a1326da9a176ff639df",3,0.811307
"2c25e0887db42a1326da9a176ff639df",3.5,0.808541
"2c25e0887db42a1326da9a176ff639df",4,0.80864
"2c25e0887db42a1326da9a176ff639df",4.5,0.811602
"2c25e0887db42a1326da9a176ff639df",5,0.817324
"2c25e0887db42a1326da9a176ff639df",5.5,0.825611
"2c25e0887db42a1326da9a176ff639df",6,0.836172
"2c25e0887db42a1326da9a176ff639df",6.5,0.848631
"2c25e0887db42a1326da9a176ff639df",7,0.862539
"2c25e0887db42a1326da9a176ff639df",7.5,0.877394
"2c25e0887db42a1326da9a176ff639df",8,0.892666
"2c25e0887db42a1326da9a176ff639df",8.5,0.907834
"2c25e0887db42a1326da9a176ff639df",9,0.922414
"2c25e0887db42a1326da9a176ff639df",9.5,0.936001
"2c25e0887db42a1326da9a176ff639df",10,0.948285
"353c3a68d04d27cf753f4d2f7820ac24",0,0.799015
"353c3a68d04d27cf753f4d2f7820ac24",0.5,0.83636
"353c3a68d04d27cf753f4d2f7820ac24",1,0.865803
"353c3a68d04d27cf753f4d2f7820ac24",1.5,0.888745
"353c3a68d04d27cf753f4d2f7820ac24",2,0.906471
"353c3a68d04d27cf753f4d2f7820ac24",2.5,0.92008
"353c3a68d04d27cf753f4d2f7820ac24",3,0.930457
"353c3a68d04d27cf753f4d2f7820ac24",3.5,0.938291
"353c3a68d04d27cf753f4d2f7820ac24",4,0.944103
"353c3a68d04d27cf753f4d2f7820ac24",4.5,0.948275
"353c3a68d04d27cf753f4d2f7820ac24",5,0.951078
"353c3a68d04d27cf753f4d2f7820ac24",5.5,0.952689
"353c3a68d04d27cf753f4d2f7820ac24",6,0.95321
"353c3a68d04d27cf753f4d2f7820ac24",6.5,0.952674
"353c3a68d04d27cf753f4d2f7820ac24",7,0.951047
"353c3a68d04d27cf753f4d2f7820ac24",7.5,0.948227
"353c3a68d04d27cf753f4d2f7820ac24",8,0.944034
"353c3a68d04d27cf753f4d2f7820ac24",8.5,0.938197
"353c3a68d04d27cf753f4d2f7820ac24",9,0.930332
"353c3a68d04d27cf753f4d2f7820ac24",9.5,0.919915
"353c3a68d04d27cf753f4d2f7820ac24",10,0.906255
"c4c23479a122e43e8f4e924d622b1843",0,0.218747
"c4c23479a122e43e8f4e924d622b1843",0.5,0.22718
"c4c23479a122e43e8f4e924d622b1843",1,0.235956
"c4c23479a122e43e8f4e924d622b1843",1.5,0.245083
"c4c23479a122e43e8f4e924d622b1843",2,0.254568
"c4c23479a122e43e8f4e924d622b1843",2.5,0.264415
"c4c23479a122e43e8f4e924d622b1843",3,0.274632
"c4c23479a122e43e8f4e924d622b1843",3.5,0.285221
"c4c23479a122e43e8f4e924d622b1843",4,0.296185
"c4c23479a122e43e8f4e924d622b1843",4.5,0.307527
"c4c23479a122e43e8f4e924d622b1843",5,0.319245
"c4c23479a122e43e8f4e924d622b1843",5.5,0.331339
"c4c23479a122e43e8f4e924d622b1843",6,0.343804
"c4c23479a122e43e8f4e924d622b1843",6.5,0.356636
"c4c23479a122e43e8f4e924d622b1843",7,0.369827
"c4c23479a122e43e8f4e924d622b1843",7.5,0.383368
"c4c23479a122e43e8f4e924d622b1843",8,0.397246
"c4c23479a122e43e8f4e924d622b1843",8.5,0.411448
"c4c23479a122e43e8f4e924d622b1843",9,0.425958
"c4c23479a122e43e8f4e924d622b1843",9.5,0.440756
"c4c23479a122e43e8f4e924d622b1843",10,0.455822
"25f19e50ee29351324c839e40525a96b",0,0.188183
"25f19e50ee29351324c839e40525a96b",0.5,0.217116
"25f19e50ee29351324c839e40525a96b",1,0.245489
"25f19e50ee29351324c839e40525a96b",1.5,0.272381
"25f19e50ee29351324c839e40525a96b",2,0.296971
"25f19e50ee29351324c839e40525a96b",2.5,0.318574
"25f19e50ee29351324c839e40525a96b",3,0.336652
"25f19e50ee29351324c839e40525a96b",3.5,0.350811
"25f19e50ee29351324c839e40525a96b",4,0.360774
"25f19e50ee29351324c839e40525a96b",4.5,0.36637
"25f19e50ee29351324c839e40525a96b",5,0.367509
"25f19e50ee29351324c839e40525a96b",5.5,0.364173
"25f19e50ee29351324c839e40525a96b",6,0.356415
"25f19e50ee29351324c839e40525a96b",6.5,0.344363
"25f19e50ee29351324c839e40525a96b",7,0.328237
"25f19e50ee29351324c839e40525a96b",7.5,0.308368
"25f19e50ee29351324c839e40525a96b",8,0.285222
"25f19e50ee29351324c839e40525a96b",8.5,0.259406
"25f19e50ee29351324c839e40525a96b",9,0.231676
"25f19e50ee29351324c839e40525a96b",9.5,0.202908
"25f19e50ee29351324c839e40525a96b",10,0.174053
"54b2db02d2f8eaebeaf2ffabfac36fcd",0,0.540398
"54b2db02d2f8eaebeaf2ffabfac36fcd",0.5,0.49664
"54b2db02d2f8eaebeaf2ffabfac36fcd",1,0.459994
"54b2db02d2f8eaebeaf2ffabfac36fcd",1.5,0.430741
"54b2db02d2f8eaebeaf2ffabfac36fcd",2,0.408846
"54b2db02d2f8eaebeaf2ffabfac36fcd",2.5,0.394128
"54b2db02d2f8eaebeaf2ffabfac36fcd",3,0.386392
"54b2db02d2f8eaebeaf2ffabfac36fcd",3.5,0.385512
"54b2db02d2f8eaebeaf2ffabfac36fcd",4,0.391474
"54b2db02d2f8eaebeaf2ffabfac36fcd",4.5,0.404376
"54b2db02d2f8eaebeaf2ffabfac36fcd",5,0.424403
"54b2db02d2f8eaebeaf2ffabfac36fcd",5.5,0.451748
"54b2db02d2f8eaebeaf2ffabfac36fcd",6,0.4865
"54b2db02d2f8eaebeaf2ffabfac36fcd",6.5,0.528478
"54b2db02d2f8eaebeaf2ffabfac36fcd",7,0.577038
"54b2db02d2f8eaebeaf2ffabfac36fcd",7.5,0.63089
"54b2db02d2f8eaebeaf2ffabfac36fcd",8,0.688006
"54b2db02d2f8eaebeaf2ffabfac36fcd",8.5,0.745691
"54b2db02d2f8eaebeaf2ffabfac36fcd",9,0.800902
"54b2db02d2f8eaebeaf2ffabfac36fcd",9.5,0.850749
"54b2db02d2f8eaebeaf2ffabfac36fcd",10,0.893067
"5feddf4858eca0a19fb5872a83288aa5",0,0.301936
"5feddf4858eca0a19fb5872a83288aa5",0.5,0.319045
"5feddf4858eca0a19fb5872a83288aa5",1,0.333917
"5feddf4858eca0a19fb5872a83288aa5",1.5,0.346342
"5feddf4858eca0a19fb5872a83288aa5",2,0.356161
"5feddf4858eca0a19fb5872a83288aa5",2.5,0.363262
"5feddf4858eca0a19fb5872a83288aa5",3,0.367568
"5feddf4858eca0a19fb5872a83288aa5",3.5,0.369037
"5feddf4858eca0a19fb5872a83288aa5",4,0.367654
"5feddf4858eca0a19fb5872a83288aa5",4.5,0.363433
"5feddf4858eca0a19fb5872a83288aa5",5,0.356417
"5feddf4858eca0a19fb5872a83288aa5",5.5,0.346678
"5feddf4858eca0a19fb5872a83288aa5",6,0.33433
"5feddf4858eca0a19fb5872a83288aa5",6.5,0.31953
"5feddf4858eca0a19fb5872a83288aa5",7,0.302485
"5feddf4858eca0a19fb5872a83288aa5",7.5,0.283462
"5feddf4858eca0a19fb5872a83288aa5",8,0.262786
"5feddf4858eca0a19fb5872a83288aa5",8.5,0.240841
"5feddf4858eca0a19fb5872a83288aa5",9,0.218065
"5feddf4858eca0a19fb5872a83288aa5",9.5,0.194931
"5feddf4858eca0a19fb5872a83288aa5",10,0.171929
"aa3f87b0785a6f9d1719241f05f0f6f8",0,0.228397
"aa3f87b0785a6f9d1719241f05f0f6f8",0.5,0.26126
"aa3f87b0785a6f9d1719241f05f0f6f8",1,0.292619
"aa3f87b0785a6f9d1719241f05f0f6f8",1.5,0.32146
"aa3f87b0785a6f9d1719241f05f0f6f8",2,0.346951
"aa3f87b0785a6f9d1719241f05f0f6f8",2.5,0.368464
"aa3f87b0785a6f9d1719241f05f0f6f8",3,0.385549
"aa3f87b0785a6f9d1719241f05f0f6f8",3.5,0.397909
"aa3f87b0785a6f9d1719241f05f0f6f8",4,0.405365
"aa3f87b0785a6f9d1719241f05f0f6f8",4.5,0.407821
"aa3f87b0785a6f9d1719241f05f0f6f8",5,0.405249
"aa3f87b0785a6f9d1719241f05f0f6f8",5.5,0.397679
"aa3f87b0785a6f9d1719241f05f0f6f8",6,0.385207
"aa3f87b0785a6f9d1719241f05f0f6f8",6.5,0.368016
"aa3f87b0785a6f9d1719241f05f0f6f8",7,0.346405
"aa3f87b0785a6f9d1719241f05f0f6f8",7.5,0.320828
"aa3f87b0785a6f9d1719241f05f0f6f8",8,0.29192
"aa3f87b0785a6f9d1719241f05f0f6f8",8.5,0.260513
"aa3f87b0785a6f9d1719241f05f0f6f8",9,0.227629
"aa3f87b0785a6f9d1719241f05f0f6f8",9.5,0.194418
"aa3f87b0785a6f9d1719241f05f0f6f8",10,0.162076
"cd0f803a7ce00be28ceb482bd6b7100f",0,0.313475
"cd0f803a7ce00be28ceb482bd6b7100f",0.5,0.31462
"cd0f803a7ce00be28ceb482bd6b7100f",1,0.318522
"cd0f803a7ce00be28ceb482bd6b7100f",1.5,0.325229
"cd0f803a7ce00be28ceb482bd6b7100f",2,0.334819
"cd0f803a7ce00be28ceb482bd6b7100f",2.5,0.347397
"cd0f803a7ce00be28ceb482bd6b7100f",3,0.363081
"cd0f803a7ce00be28ceb482bd6b7100f",3.5,0.381993
"cd0f803a7ce00be28ceb482bd6b7100f",4,0.404239
"cd0f803a7ce00be28ceb482bd6b7100f",4.5,0.429886
"cd0f803a7ce00be28ceb482bd6b7100f",5,0.458936
"cd0f803a7ce00be28ceb482bd6b7100f",5.5,0.491297
"cd0f803a7ce00be28ceb482bd6b7100f",6,0.526751
"cd0f803a7ce00be28ceb482bd6b7100f",6.5,0.564928
"cd0f803a7ce00be28ceb482bd6b7100f",7,0.605291
"cd0f803a7ce00be28ceb482bd6b7100f",7.5,0.647132
"cd0f803a7ce00be28ceb482bd6b7100f",8,0.689593
"cd0f803a7ce00be28ceb482bd6b7100f",8.5,0.731705
"cd0f803a7ce00be28ceb482bd6b7100f",9,0.772451
"cd0f803a7ce00be28ceb482bd6b7100f",9.5,0.810845
"cd0f803a7ce00be28ceb482bd6b7100f",10,0.846022
"e3f6a550c10f4b20f090ec7e847bb8b1",0,0.274326
"e3f6a550c10f4b20f090ec7e847bb8b1",0.5,0.277989
"e3f6a550c10f4b20f090ec7e847bb8b1",1,0.282593
"e3f6a550c10f4b20f090ec7e847bb8b1",1.5,0.288163
"e3f6a550c10f4b20f090ec7e847bb8b1",2,0.294732
"e3f6a550c10f4b20f090ec7e847bb8b1",2.5,0.302334
"e3f6a550c10f4b20f090ec7e847bb8b1",3,0.311007
"e3f6a550c10f4b20f090ec7e847bb8b1",3.5,0.320792
"e3f6a550c10f4b20f090ec7e847bb8b1",4,0.331731
"e3f6a550c10f4b20f090ec7e847bb8b1",4.5,0.343866
"e3f6a550c10f4b20f090ec7e847bb8b1",5,0.357236
"e3f6a550c10f4b20f090ec7e847bb8b1",5.5,0.371879
"e3f6a550c10f4b20f090ec7e847bb8b1",6,0.387825
"e3f6a550c10f4b20f090ec7e847bb8b1",6.5,0.405092
"e3f6a550c10f4b20f090ec7e847bb8b1",7,0.423691
"e3f6a550c10f4b20f090ec7e847bb8b1",7.5,0.443614
"e3f6a550c10f4b20f090ec7e847bb8b1",8,0.464834
"e3f6a550c10f4b20f090ec7e847bb8b1",8.5,0.487302
"e3f6a550c10f4b20f090ec7e847bb8b1",9,0.510942
"e3f6a550c10f4b20f090ec7e847bb8b1",9.5,0.535649
"e3f6a550c10f4b20f090ec7e847bb8b1",10,0.561291
"4733260f5d46f17b0101b77982ada91f",0,0.285553
"4733260f5d46f17b0101b77982ada91f",0.5,0.284716
"4733260f5d46f17b0101b77982ada91f",1,0.284902
"4733260f5d46f17b0101b77982ada91f",1.5,0.286113
"4733260f5d46f17b0101b77982ada91f",2,0.288355
"4733260f5d46f17b0101b77982ada91f",2.5,0.291644
"4733260f5d46f17b0101b77982ada91f",3,0.295999
"4733260f5d46f17b0101b77982ada91f",3.5,0.301447
"4733260f5d46f17b0101b77982ada91f",4,0.30802
"4733260f5d46f17b0101b77982ada91f",4.5,0.315754
"4733260f5d46f17b0101b77982ada91f",5,0.324689
"4733260f5d46f17b0101b77982ada91f",5.5,0.334869
"4733260f5d46f17b0101b77982ada91f",6,0.346338
"4733260f5d46f17b0101b77982ada91f",6.5,0.35914
"4733260f5d46f17b0101b77982ada91f",7,0.373317
"4733260f5d46f17b0101b77982ada91f",7.5,0.388902
"4733260f5d46f17b0101b77982ada91f",8,0.405925
"4733260f5d46f17b0101b77982ada91f",8.5,0.424397
"4733260f5d46f17b0101b77982ada91f",9,0.444319
"4733260f5d46f17b0101b77982ada91f",9.5,0.465666
"4733260f5d46f17b0101b77982ada91f",10,0.48839
"96c3eb26349cfdc2385eb5cdaeb67a02",0,0.527223
"96c3eb26349cfdc2385eb5cdaeb67a02",0.5,0.530245
"96c3eb26349cfdc2385eb5cdaeb67a02",1,0.532919
"96c3eb26349cfdc2385eb5cdaeb67a02",1.5,0.535247
"96c3eb26349cfdc2385eb5cdaeb67a02",2,0.537228
"96c3eb26349cfdc2385eb5cdaeb67a02",2.5,0.538864
"96c3eb26349cfdc2385eb5cdaeb67a02",3,0.540155
"96c3eb26349cfdc2385eb5cdaeb67a02",3.5,0.541101
"96c3eb26349cfdc2385eb5cdaeb67a02",4,0.541703
"96c3eb26349cfdc2385eb5cdaeb67a02",4.5,0.54196
"96c3eb26349cfdc2385eb5cdaeb67a02",5,0.541873
"96c3eb26349cfdc2385eb5cdaeb67a02",5.5,0.541442
"96c3eb26349cfdc2385eb5cdaeb67a02",6,0.540667
"96c3eb26349cfdc2385eb5cdaeb67a02",6.5,0.539547
"96c3eb26349cfdc2385eb5cdaeb67a02",7,0.538082
"96c3eb26349cfdc2385eb5cdaeb67a02",7.5,0.536272
"96c3eb26349cfdc2385eb5cdaeb67a02",8,0.534116
"96c3eb26349cfdc2385eb5cdaeb67a02",8.5,0.531613
"96c3eb26349cfdc2385eb5cdaeb67a02",9,0.528763
"96c3eb26349cfdc2385eb5cdaeb67a02",9.5,0.525566
"96c3eb26349cfdc2385eb5cdaeb67a02",10,0.522022
"c63f9f848314a9484aab580c977ee739",0,0.334834
"c63f9f848314a9484aab580c977ee739",0.5,0.317364
"c63f9f848314a9484aab580c977ee739",1,0.303442
"c63f9f848314a9484aab580c977ee739",1.5,0.292858
"c63f9f848314a9484aab580c977ee739",2,0.285436
"c63f9f848314a9484aab580c977ee739",2.5,0.281046
"c63f9f848314a9484aab580c977ee739",3,0.279606
"c63f9f848314a9484aab580c977ee739",3.5,0.281088
"c63f9f848314a9484aab580c977ee739",4,0.285521
"c63f9f848314a9484aab580c977ee739",4.5,0.292986
"c63f9f848314a9484aab580c977ee739",5,0.303617
"c63f9f848314a9484aab580c977ee739",5.5,0.317588
"c63f9f848314a9484aab580c977ee739",6,0.33511
"c63f9f848314a9484aab580c977ee739",6.5,0.356406
"c63f9f848314a9484aab580c977ee739",7,0.381688
"c63f9f848314a9484aab580c977ee739",7.5,0.411117
"c63f9f848314a9484aab580c977ee739",8,0.444757
"c63f9f848314a9484aab580c977ee739",8.5,0.482516
"c63f9f848314a9484aab580c977ee739",9,0.524084
"c63f9f848314a9484aab580c977ee739",9.5,0.568879
"c63f9f848314a9484aab580c977ee739",10,0.616018
"d662c52335ad4c796b577dd8be60f446",0,0.314981
"d662c52335ad4c796b577dd8be60f446",0.5,0.31613
"d662c52335ad4c796b577dd8be60f446",1,0.317879
"d662c52335ad4c796b577dd8be60f446",1.5,0.320234
"d662c52335ad4c796b577dd8be60f446",2,0.323201
"d662c52335ad4c796b577dd8be60f446",2.5,0.326788
"d662c52335ad4c796b577dd8be60f446",3,0.331006
"d662c52335ad4c796b577dd8be60f446",3.5,0.335866
"d662c52335ad4c796b577dd8be60f446",4,0.34138
"d662c52335ad4c796b577dd8be60f446",4.5,0.347562
"d662c52335ad4c796b577dd8be60f446",5,0.354426
"d662c52335ad4c796b577dd8be60f446",5.5,0.361987
"d662c52335ad4c796b577dd8be60f446",6,0.370258
"d662c52335ad4c796b577dd8be60f446",6.5,0.379254
"d662c52335ad4c796b577dd8be60f446",7,0.388987
"d662c52335ad4c796b577dd8be60f446",7.5,0.39947
"d662c52335ad4c796b577dd8be60f446",8,0.410711
"d662c52335ad4c796b577dd8be60f446",8.5,0.422717
"d662c52335ad4c796b577dd8be60f446",9,0.435492
"d662c52335ad4c796b577dd8be60f446",9.5,0.449033
"d662c52335ad4c796b577dd8be60f446",10,0.463333
"72786859fb5ee03cd81312cf0bb813e2",0,0.488828
"72786859fb5ee03cd81312cf0bb813e2",0.5,0.4886
"72786859fb5ee03cd81312cf0bb813e2",1,0.490167
"72786859fb5ee03cd81312cf0bb813e2",1.5,0.493532
"72786859fb5ee03cd81312cf0bb813e2",2,0.498693
"72786859fb5ee03cd81312cf0bb813e2",2.5,0.505652
"72786859fb5ee03cd81312cf0bb813e2",3,0.514404
"72786859fb5ee03cd81312cf0bb813e2",3.5,0.52494
"72786859fb5ee03cd81312cf0bb813e2",4,0.537241
"72786859fb5ee03cd81312cf0bb813e2",4.5,0.551278
"72786859fb5ee03cd81312cf0bb813e2",5,0.567001
"72786859fb5ee03cd81312cf0bb813e2",5.5,0.584341
"72786859fb5ee03cd81312cf0bb813e2",6,0.603203
"72786859fb5ee03cd81312cf0bb813e2",6.5,0.62346
"72786859fb5ee03cd81312cf0bb813e2",7,0.644955
"72786859fb5ee03cd81312cf0bb813e2",7.5,0.667494
"72786859fb5ee03cd81312cf0bb813e2",8,0.690849
"72786859fb5ee03cd81312cf0bb813e2",8.5,0.714761
"72786859fb5ee03cd81312cf0bb813e2",9,0.738945
"72786859fb5ee03cd81312cf0bb813e2",9.5,0.763096
"72786859fb5ee03cd81312cf0bb813e2",10,0.786906
"9bc49c544c9377f4a4136d0ef7a15d5c",0,0.128631
"9bc49c544c9377f4a4136d0ef7a15d5c",0.5,0.196043
"9bc49c544c9377f4a4136d0ef7a15d5c",1,0.272409
"9bc49c544c9377f4a4136d0ef7a15d5c",1.5,0.349516
"9bc49c544c9377f4a4136d0ef7a15d5c",2,0.420003
"9bc49c544c9377f4a4136d0ef7a15d5c",2.5,0.478983
"9bc49c544c9377f4a4136d0ef7a15d5c",3,0.524095
"9bc49c544c9377f4a4136d0ef7a15d5c",3.5,0.554693
"9bc49c544c9377f4a4136d0ef7a15d5c",4,0.57093
"9bc49c544c9377f4a4136d0ef7a15d5c",4.5,0.57308
"9bc49c544c9377f4a4136d0ef7a15d5c",5,0.561189
"9bc49c544c9377f4a4136d0ef7a15d5c",5.5,0.535031
"9bc49c544c9377f4a4136d0ef7a15d5c",6,0.494359
"9bc49c544c9377f4a4136d0ef7a15d5c",6.5,0.439482
"9bc49c544c9377f4a4136d0ef7a15d5c",7,0.372135
"9bc49c544c9377f4a4136d0ef7a15d5c",7.5,0.296375
"9bc49c544c9377f4a4136d0ef7a15d5c",8,0.218898
"9bc49c544c9377f4a4136d0ef7a15d5c",8.5,0.147926
"9bc49c544c9377f4a4136d0ef7a15d5c",9,0.090569
"9bc49c544c9377f4a4136d0ef7a15d5c",9.5,0.050058
"9bc49c544c9377f4a4136d0ef7a15d5c",10,0.025053
"2205bfaa12ababcc2abb1d3b52f6645f",0,0.386682
"2205bfaa12ababcc2abb1d3b52f6645f",0.5,0.41913
"2205bfaa12ababcc2abb1d3b52f6645f",1,0.443085
"2205bfaa12ababcc2abb1d3b52f6645f",1.5,0.457818
"2205bfaa12ababcc2abb1d3b52f6645f",2,0.462906
"2205bfaa12ababcc2abb1d3b52f6645f",2.5,0.458208
"2205bfaa12ababcc2abb1d3b52f6645f",3,0.443853
"2205bfaa12ababcc2abb1d3b52f6645f",3.5,0.420255
"2205bfaa12ababcc2abb1d3b52f6645f",4,0.388129
"2205bfaa12ababcc2abb1d3b52f6645f",4.5,0.348477
"2205bfaa12ababcc2abb1d3b52f6645f",5,0.302524
"2205bfaa12ababcc2abb1d3b52f6645f",5.5,0.25173
"2205bfaa12ababcc2abb1d3b52f6645f",6,0.198109
"2205bfaa12ababcc2abb1d3b52f6645f",6.5,0.144859
"2205bfaa12ababcc2abb1d3b52f6645f",7,0.096546
"2205bfaa12ababcc2abb1d3b52f6645f",7.5,0.057779
"2205bfaa12ababcc2abb1d3b52f6645f",8,0.030876
"2205bfaa12ababcc2abb1d3b52f6645f",8.5,0.014807
"2205bfaa12ababcc2abb1d3b52f6645f",9,0.006451
"2205bfaa12ababcc2abb1d3b52f6645f",9.5,0.002587
"2205bfaa12ababcc2abb1d3b52f6645f",10,0.000963
"0550965e9ccdcd96dc30195526b22726",0,0.570733
"0550965e9ccdcd96dc30195526b22726",0.5,0.531736
"0550965e9ccdcd96dc30195526b22726",1,0.498267
"0550965e9ccdcd96dc30195526b22726",1.5,0.470754
"0550965e9ccdcd96dc30195526b22726",2,0.449382
"0550965e9ccdcd96dc30195526b22726",2.5,0.434183
"0550965e9ccdcd96dc30195526b22726",3,0.42512
"0550965e9ccdcd96dc30195526b22726",3.5,0.422147
"0550965e9ccdcd96dc30195526b22726",4,0.425245
"0550965e9ccdcd96dc30195526b22726",4.5,0.434433
"0550965e9ccdcd96dc30195526b22726",5,0.449759
"0550965e9ccdcd96dc30195526b22726",5.5,0.471258
"0550965e9ccdcd96dc30195526b22726",6,0.498896
"0550965e9ccdcd96dc30195526b22726",6.5,0.532484
"0550965e9ccdcd96dc30195526b22726",7,0.571588
"0550965e9ccdcd96dc30195526b22726",7.5,0.615437
"0550965e9ccdcd96dc30195526b22726",8,0.662864
"0550965e9ccdcd96dc30195526b22726",8.5,0.712282
"0550965e9ccdcd96dc30195526b22726",9,0.761752
"0550965e9ccdcd96dc30195526b22726",9.5,0.809136
"0550965e9ccdcd96dc30195526b22726",10,0.852359
"42125966ddd426226b1e67a8143434e3",0,0.026118
"42125966ddd426226b1e67a8143434e3",0.5,0.039661
"42125966ddd426226b1e67a8143434e3",1,0.057555
"42125966ddd426226b1e67a8143434e3",1.5,0.0798
"42125966ddd426226b1e67a8143434e3",2,0.105782
"42125966ddd426226b1e67a8143434e3",2.5,0.13428
"42125966ddd426226b1e67a8143434e3",3,0.163623
"42125966ddd426226b1e67a8143434e3",3.5,0.191943
"42125966ddd426226b1e67a8143434e3",4,0.217428
"42125966ddd426226b1e67a8143434e3",4.5,0.238519
"42125966ddd426226b1e67a8143434e3",5,0.254006
"42125966ddd426226b1e67a8143434e3",5.5,0.263061
"42125966ddd426226b1e67a8143434e3",6,0.265228
"42125966ddd426226b1e67a8143434e3",6.5,0.260401
"42125966ddd426226b1e67a8143434e3",7,0.248817
"42125966ddd426226b1e67a8143434e3",7.5,0.231073
"42125966ddd426226b1e67a8143434e3",8,0.208142
"42125966ddd426226b1e67a8143434e3",8.5,0.181373
"42125966ddd426226b1e67a8143434e3",9,0.152441
"42125966ddd426226b1e67a8143434e3",9.5,0.123205
"42125966ddd426226b1e67a8143434e3",10,0.09549
"631e1d59bdbc08c1e50aa80ad137e5b6",0,0.376026
"631e1d59bdbc08c1e50aa80ad137e5b6",0.5,0.329662
"631e1d59bdbc08c1e50aa80ad137e5b6",1,0.293025
"631e1d59bdbc08c1e50aa80ad137e5b6",1.5,0.265386
"631e1d59bdbc08c1e50aa80ad137e5b6",2,0.245878
"631e1d59bdbc08c1e50aa80ad137e5b6",2.5,0.233724
"631e1d59bdbc08c1e50aa80ad137e5b6",3,0.228372
"631e1d59bdbc08c1e50aa80ad137e5b6",3.5,0.229561
"631e1d59bdbc08c1e50aa80ad137e5b6",4,0.237351
"631e1d59bdbc08c1e50aa80ad137e5b6",4.5,0.252112
"631e1d59bdbc08c1e50aa80ad137e5b6",5,0.27449
"631e1d59bdbc08c1e50aa80ad137e5b6",5.5,0.305316
"631e1d59bdbc08c1e50aa80ad137e5b6",6,0.345437
"631e1d59bdbc08c1e50aa80ad137e5b6",6.5,0.395454
"631e1d59bdbc08c1e50aa80ad137e5b6",7,0.455366
"631e1d59bdbc08c1e50aa80ad137e5b6",7.5,0.524178
"631e1d59bdbc08c1e50aa80ad137e5b6",8,0.599601
"631e1d59bdbc08c1e50aa80ad137e5b6",8.5,0.677974
"631e1d59bdbc08c1e50aa80ad137e5b6",9,0.754522
"631e1d59bdbc08c1e50aa80ad137e5b6",9.5,0.824069
"631e1d59bdbc08c1e50aa80ad137e5b6",10,0.882213
"299b4e5f58a6bb6859e3bbad9cf89b88",0,0.379285
"299b4e5f58a6bb6859e3bbad9cf89b88",0.5,0.411235
"299b4e5f58a6bb6859e3bbad9cf89b88",1,0.434886
"299b4e5f58a6bb6859e3bbad9cf89b88",1.5,0.449645
"299b4e5f58a6bb6859e3bbad9cf89b88",2,0.455199
"299b4e5f58a6bb6859e3bbad9cf89b88",2.5,0.451442
"299b4e5f58a6bb6859e3bbad9cf89b88",3,0.438445
"299b4e5f58a6bb6859e3bbad9cf89b88",3.5,0.416475
"299b4e5f58a6bb6859e3bbad9cf89b88",4,0.386067
"299b4e5f58a6bb6859e3bbad9cf89b88",4.5,0.348105
"299b4e5f58a6bb6859e3bbad9cf89b88",5,0.303889
"299b4e5f58a6bb6859e3bbad9cf89b88",5.5,0.255177
"299b4e5f58a6bb6859e3bbad9cf89b88",6,0.204256
"299b4e5f58a6bb6859e3bbad9cf89b88",6.5,0.154064
"299b4e5f58a6bb6859e3bbad9cf89b88",7,0.108124
"299b4e5f58a6bb6859e3bbad9cf89b88",7.5,0.069853
"299b4e5f58a6bb6859e3bbad9cf89b88",8,0.041324
"299b4e5f58a6bb6859e3bbad9cf89b88",8.5,0.022422
"299b4e5f58a6bb6859e3bbad9cf89b88",9,0.011235
"299b4e5f58a6bb6859e3bbad9cf89b88",9.5,0.005242
"299b4e5f58a6bb6859e3bbad9cf89b88",10,0.002294
"403ab69848c1e8b2b940c23625f291b2",0,0.285841
"403ab69848c1e8b2b940c23625f291b2",0.5,0.256386
"403ab69848c1e8b2b940c23625f291b2",1,0.230253
"403ab69848c1e8b2b940c23625f291b2",1.5,0.20726
"403ab69848c1e8b2b940c23625f291b2",2,0.18717
"403ab69848c1e8b2b940c23625f291b2",2.5,0.169724
"403ab69848c1e8b2b940c23625f291b2",3,0.154655
"403ab69848c1e8b2b940c23625f291b2",3.5,0.141703
"403ab69848c1e8b2b940c23625f291b2",4,0.130628
"403ab69848c1e8b2b940c23625f291b2",4.5,0.12121
"403ab69848c1e8b2b940c23625f291b2",5,0.113255
"403ab69848c1e8b2b940c23625f291b2",5.5,0.106596
"403ab69848c1e8b2b940c23625f291b2",6,0.101089
"403ab69848c1e8b2b940c23625f291b2",6.5,0.096615
"403ab69848c1e8b2b940c23625f291b2",7,0.093077
"403ab69848c1e8b2b940c23625f291b2",7.5,0.090396
"403ab69848c1e8b2b940c23625f291b2",8,0.088515
"403ab69848c1e8b2b940c23625f291b2",8.5,0.087392
"403ab69848c1e8b2b940c23625f291b2",9,0.087004
"403ab69848c1e8b2b940c23625f291b2",9.5,0.087341
"403ab69848c1e8b2b940c23625f291b2",10,0.088411
"471bfebb664da0429df29bc53c1afe5a",0,0.291775
"471bfebb664da0429df29bc53c1afe5a",0.5,0.23896
"471bfebb664da0429df29bc53c1afe5a",1,0.199817
"471bfebb664da0429df29bc53c1afe5a",1.5,0.171975
"471bfebb664da0429df29bc53c1afe5a",2,0.153255
"471bfebb664da0429df29bc53c1afe5a",2.5,0.141988
"471bfebb664da0429df29bc53c1afe5a",3,0.137101
"471bfebb664da0429df29bc53c1afe5a",3.5,0.138118
"471bfebb664da0429df29bc53c1afe5a",4,0.145137
"471bfebb664da0429df29bc53c1afe5a",4.5,0.158841
"471bfebb664da0429df29bc53c1afe5a",5,0.180512
"471bfebb664da0429df29bc53c1afe5a",5.5,0.212013
"471bfebb664da0429df29bc53c1afe5a",6,0.255644
"471bfebb664da0429df29bc53c1afe5a",6.5,0.3137
"471bfebb664da0429df29bc53c1afe5a",7,0.387612
"471bfebb664da0429df29bc53c1afe5a",7.5,0.476704
"471bfebb664da0429df29bc53c1afe5a",8,0.577015
"471bfebb664da0429df29bc53c1afe5a",8.5,0.680998
"471bfebb664da0429df29bc53c1afe5a",9,0.778775
"471bfebb664da0429df29bc53c1afe5a",9.5,0.860837
"471bfebb664da0429df29bc53c1afe5a",10,0.921278
"a80ad82702e6c7526f8e8d9f6a5e0d15",0,0.763347
"a80ad82702e6c7526f8e8d9f6a5e0d15",0.5,0.683492
"a80ad82702e6c7526f8e8d9f6a5e0d15",1,0.603122
"a80ad82702e6c7526f8e8d9f6a5e0d15",1.5,0.528389
"a80ad82702e6c7526f8e8d9f6a5e0d15",2,0.463445
"a80ad82702e6c7526f8e8d9f6a5e0d15",2.5,0.410278
"a80ad82702e6c7526f8e8d9f6a5e0d15",3,0.369267
"a80ad82702e6c7526f8e8d9f6a5e0d15",3.5,0.339911
"a80ad82702e6c7526f8e8d9f6a5e0d15",4,0.321429
"a80ad82702e6c7526f8e8d9f6a5e0d15",4.5,0.313156
"a80ad82702e6c7526f8e8d9f6a5e0d15",5,0.314753
"a80ad82702e6c7526f8e8d9f6a5e0d15",5.5,0.326286
"a80ad82702e6c7526f8e8d9f6a5e0d15",6,0.348216
"a80ad82702e6c7526f8e8d9f6a5e0d15",6.5,0.381277
"a80ad82702e6c7526f8e8d9f6a5e0d15",7,0.42621
"a80ad82702e6c7526f8e8d9f6a5e0d15",7.5,0.483307
"a80ad82702e6c7526f8e8d9f6a5e0d15",8,0.551747
"a80ad82702e6c7526f8e8d9f6a5e0d15",8.5,0.628876
"a80ad82702e6c7526f8e8d9f6a5e0d15",9,0.709825
"a80ad82702e6c7526f8e8d9f6a5e0d15",9.5,0.788008
"a80ad82702e6c7526f8e8d9f6a5e0d15",10,0.856689
"28ee486b75638c016c5023b01b156de2",0,0.838415
"28ee486b75638c016c5023b01b156de2",0.5,0.827085
"28ee486b75638c016c5023b01b156de2",1,0.817466
"28ee486b75638c016c5023b01b156de2",1.5,0.809837
"28ee486b75638c016c5023b01b156de2",2,0.804412
"28ee486b75638c016c5023b01b156de2",2.5,0.801345
"28ee486b75638c016c5023b01b156de2",3,0.80072
"28ee486b75638c016c5023b01b156de2",3.5,0.802554
"28ee486b75638c016c5023b01b156de2",4,0.806796
"28ee486b75638c016c5023b01b156de2",4.5,0.813329
"28ee486b75638c016c5023b01b156de2",5,0.82197
"28ee486b75638c016c5023b01b156de2",5.5,0.832469
"28ee486b75638c016c5023b01b156de2",6,0.844522
"28ee486b75638c016c5023b01b156de2",6.5,0.85777
"28ee486b75638c016c5023b01b156de2",7,0.871821
"28ee486b75638c016c5023b01b156de2",7.5,0.886261
"28ee486b75638c016c5023b01b156de2",8,0.900678
"28ee486b75638c016c5023b01b156de2",8.5,0.914685
"28ee486b75638c016c5023b01b156de2",9,0.927942
"28ee486b75638c016c5023b01b156de2",9.5,0.940172
"28ee486b75638c016c5023b01b156de2",10,0.951179
"ffd5547900c4848e5ec97977d144a3a0",0,0.174417
"ffd5547900c4848e5ec97977d144a3a0",0.5,0.137178
"ffd5547900c4848e5ec97977d144a3a0",1,0.109446
"ffd5547900c4848e5ec97977d144a3a0",1.5,0.089001
"ffd5547900c4848e5ec97977d144a3a0",2,0.074025
"ffd5547900c4848e5ec97977d144a3a0",2.5,0.063132
"ffd5547900c4848e5ec97977d144a3a0",3,0.055305
"ffd5547900c4848e5ec97977d144a3a0",3.5,0.049827
"ffd5547900c4848e5ec97977d144a3a0",4,0.046205
"ffd5547900c4848e5ec97977d144a3a0",4.5,0.044124
"ffd5547900c4848e5ec97977d144a3a0",5,0.043405
"ffd5547900c4848e5ec97977d144a3a0",5.5,0.043988
"ffd5547900c4848e5ec97977d144a3a0",6,0.045923
"ffd5547900c4848e5ec97977d144a3a0",6.5,0.049373
"ffd5547900c4848e5ec97977d144a3a0",7,0.05464
"ffd5547900c4848e5ec97977d144a3a0",7.5,0.062195
"ffd5547900c4848e5ec97977d144a3a0",8,0.07273
"ffd5547900c4848e5ec97977d144a3a0",8.5,0.087226
"ffd5547900c4848e5ec97977d144a3a0",9,0.10703
"ffd5547900c4848e5ec97977d144a3a0",9.5,0.133911
"ffd5547900c4848e5ec97977d144a3a0",10,0.170055
"70fde0a7dd9eaae9b3de8329d3ee3235",0,0.751167
"70fde0a7dd9eaae9b3de8329d3ee3235",0.5,0.684955
"70fde0a7dd9eaae9b3de8329d3ee3235",1,0.623579
"70fde0a7dd9eaae9b3de8329d3ee3235",1.5,0.570642
"70fde0a7dd9eaae9b3de8329d3ee3235",2,0.528329
"70fde0a7dd9eaae9b3de8329d3ee3235",2.5,0.497736
"70fde0a7dd9eaae9b3de8329d3ee3235",3,0.479283
"70fde0a7dd9eaae9b3de8329d3ee3235",3.5,0.473061
"70fde0a7dd9eaae9b3de8329d3ee3235",4,0.479074
"70fde0a7dd9eaae9b3de8329d3ee3235",4.5,0.49732
"70fde0a7dd9eaae9b3de8329d3ee3235",5,0.527708
"70fde0a7dd9eaae9b3de8329d3ee3235",5.5,0.569829
"70fde0a7dd9eaae9b3de8329d3ee3235",6,0.622599
"70fde0a7dd9eaae9b3de8329d3ee3235",6.5,0.683858
"70fde0a7dd9eaae9b3de8329d3ee3235",7,0.750025
"70fde0a7dd9eaae9b3de8329d3ee3235",7.5,0.816027
"70fde0a7dd9eaae9b3de8329d3ee3235",8,0.875874
"70fde0a7dd9eaae9b3de8329d3ee3235",8.5,0.924262
"70fde0a7dd9eaae9b3de8329d3ee3235",9,0.958562
"70fde0a7dd9eaae9b3de8329d3ee3235",9.5,0.979673
"70fde0a7dd9eaae9b3de8329d3ee3235",10,0.990982
"c80c32fdfbe6a060339f6de0278f5401",0,0.25538
"c80c32fdfbe6a060339f6de0278f5401",0.5,0.277389
"c80c32fdfbe6a060339f6de0278f5401",1,0.297663
"c80c32fdfbe6a060339f6de0278f5401",1.5,0.315812
"c80c32fdfbe6a060339f6de0278f5401",2,0.331517
"c80c32fdfbe6a060339f6de0278f5401",2.5,0.344531
"c80c32fdfbe6a060339f6de0278f5401",3,0.35467
"c80c32fdfbe6a060339f6de0278f5401",3.5,0.361804
"c80c32fdfbe6a060339f6de0278f5401",4,0.36585
"c80c32fdfbe6a060339f6de0278f5401",4.5,0.366761
"c80c32fdfbe6a060339f6de0278f5401",5,0.36453
"c80c32fdfbe6a060339f6de0278f5401",5.5,0.359179
"c80c32fdfbe6a060339f6de0278f5401",6,0.350769
"c80c32fdfbe6a060339f6de0278f5401",6.5,0.339403
"c80c32fdfbe6a060339f6de0278f5401",7,0.325232
"c80c32fdfbe6a060339f6de0278f5401",7.5,0.308466
"c80c32fdfbe6a060339f6de0278f5401",8,0.289381
"c80c32fdfbe6a060339f6de0278f5401",8.5,0.268325
"c80c32fdfbe6a060339f6de0278f5401",9,0.245721
"c80c32fdfbe6a060339f6de0278f5401",9.5,0.222057
"c80c32fdfbe6a060339f6de0278f5401",10,0.197871
"c7d8fe0391908128c86e149c313eac51",0,0.252443
"c7d8fe0391908128c86e149c313eac51",0.5,0.253534
"c7d8fe0391908128c86e149c313eac51",1,0.255774
"c7d8fe0391908128c86e149c313eac51",1.5,0.25918
"c7d8fe0391908128c86e149c313eac51",2,0.263784
"c7d8fe0391908128c86e149c313eac51",2.5,0.269622
"c7d8fe0391908128c86e149c313eac51",3,0.276742
"c7d8fe0391908128c86e149c313eac51",3.5,0.285197
"c7d8fe0391908128c86e149c313eac51",4,0.295051
"c7d8fe0391908128c86e149c313eac51",4.5,0.306368
"c7d8fe0391908128c86e149c313eac51",5,0.319219
"c7d8fe0391908128c86e149c313eac51",5.5,0.333673
"c7d8fe0391908128c86e149c313eac51",6,0.349798
"c7d8fe0391908128c86e149c313eac51",6.5,0.367651
"c7d8fe0391908128c86e149c313eac51",7,0.387278
"c7d8fe0391908128c86e149c313eac51",7.5,0.408706
"c7d8fe0391908128c86e149c313eac51",8,0.431935
"c7d8fe0391908128c86e149c313eac51",8.5,0.45693
"c7d8fe0391908128c86e149c313eac51",9,0.483617
"c7d8fe0391908128c86e149c313eac51",9.5,0.511875
"c7d8fe0391908128c86e149c313eac51",10,0.541529
"cb4e6dd12f7443594f6218ac02ad3f59",0,0.496263
"cb4e6dd12f7443594f6218ac02ad3f59",0.5,0.472213
"cb4e6dd12f7443594f6218ac02ad3f59",1,0.451089
"cb4e6dd12f7443594f6218ac02ad3f59",1.5,0.432914
"cb4e6dd12f7443594f6218ac02ad3f59",2,0.417671
"cb4e6dd12f7443594f6218ac02ad3f59",2.5,0.405313
"cb4e6dd12f7443594f6218ac02ad3f59",3,0.395785
"cb4e6dd12f7443594f6218ac02ad3f59",3.5,0.389034
"cb4e6dd12f7443594f6218ac02ad3f59",4,0.385015
"cb4e6dd12f7443594f6218ac02ad3f59",4.5,0.383699
"cb4e6dd12f7443594f6218ac02ad3f59",5,0.385076
"cb4e6dd12f7443594f6218ac02ad3f59",5.5,0.389157
"cb4e6dd12f7443594f6218ac02ad3f59",6,0.39597
"cb4e6dd12f7443594f6218ac02ad3f59",6.5,0.405561
"cb4e6dd12f7443594f6218ac02ad3f59",7,0.417984
"cb4e6dd12f7443594f6218ac02ad3f59",7.5,0.433294
"cb4e6dd12f7443594f6218ac02ad3f59",8,0.451535
"cb4e6dd12f7443594f6218ac02ad3f59",8.5,0.472726
"cb4e6dd12f7443594f6218ac02ad3f59",9,0.496842
"cb4e6dd12f7443594f6218ac02ad3f59",9.5,0.523794
"cb4e6dd12f7443594f6218ac02ad3f59",10,0.553407
"cd918dec2b3412a349d8c5ea90d36ce1",0,0.303345
"cd918dec2b3412a349d8c5ea90d36ce1",0.5,0.307763
"cd918dec2b3412a349d8c5ea90d36ce1",1,0.312019
"cd918dec2b3412a349d8c5ea90d36ce1",1.5,0.316109
"cd918dec2b3412a349d8c5ea90d36ce1",2,0.320028
"cd918dec2b3412a349d8c5ea90d36ce1",2.5,0.323772
"cd918dec2b3412a349d8c5ea90d36ce1",3,0.327336
"cd918dec2b3412a349d8c5ea90d36ce1",3.5,0.330717
"cd918dec2b3412a349d8c5ea90d36ce1",4,0.333911
"cd918dec2b3412a349d8c5ea90d36ce1",4.5,0.336916
"cd918dec2b3412a349d8c5ea90d36ce1",5,0.339729
"cd918dec2b3412a349d8c5ea90d36ce1",5.5,0.342346
"cd918dec2b3412a349d8c5ea90d36ce1",6,0.344766
"cd918dec2b3412a349d8c5ea90d36ce1",6.5,0.346986
"cd918dec2b3412a349d8c5ea90d36ce1",7,0.349004
"cd918dec2b3412a349d8c5ea90d36ce1",7.5,0.350819
"cd918dec2b3412a349d8c5ea90d36ce1",8,0.352429
"cd918dec2b3412a349d8c5ea90d36ce1",8.5,0.353833
"cd918dec2b3412a349d8c5ea90d36ce1",9,0.355029
"cd918dec2b3412a349d8c5ea90d36ce1",9.5,0.356017
"cd918dec2b3412a349d8c5ea90d36ce1",10,0.356796
"ac75458cbab6ce95f3aedfc67b26f003",0,0.174147
"ac75458cbab6ce95f3aedfc67b26f003",0.5,0.22284
"ac75458cbab6ce95f3aedfc67b26f003",1,0.272848
"ac75458cbab6ce95f3aedfc67b26f003",1.5,0.321026
"ac75458cbab6ce95f3aedfc67b26f003",2,0.364647
"ac75458cbab6ce95f3aedfc67b26f003",2.5,0.401689
"ac75458cbab6ce95f3aedfc67b26f003",3,0.43085
"ac75458cbab6ce95f3aedfc67b26f003",3.5,0.451409
"ac75458cbab6ce95f3aedfc67b26f003",4,0.463028
"ac75458cbab6ce95f3aedfc67b26f003",4.5,0.46558
"ac75458cbab6ce95f3aedfc67b26f003",5,0.459044
"ac75458cbab6ce95f3aedfc67b26f003",5.5,0.44348
"ac75458cbab6ce95f3aedfc67b26f003",6,0.419089
"ac75458cbab6ce95f3aedfc67b26f003",6.5,0.386353
"ac75458cbab6ce95f3aedfc67b26f003",7,0.346225
"ac75458cbab6ce95f3aedfc67b26f003",7.5,0.300312
"ac75458cbab6ce95f3aedfc67b26f003",8,0.250962
"ac75458cbab6ce95f3aedfc67b26f003",8.5,0.201135
"ac75458cbab6ce95f3aedfc67b26f003",9,0.154004
"ac75458cbab6ce95f3aedfc67b26f003",9.5,0.112352
"ac75458cbab6ce95f3aedfc67b26f003",10,0.078007
"5366b537b3d03dacdd6dce40f7fba523",0,0.478858
"5366b537b3d03dacdd6dce40f7fba523",0.5,0.455231
"5366b537b3d03dacdd6dce40f7fba523",1,0.435309
"5366b537b3d03dacdd6dce40f7fba523",1.5,0.419067
"5366b537b3d03dacdd6dce40f7fba523",2,0.406441
"5366b537b3d03dacdd6dce40f7fba523",2.5,0.397356
"5366b537b3d03dacdd6dce40f7fba523",3,0.391744
"5366b537b3d03dacdd6dce40f7fba523",3.5,0.38956
"5366b537b3d03dacdd6dce40f7fba523",4,0.390781
"5366b537b3d03dacdd6dce40f7fba523",4.5,0.395421
"5366b537b3d03dacdd6dce40f7fba523",5,0.403518
"5366b537b3d03dacdd6dce40f7fba523",5.5,0.415136
"5366b537b3d03dacdd6dce40f7fba523",6,0.43035
"5366b537b3d03dacdd6dce40f7fba523",6.5,0.449227
"5366b537b3d03dacdd6dce40f7fba523",7,0.471808
"5366b537b3d03dacdd6dce40f7fba523",7.5,0.498073
"5366b537b3d03dacdd6dce40f7fba523",8,0.527909
"5366b537b3d03dacdd6dce40f7fba523",8.5,0.561072
"5366b537b3d03dacdd6dce40f7fba523",9,0.597153
"5366b537b3d03dacdd6dce40f7fba523",9.5,0.635552
"5366b537b3d03dacdd6dce40f7fba523",10,0.67548
"fe6413f1e2b8b21e955060386ea3d2f3",0,0.365268
"fe6413f1e2b8b21e955060386ea3d2f3",0.5,0.358889
"fe6413f1e2b8b21e955060386ea3d2f3",1,0.352916
"fe6413f1e2b8b21e955060386ea3d2f3",1.5,0.347342
"fe6413f1e2b8b21e955060386ea3d2f3",2,0.34216
"fe6413f1e2b8b21e955060386ea3d2f3",2.5,0.337365
"fe6413f1e2b8b21e955060386ea3d2f3",3,0.33295
"fe6413f1e2b8b21e955060386ea3d2f3",3.5,0.328908
"fe6413f1e2b8b21e955060386ea3d2f3",4,0.325235
"fe6413f1e2b8b21e955060386ea3d2f3",4.5,0.321923
"fe6413f1e2b8b21e955060386ea3d2f3",5,0.31897
"fe6413f1e2b8b21e955060386ea3d2f3",5.5,0.316368
"fe6413f1e2b8b21e955060386ea3d2f3",6,0.314115
"fe6413f1e2b8b21e955060386ea3d2f3",6.5,0.312206
"fe6413f1e2b8b21e955060386ea3d2f3",7,0.310638
"fe6413f1e2b8b21e955060386ea3d2f3",7.5,0.309409
"fe6413f1e2b8b21e955060386ea3d2f3",8,0.308516
"fe6413f1e2b8b21e955060386ea3d2f3",8.5,0.307958
"fe6413f1e2b8b21e955060386ea3d2f3",9,0.307733
"fe6413f1e2b8b21e955060386ea3d2f3",9.5,0.307842
"fe6413f1e2b8b21e955060386ea3d2f3",10,0.308284
"e9fc75c9481c895152f3eda959f18adb",0,0.515585
"e9fc75c9481c895152f3eda959f18adb",0.5,0.481854
"e9fc75c9481c895152f3eda959f18adb",1,0.452874
"e9fc75c9481c895152f3eda959f18adb",1.5,0.428738
"e9fc75c9481c895152f3eda959f18adb",2,0.409406
"e9fc75c9481c895152f3eda959f18adb",2.5,0.394767
"e9fc75c9481c895152f3eda959f18adb",3,0.384691
"e9fc75c9481c895152f3eda959f18adb",3.5,0.379067
"e9fc75c9481c895152f3eda959f18adb",4,0.377823
"e9fc75c9481c895152f3eda959f18adb",4.5,0.380945
"e9fc75c9481c895152f3eda959f18adb",5,0.388471
"e9fc75c9481c895152f3eda959f18adb",5.5,0.400493
"e9fc75c9481c895152f3eda959f18adb",6,0.417134
"e9fc75c9481c895152f3eda959f18adb",6.5,0.438521
"e9fc75c9481c895152f3eda959f18adb",7,0.464741
"e9fc75c9481c895152f3eda959f18adb",7.5,0.495785
"e9fc75c9481c895152f3eda959f18adb",8,0.531478
"e9fc75c9481c895152f3eda959f18adb",8.5,0.571402
"e9fc75c9481c895152f3eda959f18adb",9,0.614832
"e9fc75c9481c895152f3eda959f18adb",9.5,0.660703
"e9fc75c9481c895152f3eda959f18adb",10,0.707639
"412bfdf0b2ed931d88862ff52ed39306",0,0.635689
"412bfdf0b2ed931d88862ff52ed39306",0.5,0.594217
"412bfdf0b2ed931d88862ff52ed39306",1,0.557098
"412bfdf0b2ed931d88862ff52ed39306",1.5,0.525093
"412bfdf0b2ed931d88862ff52ed39306",2,0.498635
"412bfdf0b2ed931d88862ff52ed39306",2.5,0.477915
"412bfdf0b2ed931d88862ff52ed39306",3,0.462975
"412bfdf0b2ed931d88862ff52ed39306",3.5,0.453787
"412bfdf0b2ed931d88862ff52ed39306",4,0.45031
"412bfdf0b2ed931d88862ff52ed39306",4.5,0.452524
"412bfdf0b2ed931d88862ff52ed39306",5,0.460442
"412bfdf0b2ed931d88862ff52ed39306",5.5,0.474103
"412bfdf0b2ed931d88862ff52ed39306",6,0.493542
"412bfdf0b2ed931d88862ff52ed39306",6.5,0.518738
"412bfdf0b2ed931d88862ff52ed39306",7,0.549539
"412bfdf0b2ed931d88862ff52ed39306",7.5,0.585577
"412bfdf0b2ed931d88862ff52ed39306",8,0.626169
"412bfdf0b2ed931d88862ff52ed39306",8.5,0.670254
"412bfdf0b2ed931d88862ff52ed39306",9,0.716369
"412bfdf0b2ed931d88862ff52ed39306",9.5,0.762732
"412bfdf0b2ed931d88862ff52ed39306",10,0.807411
"4d805abd8790a38c0dd2ff8751ef930b",0,0.285848
"4d805abd8790a38c0dd2ff8751ef930b",0.5,0.295712
"4d805abd8790a38c0dd2ff8751ef930b",1,0.304846
"4d805abd8790a38c0dd2ff8751ef930b",1.5,0.313197
"4d805abd8790a38c0dd2ff8751ef930b",2,0.320721
"4d805abd8790a38c0dd2ff8751ef930b",2.5,0.327378
"4d805abd8790a38c0dd2ff8751ef930b",3,0.333137
"4d805abd8790a38c0dd2ff8751ef930b",3.5,0.33797
"4d805abd8790a38c0dd2ff8751ef930b",4,0.341856
"4d805abd8790a38c0dd2ff8751ef930b",4.5,0.344778
"4d805abd8790a38c0dd2ff8751ef930b",5,0.346724
"4d805abd8790a38c0dd2ff8751ef930b",5.5,0.347687
"4d805abd8790a38c0dd2ff8751ef930b",6,0.347662
"4d805abd8790a38c0dd2ff8751ef930b",6.5,0.346649
"4d805abd8790a38c0dd2ff8751ef930b",7,0.344653
"4d805abd8790a38c0dd2ff8751ef930b",7.5,0.341682
"4d805abd8790a38c0dd2ff8751ef930b",8,0.337747
"4d805abd8790a38c0dd2ff8751ef930b",8.5,0.332867
"4d805abd8790a38c0dd2ff8751ef930b",9,0.327062
"4d805abd8790a38c0dd2ff8751ef930b",9.5,0.32036
"4d805abd8790a38c0dd2ff8751ef930b",10,0.312793
"1fd7bf523afe46a8bf9be68b2f834e89",0,0.325728
"1fd7bf523afe46a8bf9be68b2f834e89",0.5,0.311957
"1fd7bf523afe46a8bf9be68b2f834e89",1,0.301132
"1fd7bf523afe46a8bf9be68b2f834e89",1.5,0.293107
"1fd7bf523afe46a8bf9be68b2f834e89",2,0.287763
"1fd7bf523afe46a8bf9be68b2f834e89",2.5,0.285018
"1fd7bf523afe46a8bf9be68b2f834e89",3,0.284828
"1fd7bf523afe46a8bf9be68b2f834e89",3.5,0.287191
"1fd7bf523afe46a8bf9be68b2f834e89",4,0.292145
"1fd7bf523afe46a8bf9be68b2f834e89",4.5,0.299765
"1fd7bf523afe46a8bf9be68b2f834e89",5,0.310165
"1fd7bf523afe46a8bf9be68b2f834e89",5.5,0.323488
"1fd7bf523afe46a8bf9be68b2f834e89",6,0.339899
"1fd7bf523afe46a8bf9be68b2f834e89",6.5,0.359573
"1fd7bf523afe46a8bf9be68b2f834e89",7,0.382673
"1fd7bf523afe46a8bf9be68b2f834e89",7.5,0.409328
"1fd7bf523afe46a8bf9be68b2f834e89",8,0.439596
"1fd7bf523afe46a8bf9be68b2f834e89",8.5,0.473429
"1fd7bf523afe46a8bf9be68b2f834e89",9,0.510627
"1fd7bf523afe46a8bf9be68b2f834e89",9.5,0.550801
"1fd7bf523afe46a8bf9be68b2f834e89",10,0.593347
"fa04f82b092a77994edb4b7e9e9c7df3",0,0.406603
"fa04f82b092a77994edb4b7e9e9c7df3",0.5,0.411147
"fa04f82b092a77994edb4b7e9e9c7df3",1,0.415807
"fa04f82b092a77994edb4b7e9e9c7df3",1.5,0.420583
"fa04f82b092a77994edb4b7e9e9c7df3",2,0.425473
"fa04f82b092a77994edb4b7e9e9c7df3",2.5,0.43048
"fa04f82b092a77994edb4b7e9e9c7df3",3,0.435601
"fa04f82b092a77994edb4b7e9e9c7df3",3.5,0.440838
"fa04f82b092a77994edb4b7e9e9c7df3",4,0.44619
"fa04f82b092a77994edb4b7e9e9c7df3",4.5,0.451657
"fa04f82b092a77994edb4b7e9e9c7df3",5,0.457237
"fa04f82b092a77994edb4b7e9e9c7df3",5.5,0.46293
"fa04f82b092a77994edb4b7e9e9c7df3",6,0.468735
"fa04f82b092a77994edb4b7e9e9c7df3",6.5,0.474652
"fa04f82b092a77994edb4b7e9e9c7df3",7,0.480678
"fa04f82b092a77994edb4b7e9e9c7df3",7.5,0.486813
"fa04f82b092a77994edb4b7e9e9c7df3",8,0.493055
"fa04f82b092a77994edb4b7e9e9c7df3",8.5,0.499402
"fa04f82b092a77994edb4b7e9e9c7df3",9,0.505852
"fa04f82b092a77994edb4b7e9e9c7df3",9.5,0.512403
"fa04f82b092a77994edb4b7e9e9c7df3",10,0.519053
"f49d3798381f3986465826ecd34f17b1",0,0.119586
"f49d3798381f3986465826ecd34f17b1",0.5,0.167465
"f49d3798381f3986465826ecd34f17b1",1,0.217306
"f49d3798381f3986465826ecd34f17b1",1.5,0.264089
"f49d3798381f3986465826ecd34f17b1",2,0.303617
"f49d3798381f3986465826ecd34f17b1",2.5,0.332958
"f49d3798381f3986465826ecd34f17b1",3,0.350362
"f49d3798381f3986465826ecd34f17b1",3.5,0.354974
"f49d3798381f3986465826ecd34f17b1",4,0.346591
"f49d3798381f3986465826ecd34f17b1",4.5,0.325589
"f49d3798381f3986465826ecd34f17b1",5,0.293055
"f49d3798381f3986465826ecd34f17b1",5.5,0.251054
"f49d3798381f3986465826ecd34f17b1",6,0.202896
"f49d3798381f3986465826ecd34f17b1",6.5,0.153095
"f49d3798381f3986465826ecd34f17b1",7,0.106726
"f49d3798381f3986465826ecd34f17b1",7.5,0.068148
"f49d3798381f3986465826ecd34f17b1",8,0.039668
"f49d3798381f3986465826ecd34f17b1",8.5,0.021052
"f49d3798381f3986465826ecd34f17b1",9,0.010228
"f49d3798381f3986465826ecd34f17b1",9.5,0.004576
"f49d3798381f3986465826ecd34f17b1",10,0.001895
"eeef2d3ee5a5f698ecf863b0d523f3b4",0,0.691021
"eeef2d3ee5a5f698ecf863b0d523f3b4",0.5,0.63527
"eeef2d3ee5a5f698ecf863b0d523f3b4",1,0.586257
"eeef2d3ee5a5f698ecf863b0d523f3b4",1.5,0.546061
"eeef2d3ee5a5f698ecf863b0d523f3b4",2,0.515813
"eeef2d3ee5a5f698ecf863b0d523f3b4",2.5,0.495996
"eeef2d3ee5a5f698ecf863b0d523f3b4",3,0.486748
"eeef2d3ee5a5f698ecf863b0d523f3b4",3.5,0.488083
"eeef2d3ee5a5f698ecf863b0d523f3b4",4,0.500003
"eeef2d3ee5a5f698ecf863b0d523f3b4",4.5,0.522475
"eeef2d3ee5a5f698ecf863b0d523f3b4",5,0.5553
"eeef2d3ee5a5f698ecf863b0d523f3b4",5.5,0.597861
"eeef2d3ee5a5f698ecf863b0d523f3b4",6,0.648813
"eeef2d3ee5a5f698ecf863b0d523f3b4",6.5,0.705804
"eeef2d3ee5a5f698ecf863b0d523f3b4",7,0.765382
"eeef2d3ee5a5f698ecf863b0d523f3b4",7.5,0.82328
"eeef2d3ee5a5f698ecf863b0d523f3b4",8,0.875161
"eeef2d3ee5a5f698ecf863b0d523f3b4",8.5,0.917691
"eeef2d3ee5a5f698ecf863b0d523f3b4",9,0.949427
"eeef2d3ee5a5f698ecf863b0d523f3b4",9.5,0.970989
"eeef2d3ee5a5f698ecf863b0d523f3b4",10,0.9844
"256d59473c34b02c3e6c046bb812c0bd",0,0.92392
"256d59473c34b02c3e6c046bb812c0bd",0.5,0.871181
"256d59473c34b02c3e6c046bb812c0bd",1,0.80272
"256d59473c34b02c3e6c046bb812c0bd",1.5,0.722817
"256d59473c34b02c3e6c046bb812c0bd",2,0.637565
"256d59473c34b02c3e6c046bb812c0bd",2.5,0.553572
"256d59473c34b02c3e6c046bb812c0bd",3,0.476549
"256d59473c34b02c3e6c046bb812c0bd",3.5,0.41026
"256d59473c34b02c3e6c046bb812c0bd",4,0.356317
"256d59473c34b02c3e6c046bb812c0bd",4.5,0.314694
"256d59473c34b02c3e6c046bb812c0bd",5,0.28448
"256d59473c34b02c3e6c046bb812c0bd",5.5,0.264521
"256d59473c34b02c3e6c046bb812c0bd",6,0.253837
"256d59473c34b02c3e6c046bb812c0bd",6.5,0.251834
"256d59473c34b02c3e6c046bb812c0bd",7,0.258396
"256d59473c34b02c3e6c046bb812c0bd",7.5,0.273898
"256d59473c34b02c3e6c046bb812c0bd",8,0.299157
"256d59473c34b02c3e6c046bb812c0bd",8.5,0.335283
"256d59473c34b02c3e6c046bb812c0bd",9,0.383366
"256d59473c34b02c3e6c046bb812c0bd",9.5,0.443942
"256d59473c34b02c3e6c046bb812c0bd",10,0.516258
"405816d453d22ed54e3a641d83be47da",0,0.158807
"405816d453d22ed54e3a641d83be47da",0.5,0.20711
"405816d453d22ed54e3a641d83be47da",1,0.253782
"405816d453d22ed54e3a641d83be47da",1.5,0.294889
"405816d453d22ed54e3a641d83be47da",2,0.327498
"405816d453d22ed54e3a641d83be47da",2.5,0.349715
"405816d453d22ed54e3a641d83be47da",3,0.360485
"405816d453d22ed54e3a641d83be47da",3.5,0.359368
"405816d453d22ed54e3a641d83be47da",4,0.346407
"405816d453d22ed54e3a641d83be47da",4.5,0.322144
"405816d453d22ed54e3a641d83be47da",5,0.287771
"405816d453d22ed54e3a641d83be47da",5.5,0.245367
"405816d453d22ed54e3a641d83be47da",6,0.198066
"405816d453d22ed54e3a641d83be47da",6.5,0.14995
"405816d453d22ed54e3a641d83be47da",7,0.105465
"405816d453d22ed54e3a641d83be47da",7.5,0.068372
"405816d453d22ed54e3a641d83be47da",8,0.040667
"405816d453d22ed54e3a641d83be47da",8.5,0.022184
"405816d453d22ed54e3a641d83be47da",9,0.011137
"405816d453d22ed54e3a641d83be47da",9.5,0.005173
"405816d453d22ed54e3a641d83be47da",10,0.002235
"02ec28912a3d70e55c7b7328bbeceda4",0,0.108571
"02ec28912a3d70e55c7b7328bbeceda4",0.5,0.155994
"02ec28912a3d70e55c7b7328bbeceda4",1,0.205985
"02ec28912a3d70e55c7b7328bbeceda4",1.5,0.25344
"02ec28912a3d70e55c7b7328bbeceda4",2,0.293986
"02ec28912a3d70e55c7b7328bbeceda4",2.5,0.324432
"02ec28912a3d70e55c7b7328bbeceda4",3,0.34277
"02ec28912a3d70e55c7b7328bbeceda4",3.5,0.347964
"02ec28912a3d70e55c7b7328bbeceda4",4,0.339747
"02ec28912a3d70e55c7b7328bbeceda4",4.5,0.318547
"02ec28912a3d70e55c7b7328bbeceda4",5,0.2856
"02ec28912a3d70e55c7b7328bbeceda4",5.5,0.243168
"02ec28912a3d70e55c7b7328bbeceda4",6,0.194718
"02ec28912a3d70e55c7b7328bbeceda4",6.5,0.144852
"02ec28912a3d70e55c7b7328bbeceda4",7,0.098712
"02ec28912a3d70e55c7b7328bbeceda4",7.5,0.060779
"02ec28912a3d70e55c7b7328bbeceda4",8,0.033454
"02ec28912a3d70e55c7b7328bbeceda4",8.5,0.016396
"02ec28912a3d70e55c7b7328bbeceda4",9,0.007188
"02ec28912a3d70e55c7b7328bbeceda4",9.5,0.002847
"02ec28912a3d70e55c7b7328bbeceda4",10,0.001028
"30a6f6d0aa88679e879c11187a8966ac",0,0.117472
"30a6f6d0aa88679e879c11187a8966ac",0.5,0.173692
"30a6f6d0aa88679e879c11187a8966ac",1,0.238411
"30a6f6d0aa88679e879c11187a8966ac",1.5,0.307978
"30a6f6d0aa88679e879c11187a8966ac",2,0.378625
"30a6f6d0aa88679e879c11187a8966ac",2.5,0.446602
"30a6f6d0aa88679e879c11187a8966ac",3,0.508654
"30a6f6d0aa88679e879c11187a8966ac",3.5,0.562544
"30a6f6d0aa88679e879c11187a8966ac",4,0.607181
"30a6f6d0aa88679e879c11187a8966ac",4.5,0.642392
"30a6f6d0aa88679e879c11187a8966ac",5,0.668536
"30a6f6d0aa88679e879c11187a8966ac",5.5,0.68617
"30a6f6d0aa88679e879c11187a8966ac",6,0.695803
"30a6f6d0aa88679e879c11187a8966ac",6.5,0.69776
"30a6f6d0aa88679e879c11187a8966ac",7,0.692108
"30a6f6d0aa88679e879c11187a8966ac",7.5,0.678653
"30a6f6d0aa88679e879c11187a8966ac",8,0.656966
"30a6f6d0aa88679e879c11187a8966ac",8.5,0.626492
"30a6f6d0aa88679e879c11187a8966ac",9,0.586734
"30a6f6d0aa88679e879c11187a8966ac",9.5,0.537543
"30a6f6d0aa88679e879c11187a8966ac",10,0.479494
"09a4daa4de42df59da7065a016efec93",0,0.733586
"09a4daa4de42df59da7065a016efec93",0.5,0.709444
"09a4daa4de42df59da7065a016efec93",1,0.688108
"09a4daa4de42df59da7065a016efec93",1.5,0.670103
"09a4daa4de42df59da7065a016efec93",2,0.655822
"09a4daa4de42df59da7065a016efec93",2.5,0.64554
"09a4daa4de42df59da7065a016efec93",3,0.639437
"09a4daa4de42df59da7065a016efec93",3.5,0.637609
"09a4daa4de42df59da7065a016efec93",4,0.640084
"09a4daa4de42df59da7065a016efec93",4.5,0.646824
"09a4daa4de42df59da7065a016efec93",5,0.657721
"09a4daa4de42df59da7065a016efec93",5.5,0.672583
"09a4daa4de42df59da7065a016efec93",6,0.691118
"09a4daa4de42df59da7065a016efec93",6.5,0.712913
"09a4daa4de42df59da7065a016efec93",7,0.737424
"09a4daa4de42df59da7065a016efec93",7.5,0.763968
"09a4daa4de42df59da7065a016efec93",8,0.791744
"09a4daa4de42df59da7065a016efec93",8.5,0.819864
"09a4daa4de42df59da7065a016efec93",9,0.847421
"09a4daa4de42df59da7065a016efec93",9.5,0.87356
"09a4daa4de42df59da7065a016efec93",10,0.897558
"8ba37f691cb03f9c50198ff1fa490cbc",0,0.02605
"8ba37f691cb03f9c50198ff1fa490cbc",0.5,0.034008
"8ba37f691cb03f9c50198ff1fa490cbc",1,0.043401
"8ba37f691cb03f9c50198ff1fa490cbc",1.5,0.054147
"8ba37f691cb03f9c50198ff1fa490cbc",2,0.066055
"8ba37f691cb03f9c50198ff1fa490cbc",2.5,0.078817
"8ba37f691cb03f9c50198ff1fa490cbc",3,0.092032
"8ba37f691cb03f9c50198ff1fa490cbc",3.5,0.105225
"8ba37f691cb03f9c50198ff1fa490cbc",4,0.117881
"8ba37f691cb03f9c50198ff1fa490cbc",4.5,0.129488
"8ba37f691cb03f9c50198ff1fa490cbc",5,0.139565
"8ba37f691cb03f9c50198ff1fa490cbc",5.5,0.147693
"8ba37f691cb03f9c50198ff1fa490cbc",6,0.153534
"8ba37f691cb03f9c50198ff1fa490cbc",6.5,0.156849
"8ba37f691cb03f9c50198ff1fa490cbc",7,0.157502
"8ba37f691cb03f9c50198ff1fa490cbc",7.5,0.155467
"8ba37f691cb03f9c50198ff1fa490cbc",8,0.150826
"8ba37f691cb03f9c50198ff1fa490cbc",8.5,0.14377
"8ba37f691cb03f9c50198ff1fa490cbc",9,0.13459
"8ba37f691cb03f9c50198ff1fa490cbc",9.5,0.123668
"8ba37f691cb03f9c50198ff1fa490cbc",10,0.111457
"8e6b7c5ecf2372fce1b1718d63354ceb",0,0.962596
"8e6b7c5ecf2372fce1b1718d63354ceb",0.5,0.930619
"8e6b7c5ecf2372fce1b1718d63354ceb",1,0.885139
"8e6b7c5ecf2372fce1b1718d63354ceb",1.5,0.828288
"8e6b7c5ecf2372fce1b1718d63354ceb",2,0.763385
"8e6b7c5ecf2372fce1b1718d63354ceb",2.5,0.693721
"8e6b7c5ecf2372fce1b1718d63354ceb",3,0.622752
"8e6b7c5ecf2372fce1b1718d63354ceb",3.5,0.554266
"8e6b7c5ecf2372fce1b1718d63354ceb",4,0.491872
"8e6b7c5ecf2372fce1b1718d63354ceb",4.5,0.438303
"8e6b7c5ecf2372fce1b1718d63354ceb",5,0.395084
"8e6b7c5ecf2372fce1b1718d63354ceb",5.5,0.362676
"8e6b7c5ecf2372fce1b1718d63354ceb",6,0.340896
"8e6b7c5ecf2372fce1b1718d63354ceb",6.5,0.329346
"8e6b7c5ecf2372fce1b1718d63354ceb",7,0.327721
"8e6b7c5ecf2372fce1b1718d63354ceb",7.5,0.335973
"8e6b7c5ecf2372fce1b1718d63354ceb",8,0.354333
"8e6b7c5ecf2372fce1b1718d63354ceb",8.5,0.383195
"8e6b7c5ecf2372fce1b1718d63354ceb",9,0.422856
"8e6b7c5ecf2372fce1b1718d63354ceb",9.5,0.473119
"8e6b7c5ecf2372fce1b1718d63354ceb",10,0.532846
"c3d5d225d13f1dee5d28b269b2a3e610",0,0.855802
"c3d5d225d13f1dee5d28b269b2a3e610",0.5,0.847412
"c3d5d225d13f1dee5d28b269b2a3e610",1,0.84024
"c3d5d225d13f1dee5d28b269b2a3e610",1.5,0.834458
"c3d5d225d13f1dee5d28b269b2a3e610",2,0.830203
"c3d5d225d13f1dee5d28b269b2a3e610",2.5,0.827574
"c3d5d225d13f1dee5d28b269b2a3e610",3,0.826633
"c3d5d225d13f1dee5d28b269b2a3e610",3.5,0.827401
"c3d5d225d13f1dee5d28b269b2a3e610",4,0.829861
"c3d5d225d13f1dee5d28b269b2a3e610",4.5,0.833956
"c3d5d225d13f1dee5d28b269b2a3e610",5,0.839589
"c3d5d225d13f1dee5d28b269b2a3e610",5.5,0.846627
"c3d5d225d13f1dee5d28b269b2a3e610",6,0.854903
"c3d5d225d13f1dee5d28b269b2a3e610",6.5,0.864218
"c3d5d225d13f1dee5d28b269b2a3e610",7,0.874349
"c3d5d225d13f1dee5d28b269b2a3e610",7.5,0.885054
"c3d5d225d13f1dee5d28b269b2a3e610",8,0.896082
"c3d5d225d13f1dee5d28b269b2a3e610",8.5,0.907183
"c3d5d225d13f1dee5d28b269b2a3e610",9,0.918119
"c3d5d225d13f1dee5d28b269b2a3e610",9.5,0.928673
"c3d5d225d13f1dee5d28b269b2a3e610",10,0.938657
"86d80008f392e9bf1a57af4d4126c538",0,0.011183
"86d80008f392e9bf1a57af4d4126c538",0.5,0.015235
"86d80008f392e9bf1a57af4d4126c538",1,0.020196
"86d80008f392e9bf1a57af4d4126c538",1.5,0.026051
"86d80008f392e9bf1a57af4d4126c538",2,0.0327
"86d80008f392e9bf1a57af4d4126c538",2.5,0.039952
"86d80008f392e9bf1a57af4d4126c538",3,0.047527
"86d80008f392e9bf1a57af4d4126c538",3.5,0.055072
"86d80008f392e9bf1a57af4d4126c538",4,0.062191
"86d80008f392e9bf1a57af4d4126c538",4.5,0.068478
"86d80008f392e9bf1a57af4d4126c538",5,0.073556
"86d80008f392e9bf1a57af4d4126c538",5.5,0.07711
"86d80008f392e9bf1a57af4d4126c538",6,0.078914
"86d80008f392e9bf1a57af4d4126c538",6.5,0.078853
"86d80008f392e9bf1a57af4d4126c538",7,0.076931
"86d80008f392e9bf1a57af4d4126c538",7.5,0.07327
"86d80008f392e9bf1a57af4d4126c538",8,0.068104
"86d80008f392e9bf1a57af4d4126c538",8.5,0.06175
"86d80008f392e9bf1a57af4d4126c538",9,0.054591
"86d80008f392e9bf1a57af4d4126c538",9.5,0.047033
"86d80008f392e9bf1a57af4d4126c538",10,0.039469
"16989be5fac814f2ac4685a2e898f926",0,0.925503
"16989be5fac814f2ac4685a2e898f926",0.5,0.877924
"16989be5fac814f2ac4685a2e898f926",1,0.818292
"16989be5fac814f2ac4685a2e898f926",1.5,0.749919
"16989be5fac814f2ac4685a2e898f926",2,0.67665
"16989be5fac814f2ac4685a2e898f926",2.5,0.60297
"16989be5fac814f2ac4685a2e898f926",3,0.533674
"16989be5fac814f2ac4685a2e898f926",3.5,0.472809
"16989be5fac814f2ac4685a2e898f926",4,0.422844
"16989be5fac814f2ac4685a2e898f926",4.5,0.384652
"16989be5fac814f2ac4685a2e898f926",5,0.358056
"16989be5fac814f2ac4685a2e898f926",5.5,0.342471
"16989be5fac814f2ac4685a2e898f926",6,0.337377
"16989be5fac814f2ac4685a2e898f926",6.5,0.342574
"16989be5fac814f2ac4685a2e898f926",7,0.358265
"16989be5fac814f2ac4685a2e898f926",7.5,0.384974
"16989be5fac814f2ac4685a2e898f926",8,0.423284
"16989be5fac814f2ac4685a2e898f926",8.5,0.473364
"16989be5fac814f2ac4685a2e898f926",9,0.534327
"16989be5fac814f2ac4685a2e898f926",9.5,0.603689
"16989be5fac814f2ac4685a2e898f926",10,0.677389
"8e03dfd5f98fe1ce5837a0659174478d",0,0.18001
"8e03dfd5f98fe1ce5837a0659174478d",0.5,0.191738
"8e03dfd5f98fe1ce5837a0659174478d",1,0.20434
"8e03dfd5f98fe1ce5837a0659174478d",1.5,0.217862
"8e03dfd5f98fe1ce5837a0659174478d",2,0.232346
"8e03dfd5f98fe1ce5837a0659174478d",2.5,0.24783
"8e03dfd5f98fe1ce5837a0659174478d",3,0.264348
"8e03dfd5f98fe1ce5837a0659174478d",3.5,0.281925
"8e03dfd5f98fe1ce5837a0659174478d",4,0.300578
"8e03dfd5f98fe1ce5837a0659174478d",4.5,0.320313
"8e03dfd5f98fe1ce5837a0659174478d",5,0.341124
"8e03dfd5f98fe1ce5837a0659174478d",5.5,0.362989
"8e03dfd5f98fe1ce5837a0659174478d",6,0.385871
"8e03dfd5f98fe1ce5837a0659174478d",6.5,0.409714
"8e03dfd5f98fe1ce5837a0659174478d",7,0.434446
"8e03dfd5f98fe1ce5837a0659174478d",7.5,0.459971
"8e03dfd5f98fe1ce5837a0659174478d",8,0.486179
"8e03dfd5f98fe1ce5837a0659174478d",8.5,0.512936
"8e03dfd5f98fe1ce5837a0659174478d",9,0.540095
"8e03dfd5f98fe1ce5837a0659174478d",9.5,0.567493
"8e03dfd5f98fe1ce5837a0659174478d",10,0.594955
"4ea416696b8274c8ca1c6af6b2c45bd1",0,0.217763
"4ea416696b8274c8ca1c6af6b2c45bd1",0.5,0.223873
"4ea416696b8274c8ca1c6af6b2c45bd1",1,0.230787
"4ea416696b8274c8ca1c6af6b2c45bd1",1.5,0.238548
"4ea416696b8274c8ca1c6af6b2c45bd1",2,0.247201
"4ea416696b8274c8ca1c6af6b2c45bd1",2.5,0.256794
"4ea416696b8274c8ca1c6af6b2c45bd1",3,0.267377
"4ea416696b8274c8ca1c6af6b2c45bd1",3.5,0.279003
"4ea416696b8274c8ca1c6af6b2c45bd1",4,0.291723
"4ea416696b8274c8ca1c6af6b2c45bd1",4.5,0.305587
"4ea416696b8274c8ca1c6af6b2c45bd1",5,0.320643
"4ea416696b8274c8ca1c6af6b2c45bd1",5.5,0.336931
"4ea416696b8274c8ca1c6af6b2c45bd1",6,0.354485
"4ea416696b8274c8ca1c6af6b2c45bd1",6.5,0.373329
"4ea416696b8274c8ca1c6af6b2c45bd1",7,0.393471
"4ea416696b8274c8ca1c6af6b2c45bd1",7.5,0.414902
"4ea416696b8274c8ca1c6af6b2c45bd1",8,0.437594
"4ea416696b8274c8ca1c6af6b2c45bd1",8.5,0.461493
"4ea416696b8274c8ca1c6af6b2c45bd1",9,0.48652
"4ea416696b8274c8ca1c6af6b2c45bd1",9.5,0.512567
"4ea416696b8274c8ca1c6af6b2c45bd1",10,0.539495
"f1a61c274d5c9c058410aef11e92a4c9",0,0.474363
"f1a61c274d5c9c058410aef11e92a4c9",0.5,0.454272
"f1a61c274d5c9c058410aef11e92a4c9",1,0.438894
"f1a61c274d5c9c058410aef11e92a4c9",1.5,0.42818
"f1a61c274d5c9c058410aef11e92a4c9",2,0.422072
"f1a61c274d5c9c058410aef11e92a4c9",2.5,0.420527
"f1a61c274d5c9c058410aef11e92a4c9",3,0.423533
"f1a61c274d5c9c058410aef11e92a4c9",3.5,0.431113
"f1a61c274d5c9c058410aef11e92a4c9",4,0.443317
"f1a61c274d5c9c058410aef11e92a4c9",4.5,0.460204
"f1a61c274d5c9c058410aef11e92a4c9",5,0.481812
"f1a61c274d5c9c058410aef11e92a4c9",5.5,0.508116
"f1a61c274d5c9c058410aef11e92a4c9",6,0.538977
"f1a61c274d5c9c058410aef11e92a4c9",6.5,0.57408
"f1a61c274d5c9c058410aef11e92a4c9",7,0.612881
"f1a61c274d5c9c058410aef11e92a4c9",7.5,0.654565
"f1a61c274d5c9c058410aef11e92a4c9",8,0.698037
"f1a61c274d5c9c058410aef11e92a4c9",8.5,0.741967
"f1a61c274d5c9c058410aef11e92a4c9",9,0.784884
"f1a61c274d5c9c058410aef11e92a4c9",9.5,0.825326
"f1a61c274d5c9c058410aef11e92a4c9",10,0.862021
"107dbe79f6b760c87d5e6b75a77a95cb",0,0.334706
"107dbe79f6b760c87d5e6b75a77a95cb",0.5,0.347028
"107dbe79f6b760c87d5e6b75a77a95cb",1,0.357666
"107dbe79f6b760c87d5e6b75a77a95cb",1.5,0.366533
"107dbe79f6b760c87d5e6b75a77a95cb",2,0.373567
"107dbe79f6b760c87d5e6b75a77a95cb",2.5,0.378718
"107dbe79f6b760c87d5e6b75a77a95cb",3,0.381956
"107dbe79f6b760c87d5e6b75a77a95cb",3.5,0.383259
"107dbe79f6b760c87d5e6b75a77a95cb",4,0.382622
"107dbe79f6b760c87d5e6b75a77a95cb",4.5,0.380048
"107dbe79f6b760c87d5e6b75a77a95cb",5,0.375552
"107dbe79f6b760c87d5e6b75a77a95cb",5.5,0.369161
"107dbe79f6b760c87d5e6b75a77a95cb",6,0.360917
"107dbe79f6b760c87d5e6b75a77a95cb",6.5,0.350879
"107dbe79f6b760c87d5e6b75a77a95cb",7,0.339126
"107dbe79f6b760c87d5e6b75a77a95cb",7.5,0.325756
"107dbe79f6b760c87d5e6b75a77a95cb",8,0.310896
"107dbe79f6b760c87d5e6b75a77a95cb",8.5,0.2947
"107dbe79f6b760c87d5e6b75a77a95cb",9,0.277348
"107dbe79f6b760c87d5e6b75a77a95cb",9.5,0.259051
"107dbe79f6b760c87d5e6b75a77a95cb",10,0.240044
"66c8da676b47580940c2e1583707b2ff",0,0.353948
"66c8da676b47580940c2e1583707b2ff",0.5,0.32312
"66c8da676b47580940c2e1583707b2ff",1,0.298369
"66c8da676b47580940c2e1583707b2ff",1.5,0.279189
"66c8da676b47580940c2e1583707b2ff",2,0.265098
"66c8da676b47580940c2e1583707b2ff",2.5,0.255696
"66c8da676b47580940c2e1583707b2ff",3,0.250691
"66c8da676b47580940c2e1583707b2ff",3.5,0.249923
"66c8da676b47580940c2e1583707b2ff",4,0.253368
"66c8da676b47580940c2e1583707b2ff",4.5,0.261137
"66c8da676b47580940c2e1583707b2ff",5,0.273472
"66c8da676b47580940c2e1583707b2ff",5.5,0.29074
"66c8da676b47580940c2e1583707b2ff",6,0.313396
"66c8da676b47580940c2e1583707b2ff",6.5,0.341947
"66c8da676b47580940c2e1583707b2ff",7,0.376862
"66c8da676b47580940c2e1583707b2ff",7.5,0.418454
"66c8da676b47580940c2e1583707b2ff",8,0.466708
"66c8da676b47580940c2e1583707b2ff",8.5,0.521094
"66c8da676b47580940c2e1583707b2ff",9,0.580385
"66c8da676b47580940c2e1583707b2ff",9.5,0.642592
"66c8da676b47580940c2e1583707b2ff",10,0.705072
"2ea5e2af535193cd5ee01d634291af6b",0,0.499189
"2ea5e2af535193cd5ee01d634291af6b",0.5,0.500102
"2ea5e2af535193cd5ee01d634291af6b",1,0.501171
"2ea5e2af535193cd5ee01d634291af6b",1.5,0.502398
"2ea5e2af535193cd5ee01d634291af6b",2,0.503781
"2ea5e2af535193cd5ee01d634291af6b",2.5,0.505322
"2ea5e2af535193cd5ee01d634291af6b",3,0.507021
"2ea5e2af535193cd5ee01d634291af6b",3.5,0.508876
"2ea5e2af535193cd5ee01d634291af6b",4,0.510888
"2ea5e2af535193cd5ee01d634291af6b",4.5,0.513057
"2ea5e2af535193cd5ee01d634291af6b",5,0.515382
"2ea5e2af535193cd5ee01d634291af6b",5.5,0.517864
"2ea5e2af535193cd5ee01d634291af6b",6,0.520502
"2ea5e2af535193cd5ee01d634291af6b",6.5,0.523296
"2ea5e2af535193cd5ee01d634291af6b",7,0.526245
"2ea5e2af535193cd5ee01d634291af6b",7.5,0.529349
"2ea5e2af535193cd5ee01d634291af6b",8,0.532608
"2ea5e2af535193cd5ee01d634291af6b",8.5,0.53602
"2ea5e2af535193cd5ee01d634291af6b",9,0.539585
"2ea5e2af535193cd5ee01d634291af6b",9.5,0.543302
"2ea5e2af535193cd5ee01d634291af6b",10,0.54717
"df2fadb416f9b62e708aded091f8e5de",0,0.388282
"df2fadb416f9b62e708aded091f8e5de",0.5,0.376263
"df2fadb416f9b62e708aded091f8e5de",1,0.366146
"df2fadb416f9b62e708aded091f8e5de",1.5,0.357882
"df2fadb416f9b62e708aded091f8e5de",2,0.351424
"df2fadb416f9b62e708aded091f8e5de",2.5,0.346731
"df2fadb416f9b62e708aded091f8e5de",3,0.343773
"df2fadb416f9b62e708aded091f8e5de",3.5,0.34253
"df2fadb416f9b62e708aded091f8e5de",4,0.342993
"df2fadb416f9b62e708aded091f8e5de",4.5,0.345165
"df2fadb416f9b62e708aded091f8e5de",5,0.349062
"df2fadb416f9b62e708aded091f8e5de",5.5,0.354708
"df2fadb416f9b62e708aded091f8e5de",6,0.362142
"df2fadb416f9b62e708aded091f8e5de",6.5,0.371405
"df2fadb416f9b62e708aded091f8e5de",7,0.382549
"df2fadb416f9b62e708aded091f8e5de",7.5,0.395622
"df2fadb416f9b62e708aded091f8e5de",8,0.410674
"df2fadb416f9b62e708aded091f8e5de",8.5,0.427742
"df2fadb416f9b62e708aded091f8e5de",9,0.446849
"df2fadb416f9b62e708aded091f8e5de",9.5,0.467994
"df2fadb416f9b62e708aded091f8e5de",10,0.491141
"2044ce9f171b6d12ebe53998d1faf994",0,0.305082
"2044ce9f171b6d12ebe53998d1faf994",0.5,0.301961
"2044ce9f171b6d12ebe53998d1faf994",1,0.300001
"2044ce9f171b6d12ebe53998d1faf994",1.5,0.299188
"2044ce9f171b6d12ebe53998d1faf994",2,0.299518
"2044ce9f171b6d12ebe53998d1faf994",2.5,0.300992
"2044ce9f171b6d12ebe53998d1faf994",3,0.303621
"2044ce9f171b6d12ebe53998d1faf994",3.5,0.30742
"2044ce9f171b6d12ebe53998d1faf994",4,0.312413
"2044ce9f171b6d12ebe53998d1faf994",4.5,0.318631
"2044ce9f171b6d12ebe53998d1faf994",5,0.326108
"2044ce9f171b6d12ebe53998d1faf994",5.5,0.334885
"2044ce9f171b6d12ebe53998d1faf994",6,0.345004
"2044ce9f171b6d12ebe53998d1faf994",6.5,0.356512
"2044ce9f171b6d12ebe53998d1faf994",7,0.369452
"2044ce9f171b6d12ebe53998d1faf994",7.5,0.383866
"2044ce9f171b6d12ebe53998d1faf994",8,0.399789
"2044ce9f171b6d12ebe53998d1faf994",8.5,0.417244
"2044ce9f171b6d12ebe53998d1faf994",9,0.436244
"2044ce9f171b6d12ebe53998d1faf994",9.5,0.456779
"2044ce9f171b6d12ebe53998d1faf994",10,0.478817
"f07a4576924650fd9a66f728a9453690",0,0.62852
"f07a4576924650fd9a66f728a9453690",0.5,0.60665
"f07a4576924650fd9a66f728a9453690",1,0.587086
"f07a4576924650fd9a66f728a9453690",1.5,0.570013
"f07a4576924650fd9a66f728a9453690",2,0.555561
"f07a4576924650fd9a66f728a9453690",2.5,0.543815
"f07a4576924650fd9a66f728a9453690",3,0.534828
"f07a4576924650fd9a66f728a9453690",3.5,0.528631
"f07a4576924650fd9a66f728a9453690",4,0.525239
"f07a4576924650fd9a66f728a9453690",4.5,0.524658
"f07a4576924650fd9a66f728a9453690",5,0.526891
"f07a4576924650fd9a66f728a9453690",5.5,0.531932
"f07a4576924650fd9a66f728a9453690",6,0.53977
"f07a4576924650fd9a66f728a9453690",6.5,0.550382
"f07a4576924650fd9a66f728a9453690",7,0.563726
"f07a4576924650fd9a66f728a9453690",7.5,0.579731
"f07a4576924650fd9a66f728a9453690",8,0.598286
"f07a4576924650fd9a66f728a9453690",8.5,0.61923
"f07a4576924650fd9a66f728a9453690",9,0.642342
"f07a4576924650fd9a66f728a9453690",9.5,0.667326
"f07a4576924650fd9a66f728a9453690",10,0.693815
"54da24a2f7439e9ccfcecb9c0ffab1c3",0,0.297323
"54da24a2f7439e9ccfcecb9c0ffab1c3",0.5,0.291686
"54da24a2f7439e9ccfcecb9c0ffab1c3",1,0.287302
"54da24a2f7439e9ccfcecb9c0ffab1c3",1.5,0.28414
"54da24a2f7439e9ccfcecb9c0ffab1c3",2,0.282176
"54da24a2f7439e9ccfcecb9c0ffab1c3",2.5,0.281396
"54da24a2f7439e9ccfcecb9c0ffab1c3",3,0.281793
"54da24a2f7439e9ccfcecb9c0ffab1c3",3.5,0.283371
"54da24a2f7439e9ccfcecb9c0ffab1c3",4,0.286141
"54da24a2f7439e9ccfcecb9c0ffab1c3",4.5,0.290124
"54da24a2f7439e9ccfcecb9c0ffab1c3",5,0.295349
"54da24a2f7439e9ccfcecb9c0ffab1c3",5.5,0.301853
"54da24a2f7439e9ccfcecb9c0ffab1c3",6,0.309679
"54da24a2f7439e9ccfcecb9c0ffab1c3",6.5,0.318876
"54da24a2f7439e9ccfcecb9c0ffab1c3",7,0.3295
"54da24a2f7439e9ccfcecb9c0ffab1c3",7.5,0.341607
"54da24a2f7439e9ccfcecb9c0ffab1c3",8,0.355253
"54da24a2f7439e9ccfcecb9c0ffab1c3",8.5,0.370492
"54da24a2f7439e9ccfcecb9c0ffab1c3",9,0.38737
"54da24a2f7439e9ccfcecb9c0ffab1c3",9.5,0.405922
"54da24a2f7439e9ccfcecb9c0ffab1c3",10,0.426166
"c38403f439beaf4f8ac6572ea9e65fc6",0,0.359013
"c38403f439beaf4f8ac6572ea9e65fc6",0.5,0.344956
"c38403f439beaf4f8ac6572ea9e65fc6",1,0.333689
"c38403f439beaf4f8ac6572ea9e65fc6",1.5,0.3251
"c38403f439beaf4f8ac6572ea9e65fc6",2,0.319094
"c38403f439beaf4f8ac6572ea9e65fc6",2.5,0.315601
"c38403f439beaf4f8ac6572ea9e65fc6",3,0.314578
"c38403f439beaf4f8ac6572ea9e65fc6",3.5,0.316011
"c38403f439beaf4f8ac6572ea9e65fc6",4,0.319919
"c38403f439beaf4f8ac6572ea9e65fc6",4.5,0.32635
"c38403f439beaf4f8ac6572ea9e65fc6",5,0.335378
"c38403f439beaf4f8ac6572ea9e65fc6",5.5,0.347102
"c38403f439beaf4f8ac6572ea9e65fc6",6,0.361635
"c38403f439beaf4f8ac6572ea9e65fc6",6.5,0.379099
"c38403f439beaf4f8ac6572ea9e65fc6",7,0.399606
"c38403f439beaf4f8ac6572ea9e65fc6",7.5,0.423244
"c38403f439beaf4f8ac6572ea9e65fc6",8,0.45005
"c38403f439beaf4f8ac6572ea9e65fc6",8.5,0.479988
"c38403f439beaf4f8ac6572ea9e65fc6",9,0.512913
"c38403f439beaf4f8ac6572ea9e65fc6",9.5,0.548549
"c38403f439beaf4f8ac6572ea9e65fc6",10,0.586464
"eabca4cf5628c7849ac574f0cc5e3581",0,0.590536
"eabca4cf5628c7849ac574f0cc5e3581",0.5,0.603826
"eabca4cf5628c7849ac574f0cc5e3581",1,0.614364
"eabca4cf5628c7849ac574f0cc5e3581",1.5,0.622216
"eabca4cf5628c7849ac574f0cc5e3581",2,0.627439
"eabca4cf5628c7849ac574f0cc5e3581",2.5,0.630074
"eabca4cf5628c7849ac574f0cc5e3581",3,0.630143
"eabca4cf5628c7849ac574f0cc5e3581",3.5,0.627647
"eabca4cf5628c7849ac574f0cc5e3581",4,0.622564
"eabca4cf5628c7849ac574f0cc5e3581",4.5,0.614855
"eabca4cf5628c7849ac574f0cc5e3581",5,0.604463
"eabca4cf5628c7849ac574f0cc5e3581",5.5,0.591323
"eabca4cf5628c7849ac574f0cc5e3581",6,0.575368
"eabca4cf5628c7849ac574f0cc5e3581",6.5,0.556545
"eabca4cf5628c7849ac574f0cc5e3581",7,0.534825
"eabca4cf5628c7849ac574f0cc5e3581",7.5,0.510227
"eabca4cf5628c7849ac574f0cc5e3581",8,0.482835
"eabca4cf5628c7849ac574f0cc5e3581",8.5,0.452822
"eabca4cf5628c7849ac574f0cc5e3581",9,0.420466
"eabca4cf5628c7849ac574f0cc5e3581",9.5,0.386168
"eabca4cf5628c7849ac574f0cc5e3581",10,0.350455
"9fb92bceb65a98a44413627366db6a5f",0,0.113136
"9fb92bceb65a98a44413627366db6a5f",0.5,0.166647
"9fb92bceb65a98a44413627366db6a5f",1,0.226164
"9fb92bceb65a98a44413627366db6a5f",1.5,0.285581
"9fb92bceb65a98a44413627366db6a5f",2,0.339247
"9fb92bceb65a98a44413627366db6a5f",2.5,0.383045
"9fb92bceb65a98a44413627366db6a5f",3,0.41452
"9fb92bceb65a98a44413627366db6a5f",3.5,0.432457
"9fb92bceb65a98a44413627366db6a5f",4,0.436377
"9fb92bceb65a98a44413627366db6a5f",4.5,0.426196
"9fb92bceb65a98a44413627366db6a5f",5,0.402148
"9fb92bceb65a98a44413627366db6a5f",5.5,0.364983
"9fb92bceb65a98a44413627366db6a5f",6,0.316401
"9fb92bceb65a98a44413627366db6a5f",6.5,0.259567
"9fb92bceb65a98a44413627366db6a5f",7,0.199344
"9fb92bceb65a98a44413627366db6a5f",7.5,0.14178
"9fb92bceb65a98a44413627366db6a5f",8,0.092602
"9fb92bceb65a98a44413627366db6a5f",8.5,0.055316
"9fb92bceb65a98a44413627366db6a5f",9,0.030249
"9fb92bceb65a98a44413627366db6a5f",9.5,0.015211
"9fb92bceb65a98a44413627366db6a5f",10,0.007072
"5728075f67a49815b4a412abc1f7cec5",0,0.12487
"5728075f67a49815b4a412abc1f7cec5",0.5,0.172314
"5728075f67a49815b4a412abc1f7cec5",1,0.223081
"5728075f67a49815b4a412abc1f7cec5",1.5,0.272798
"5728075f67a49815b4a412abc1f7cec5",2,0.317492
"5728075f67a49815b4a412abc1f7cec5",2.5,0.354171
"5728075f67a49815b4a412abc1f7cec5",3,0.380911
"5728075f67a49815b4a412abc1f7cec5",3.5,0.396643
"5728075f67a49815b4a412abc1f7cec5",4,0.400876
"5728075f67a49815b4a412abc1f7cec5",4.5,0.393495
"5728075f67a49815b4a412abc1f7cec5",5,0.374704
"5728075f67a49815b4a412abc1f7cec5",5.5,0.345128
"5728075f67a49815b4a412abc1f7cec5",6,0.306038
"5728075f67a49815b4a412abc1f7cec5",6.5,0.259637
"5728075f67a49815b4a412abc1f7cec5",7,0.20921
"5728075f67a49815b4a412abc1f7cec5",7.5,0.158919
"5728075f67a49815b4a412abc1f7cec5",8,0.113077
"5728075f67a49815b4a412abc1f7cec5",8.5,0.075063
"5728075f67a49815b4a412abc1f7cec5",9,0.046439
"5728075f67a49815b4a412abc1f7cec5",9.5,0.02682
"5728075f67a49815b4a412abc1f7cec5",10,0.014505
"3e4d980cf0ebd0d996bb36013b4daa02",0,0.554388
"3e4d980cf0ebd0d996bb36013b4daa02",0.5,0.471962
"3e4d980cf0ebd0d996bb36013b4daa02",1,0.397549
"3e4d980cf0ebd0d996bb36013b4daa02",1.5,0.333412
"3e4d980cf0ebd0d996bb36013b4daa02",2,0.280147
"3e4d980cf0ebd0d996bb36013b4daa02",2.5,0.237206
"3e4d980cf0ebd0d996bb36013b4daa02",3,0.203432
"3e4d980cf0ebd0d996bb36013b4daa02",3.5,0.177475
"3e4d980cf0ebd0d996bb36013b4daa02",4,0.158047
"3e4d980cf0ebd0d996bb36013b4daa02",4.5,0.144051
"3e4d980cf0ebd0d996bb36013b4daa02",5,0.134642
"3e4d980cf0ebd0d996bb36013b4daa02",5.5,0.129224
"3e4d980cf0ebd0d996bb36013b4daa02",6,0.127449
"3e4d980cf0ebd0d996bb36013b4daa02",6.5,0.129202
"3e4d980cf0ebd0d996bb36013b4daa02",7,0.134597
"3e4d980cf0ebd0d996bb36013b4daa02",7.5,0.143981
"3e4d980cf0ebd0d996bb36013b4daa02",8,0.157946
"3e4d980cf0ebd0d996bb36013b4daa02",8.5,0.177338
"3e4d980cf0ebd0d996bb36013b4daa02",9,0.203251
"3e4d980cf0ebd0d996bb36013b4daa02",9.5,0.236973
"3e4d980cf0ebd0d996bb36013b4daa02",10,0.279855
"f08ad085ef850c4333bfcee425a333c6",0,0.246663
"f08ad085ef850c4333bfcee425a333c6",0.5,0.329017
"f08ad085ef850c4333bfcee425a333c6",1,0.411962
"f08ad085ef850c4333bfcee425a333c6",1.5,0.488817
"f08ad085ef850c4333bfcee425a333c6",2,0.555192
"f08ad085ef850c4333bfcee425a333c6",2.5,0.609165
"f08ad085ef850c4333bfcee425a333c6",3,0.650604
"f08ad085ef850c4333bfcee425a333c6",3.5,0.680311
"f08ad085ef850c4333bfcee425a333c6",4,0.699329
"f08ad085ef850c4333bfcee425a333c6",4.5,0.708523
"f08ad085ef850c4333bfcee425a333c6",5,0.708365
"f08ad085ef850c4333bfcee425a333c6",5.5,0.698846
"f08ad085ef850c4333bfcee425a333c6",6,0.679479
"f08ad085ef850c4333bfcee425a333c6",6.5,0.649389
"f08ad085ef850c4333bfcee425a333c6",7,0.607531
"f08ad085ef850c4333bfcee425a333c6",7.5,0.553126
"f08ad085ef850c4333bfcee425a333c6",8,0.486348
"f08ad085ef850c4333bfcee425a333c6",8.5,0.409197
"f08ad085ef850c4333bfcee425a333c6",9,0.326152
"f08ad085ef850c4333bfcee425a333c6",9.5,0.243953
"f08ad085ef850c4333bfcee425a333c6",10,0.170037
"97d710f69695594d82e0edf625b11998",0,0.227893
"97d710f69695594d82e0edf625b11998",0.5,0.33031
"97d710f69695594d82e0edf625b11998",1,0.431115
"97d710f69695594d82e0edf625b11998",1.5,0.519983
"97d710f69695594d82e0edf625b11998",2,0.591324
"97d710f69695594d82e0edf625b11998",2.5,0.64357
"97d710f69695594d82e0edf625b11998",3,0.677444
"97d710f69695594d82e0edf625b11998",3.5,0.694323
"97d710f69695594d82e0edf625b11998",4,0.695168
"97d710f69695594d82e0edf625b11998",4.5,0.680035
"97d710f69695594d82e0edf625b11998",5,0.648042
"97d710f69695594d82e0edf625b11998",5.5,0.597816
"97d710f69695594d82e0edf625b11998",6,0.528496
"97d710f69695594d82e0edf625b11998",6.5,0.441316
"97d710f69695594d82e0edf625b11998",7,0.341373
"97d710f69695594d82e0edf625b11998",7.5,0.238514
"97d710f69695594d82e0edf625b11998",8,0.146006
"97d710f69695594d82e0edf625b11998",8.5,0.075979
"97d710f69695594d82e0edf625b11998",9,0.033008
"97d710f69695594d82e0edf625b11998",9.5,0.012044
"97d710f69695594d82e0edf625b11998",10,0.003792
"a511f78437888a49b044245713292406",0,0.809776
"a511f78437888a49b044245713292406",0.5,0.763141
"a511f78437888a49b044245713292406",1,0.717767
"a511f78437888a49b044245713292406",1.5,0.676462
"a511f78437888a49b044245713292406",2,0.641379
"a511f78437888a49b044245713292406",2.5,0.613972
"a511f78437888a49b044245713292406",3,0.595104
"a511f78437888a49b044245713292406",3.5,0.58523
"a511f78437888a49b044245713292406",4,0.584537
"a511f78437888a49b044245713292406",4.5,0.593038
"a511f78437888a49b044245713292406",5,0.610575
"a511f78437888a49b044245713292406",5.5,0.636741
"a511f78437888a49b044245713292406",6,0.670746
"a511f78437888a49b044245713292406",6.5,0.711236
"a511f78437888a49b044245713292406",7,0.756164
"a511f78437888a49b044245713292406",7.5,0.802807
"a511f78437888a49b044245713292406",8,0.848038
"a511f78437888a49b044245713292406",8.5,0.88886
"a511f78437888a49b044245713292406",9,0.923043
"a511f78437888a49b044245713292406",9.5,0.949578
"a511f78437888a49b044245713292406",10,0.968706
"a13a09c02b8648dc6e2f495e93e580d0",0,0.691406
"a13a09c02b8648dc6e2f495e93e580d0",0.5,0.666106
"a13a09c02b8648dc6e2f495e93e580d0",1,0.643444
"a13a09c02b8648dc6e2f495e93e580d0",1.5,0.623821
"a13a09c02b8648dc6e2f495e93e580d0",2,0.607532
"a13a09c02b8648dc6e2f495e93e580d0",2.5,0.594783
"a13a09c02b8648dc6e2f495e93e580d0",3,0.585707
"a13a09c02b8648dc6e2f495e93e580d0",3.5,0.580385
"a13a09c02b8648dc6e2f495e93e580d0",4,0.578861
"a13a09c02b8648dc6e2f495e93e580d0",4.5,0.581143
"a13a09c02b8648dc6e2f495e93e580d0",5,0.587217
"a13a09c02b8648dc6e2f495e93e580d0",5.5,0.597033
"a13a09c02b8648dc6e2f495e93e580d0",6,0.6105
"a13a09c02b8648dc6e2f495e93e580d0",6.5,0.627472
"a13a09c02b8648dc6e2f495e93e580d0",7,0.647727
"a13a09c02b8648dc6e2f495e93e580d0",7.5,0.670951
"a13a09c02b8648dc6e2f495e93e580d0",8,0.696717
"a13a09c02b8648dc6e2f495e93e580d0",8.5,0.724484
"a13a09c02b8648dc6e2f495e93e580d0",9,0.753593
"a13a09c02b8648dc6e2f495e93e580d0",9.5,0.783295
"a13a09c02b8648dc6e2f495e93e580d0",10,0.812788
"559bdf8e6ea3a8eee446253a665d738d",0,0.223334
"559bdf8e6ea3a8eee446253a665d738d",0.5,0.188162
"559bdf8e6ea3a8eee446253a665d738d",1,0.163147
"559bdf8e6ea3a8eee446253a665d738d",1.5,0.146342
"559bdf8e6ea3a8eee446253a665d738d",2,0.136281
"559bdf8e6ea3a8eee446253a665d738d",2.5,0.132038
"559bdf8e6ea3a8eee446253a665d738d",3,0.13321
"559bdf8e6ea3a8eee446253a665d738d",3.5,0.13991
"559bdf8e6ea3a8eee446253a665d738d",4,0.152766
"559bdf8e6ea3a8eee446253a665d738d",4.5,0.172939
"559bdf8e6ea3a8eee446253a665d738d",5,0.202121
"559bdf8e6ea3a8eee446253a665d738d",5.5,0.242408
"559bdf8e6ea3a8eee446253a665d738d",6,0.295946
"559bdf8e6ea3a8eee446253a665d738d",6.5,0.364187
"559bdf8e6ea3a8eee446253a665d738d",7,0.446801
"559bdf8e6ea3a8eee446253a665d738d",7.5,0.540677
"559bdf8e6ea3a8eee446253a665d738d",8,0.639783
"559bdf8e6ea3a8eee446253a665d738d",8.5,0.736276
"559bdf8e6ea3a8eee446253a665d738d",9,0.822206
"559bdf8e6ea3a8eee446253a665d738d",9.5,0.891134
"559bdf8e6ea3a8eee446253a665d738d",10,0.939935
"0766b5877d10236fd78e7d5ecead635f",0,0.088804
"0766b5877d10236fd78e7d5ecead635f",0.5,0.10731
"0766b5877d10236fd78e7d5ecead635f",1,0.129497
"0766b5877d10236fd78e7d5ecead635f",1.5,0.155773
"0766b5877d10236fd78e7d5ecead635f",2,0.186424
"0766b5877d10236fd78e7d5ecead635f",2.5,0.221561
"0766b5877d10236fd78e7d5ecead635f",3,0.261061
"0766b5877d10236fd78e7d5ecead635f",3.5,0.304564
"0766b5877d10236fd78e7d5ecead635f",4,0.351493
"0766b5877d10236fd78e7d5ecead635f",4.5,0.401133
"0766b5877d10236fd78e7d5ecead635f",5,0.452707
"0766b5877d10236fd78e7d5ecead635f",5.5,0.505462
"0766b5877d10236fd78e7d5ecead635f",6,0.558719
"0766b5877d10236fd78e7d5ecead635f",6.5,0.611899
"0766b5877d10236fd78e7d5ecead635f",7,0.664485
"0766b5877d10236fd78e7d5ecead635f",7.5,0.715919
"0766b5877d10236fd78e7d5ecead635f",8,0.765457
"0766b5877d10236fd78e7d5ecead635f",8.5,0.812082
"0766b5877d10236fd78e7d5ecead635f",9,0.854573
"0766b5877d10236fd78e7d5ecead635f",9.5,0.89174
"0766b5877d10236fd78e7d5ecead635f",10,0.922711
"df0cf1c507d973f5a0b661b3d11334a3",0,0.848755
"df0cf1c507d973f5a0b661b3d11334a3",0.5,0.846069
"df0cf1c507d973f5a0b661b3d11334a3",1,0.843376
"df0cf1c507d973f5a0b661b3d11334a3",1.5,0.840675
"df0cf1c507d973f5a0b661b3d11334a3",2,0.837969
"df0cf1c507d973f5a0b661b3d11334a3",2.5,0.835257
"df0cf1c507d973f5a0b661b3d11334a3",3,0.832542
"df0cf1c507d973f5a0b661b3d11334a3",3.5,0.829824
"df0cf1c507d973f5a0b661b3d11334a3",4,0.827104
"df0cf1c507d973f5a0b661b3d11334a3",4.5,0.824384
"df0cf1c507d973f5a0b661b3d11334a3",5,0.821664
"df0cf1c507d973f5a0b661b3d11334a3",5.5,0.818946
"df0cf1c507d973f5a0b661b3d11334a3",6,0.81623
"df0cf1c507d973f5a0b661b3d11334a3",6.5,0.813518
"df0cf1c507d973f5a0b661b3d11334a3",7,0.81081
"df0cf1c507d973f5a0b661b3d11334a3",7.5,0.808109
"df0cf1c507d973f5a0b661b3d11334a3",8,0.805415
"df0cf1c507d973f5a0b661b3d11334a3",8.5,0.802728
"df0cf1c507d973f5a0b661b3d11334a3",9,0.800051
"df0cf1c507d973f5a0b661b3d11334a3",9.5,0.797383
"df0cf1c507d973f5a0b661b3d11334a3",10,0.794727
"2b6446c0b78c4756922f5076fb5dfe61",0,0.150726
"2b6446c0b78c4756922f5076fb5dfe61",0.5,0.119767
"2b6446c0b78c4756922f5076fb5dfe61",1,0.096942
"2b6446c0b78c4756922f5076fb5dfe61",1.5,0.080235
"2b6446c0b78c4756922f5076fb5dfe61",2,0.068088
"2b6446c0b78c4756922f5076fb5dfe61",2.5,0.059358
"2b6446c0b78c4756922f5076fb5dfe61",3,0.053229
"2b6446c0b78c4756922f5076fb5dfe61",3.5,0.049144
"2b6446c0b78c4756922f5076fb5dfe61",4,0.04674
"2b6446c0b78c4756922f5076fb5dfe61",4.5,0.045808
"2b6446c0b78c4756922f5076fb5dfe61",5,0.046269
"2b6446c0b78c4756922f5076fb5dfe61",5.5,0.048161
"2b6446c0b78c4756922f5076fb5dfe61",6,0.051649
"2b6446c0b78c4756922f5076fb5dfe61",6.5,0.057039
"2b6446c0b78c4756922f5076fb5dfe61",7,0.064818
"2b6446c0b78c4756922f5076fb5dfe61",7.5,0.075706
"2b6446c0b78c4756922f5076fb5dfe61",8,0.090728
"2b6446c0b78c4756922f5076fb5dfe61",8.5,0.111294
"2b6446c0b78c4756922f5076fb5dfe61",9,0.139265
"2b6446c0b78c4756922f5076fb5dfe61",9.5,0.176938
"2b6446c0b78c4756922f5076fb5dfe61",10,0.22685
"1d74664847cbb9501f2efff74d88031f",0,0.95549
"1d74664847cbb9501f2efff74d88031f",0.5,0.934956
"1d74664847cbb9501f2efff74d88031f",1,0.910857
"1d74664847cbb9501f2efff74d88031f",1.5,0.885092
"1d74664847cbb9501f2efff74d88031f",2,0.86012
"1d74664847cbb9501f2efff74d88031f",2.5,0.838471
"1d74664847cbb9501f2efff74d88031f",3,0.822323
"1d74664847cbb9501f2efff74d88031f",3.5,0.813241
"1d74664847cbb9501f2efff74d88031f",4,0.812074
"1d74664847cbb9501f2efff74d88031f",4.5,0.818928
"1d74664847cbb9501f2efff74d88031f",5,0.833169
"1d74664847cbb9501f2efff74d88031f",5.5,0.853431
"1d74664847cbb9501f2efff74d88031f",6,0.877696
"1d74664847cbb9501f2efff74d88031f",6.5,0.903498
"1d74664847cbb9501f2efff74d88031f",7,0.928305
"1d74664847cbb9501f2efff74d88031f",7.5,0.950012
"1d74664847cbb9501f2efff74d88031f",8,0.96735
"1d74664847cbb9501f2efff74d88031f",8.5,0.980027
"1d74664847cbb9501f2efff74d88031f",9,0.988546
"1d74664847cbb9501f2efff74d88031f",9.5,0.993833
"1d74664847cbb9501f2efff74d88031f",10,0.996877
"bb27f91f4e80646f7bd9194555f373a0",0,0.336031
"bb27f91f4e80646f7bd9194555f373a0",0.5,0.334797
"bb27f91f4e80646f7bd9194555f373a0",1,0.333614
"bb27f91f4e80646f7bd9194555f373a0",1.5,0.332483
"bb27f91f4e80646f7bd9194555f373a0",2,0.331403
"bb27f91f4e80646f7bd9194555f373a0",2.5,0.330375
"bb27f91f4e80646f7bd9194555f373a0",3,0.329397
"bb27f91f4e80646f7bd9194555f373a0",3.5,0.328469
"bb27f91f4e80646f7bd9194555f373a0",4,0.327593
"bb27f91f4e80646f7bd9194555f373a0",4.5,0.326766
"bb27f91f4e80646f7bd9194555f373a0",5,0.325989
"bb27f91f4e80646f7bd9194555f373a0",5.5,0.325262
"bb27f91f4e80646f7bd9194555f373a0",6,0.324585
"bb27f91f4e80646f7bd9194555f373a0",6.5,0.323957
"bb27f91f4e80646f7bd9194555f373a0",7,0.323378
"bb27f91f4e80646f7bd9194555f373a0",7.5,0.322849
"bb27f91f4e80646f7bd9194555f373a0",8,0.322369
"bb27f91f4e80646f7bd9194555f373a0",8.5,0.321937
"bb27f91f4e80646f7bd9194555f373a0",9,0.321555
"bb27f91f4e80646f7bd9194555f373a0",9.5,0.321221
"bb27f91f4e80646f7bd9194555f373a0",10,0.320937
"77e5fb470b02d64fb3dd8fc5d13d7925",0,0.221544
"77e5fb470b02d64fb3dd8fc5d13d7925",0.5,0.244201
"77e5fb470b02d64fb3dd8fc5d13d7925",1,0.266094
"77e5fb470b02d64fb3dd8fc5d13d7925",1.5,0.286813
"77e5fb470b02d64fb3dd8fc5d13d7925",2,0.305995
"77e5fb470b02d64fb3dd8fc5d13d7925",2.5,0.323332
"77e5fb470b02d64fb3dd8fc5d13d7925",3,0.338569
"77e5fb470b02d64fb3dd8fc5d13d7925",3.5,0.351507
"77e5fb470b02d64fb3dd8fc5d13d7925",4,0.361991
"77e5fb470b02d64fb3dd8fc5d13d7925",4.5,0.36991
"77e5fb470b02d64fb3dd8fc5d13d7925",5,0.375187
"77e5fb470b02d64fb3dd8fc5d13d7925",5.5,0.377775
"77e5fb470b02d64fb3dd8fc5d13d7925",6,0.377652
"77e5fb470b02d64fb3dd8fc5d13d7925",6.5,0.374817
"77e5fb470b02d64fb3dd8fc5d13d7925",7,0.369297
"77e5fb470b02d64fb3dd8fc5d13d7925",7.5,0.361141
"77e5fb470b02d64fb3dd8fc5d13d7925",8,0.350428
"77e5fb470b02d64fb3dd8fc5d13d7925",8.5,0.337275
"77e5fb470b02d64fb3dd8fc5d13d7925",9,0.321837
"77e5fb470b02d64fb3dd8fc5d13d7925",9.5,0.304321
"77e5fb470b02d64fb3dd8fc5d13d7925",10,0.284985
"9b31a157897e11445baac0c60436205f",0,0.542748
"9b31a157897e11445baac0c60436205f",0.5,0.509572
"9b31a157897e11445baac0c60436205f",1,0.481503
"9b31a157897e11445baac0c60436205f",1.5,0.458696
"9b31a157897e11445baac0c60436205f",2,0.441158
"9b31a157897e11445baac0c60436205f",2.5,0.428825
"9b31a157897e11445baac0c60436205f",3,0.421615
"9b31a157897e11445baac0c60436205f",3.5,0.419464
"9b31a157897e11445baac0c60436205f",4,0.422354
"9b31a157897e11445baac0c60436205f",4.5,0.43031
"9b31a157897e11445baac0c60436205f",5,0.443401
"9b31a157897e11445baac0c60436205f",5.5,0.461708
"9b31a157897e11445baac0c60436205f",6,0.48529
"9b31a157897e11445baac0c60436205f",6.5,0.514121
"9b31a157897e11445baac0c60436205f",7,0.54802
"9b31a157897e11445baac0c60436205f",7.5,0.586561
"9b31a157897e11445baac0c60436205f",8,0.629001
"9b31a157897e11445baac0c60436205f",8.5,0.674225
"9b31a157897e11445baac0c60436205f",9,0.720769
"9b31a157897e11445baac0c60436205f",9.5,0.766908
"9b31a157897e11445baac0c60436205f",10,0.810853
"eb4109800459a85c866ed44227f1d1dd",0,0.41848
"eb4109800459a85c866ed44227f1d1dd",0.5,0.440099
"eb4109800459a85c866ed44227f1d1dd",1,0.456489
"eb4109800459a85c866ed44227f1d1dd",1.5,0.467496
"eb4109800459a85c866ed44227f1d1dd",2,0.47305
"eb4109800459a85c866ed44227f1d1dd",2.5,0.473121
"eb4109800459a85c866ed44227f1d1dd",3,0.467709
"eb4109800459a85c866ed44227f1d1dd",3.5,0.456841
"eb4109800459a85c866ed44227f1d1dd",4,0.440589
"eb4109800459a85c866ed44227f1d1dd",4.5,0.419102
"eb4109800459a85c866ed44227f1d1dd",5,0.392655
"eb4109800459a85c866ed44227f1d1dd",5.5,0.361701
"eb4109800459a85c866ed44227f1d1dd",6,0.326924
"eb4109800459a85c866ed44227f1d1dd",6.5,0.289271
"eb4109800459a85c866ed44227f1d1dd",7,0.249955
"eb4109800459a85c866ed44227f1d1dd",7.5,0.210397
"eb4109800459a85c866ed44227f1d1dd",8,0.172118
"eb4109800459a85c866ed44227f1d1dd",8.5,0.136575
"eb4109800459a85c866ed44227f1d1dd",9,0.104969
"eb4109800459a85c866ed44227f1d1dd",9.5,0.078089
"eb4109800459a85c866ed44227f1d1dd",10,0.05623
"700b09b3d484bce9cbe7525c44b03ee8",0,0.335322
"700b09b3d484bce9cbe7525c44b03ee8",0.5,0.355549
"700b09b3d484bce9cbe7525c44b03ee8",1,0.373033
"700b09b3d484bce9cbe7525c44b03ee8",1.5,0.387536
"700b09b3d484bce9cbe7525c44b03ee8",2,0.39889
"700b09b3d484bce9cbe7525c44b03ee8",2.5,0.40698
"700b09b3d484bce9cbe7525c44b03ee8",3,0.411737
"700b09b3d484bce9cbe7525c44b03ee8",3.5,0.413123
"700b09b3d484bce9cbe7525c44b03ee8",4,0.411128
"700b09b3d484bce9cbe7525c44b03ee8",4.5,0.405767
"700b09b3d484bce9cbe7525c44b03ee8",5,0.397082
"700b09b3d484bce9cbe7525c44b03ee8",5.5,0.385151
"700b09b3d484bce9cbe7525c44b03ee8",6,0.370097
"700b09b3d484bce9cbe7525c44b03ee8",6.5,0.352098
"700b09b3d484bce9cbe7525c44b03ee8",7,0.331408
"700b09b3d484bce9cbe7525c44b03ee8",7.5,0.308361
"700b09b3d484bce9cbe7525c44b03ee8",8,0.283382
"700b09b3d484bce9cbe7525c44b03ee8",8.5,0.256985
"700b09b3d484bce9cbe7525c44b03ee8",9,0.229761
"700b09b3d484bce9cbe7525c44b03ee8",9.5,0.202354
"700b09b3d484bce9cbe7525c44b03ee8",10,0.175424
"7104c2b438448b771cffb77cb29ac0fc",0,0.520036
"7104c2b438448b771cffb77cb29ac0fc",0.5,0.478151
"7104c2b438448b771cffb77cb29ac0fc",1,0.442566
"7104c2b438448b771cffb77cb29ac0fc",1.5,0.413452
"7104c2b438448b771cffb77cb29ac0fc",2,0.39072
"7104c2b438448b771cffb77cb29ac0fc",2.5,0.374158
"7104c2b438448b771cffb77cb29ac0fc",3,0.363535
"7104c2b438448b771cffb77cb29ac0fc",3.5,0.358668
"7104c2b438448b771cffb77cb29ac0fc",4,0.359465
"7104c2b438448b771cffb77cb29ac0fc",4.5,0.365941
"7104c2b438448b771cffb77cb29ac0fc",5,0.378216
"7104c2b438448b771cffb77cb29ac0fc",5.5,0.396493
"7104c2b438448b771cffb77cb29ac0fc",6,0.421006
"7104c2b438448b771cffb77cb29ac0fc",6.5,0.451943
"7104c2b438448b771cffb77cb29ac0fc",7,0.489335
"7104c2b438448b771cffb77cb29ac0fc",7.5,0.532913
"7104c2b438448b771cffb77cb29ac0fc",8,0.581953
"7104c2b438448b771cffb77cb29ac0fc",8.5,0.635156
"7104c2b438448b771cffb77cb29ac0fc",9,0.690618
"7104c2b438448b771cffb77cb29ac0fc",9.5,0.745944
"7104c2b438448b771cffb77cb29ac0fc",10,0.798543
"92a4038dc8d70f533c39a1283f00c877",0,0.384813
"92a4038dc8d70f533c39a1283f00c877",0.5,0.364101
"92a4038dc8d70f533c39a1283f00c877",1,0.346187
"92a4038dc8d70f533c39a1283f00c877",1.5,0.330957
"92a4038dc8d70f533c39a1283f00c877",2,0.318288
"92a4038dc8d70f533c39a1283f00c877",2.5,0.308059
"92a4038dc8d70f533c39a1283f00c877",3,0.300164
"92a4038dc8d70f533c39a1283f00c877",3.5,0.294511
"92a4038dc8d70f533c39a1283f00c877",4,0.291032
"92a4038dc8d70f533c39a1283f00c877",4.5,0.289684
"92a4038dc8d70f533c39a1283f00c877",5,0.290451
"92a4038dc8d70f533c39a1283f00c877",5.5,0.293341
"92a4038dc8d70f533c39a1283f00c877",6,0.298391
"92a4038dc8d70f533c39a1283f00c877",6.5,0.305663
"92a4038dc8d70f533c39a1283f00c877",7,0.31524
"92a4038dc8d70f533c39a1283f00c877",7.5,0.327228
"92a4038dc8d70f533c39a1283f00c877",8,0.341742
"92a4038dc8d70f533c39a1283f00c877",8.5,0.358907
"92a4038dc8d70f533c39a1283f00c877",9,0.37884
"92a4038dc8d70f533c39a1283f00c877",9.5,0.401641
"92a4038dc8d70f533c39a1283f00c877",10,0.427368
"68105949e2b7e33c090753ca72434c71",0,0.242037
"68105949e2b7e33c090753ca72434c71",0.5,0.249614
"68105949e2b7e33c090753ca72434c71",1,0.256997
"68105949e2b7e33c090753ca72434c71",1.5,0.264163
"68105949e2b7e33c090753ca72434c71",2,0.271092
"68105949e2b7e33c090753ca72434c71",2.5,0.277766
"68105949e2b7e33c090753ca72434c71",3,0.284167
"68105949e2b7e33c090753ca72434c71",3.5,0.290278
"68105949e2b7e33c090753ca72434c71",4,0.296084
"68105949e2b7e33c090753ca72434c71",4.5,0.30157
"68105949e2b7e33c090753ca72434c71",5,0.306724
"68105949e2b7e33c090753ca72434c71",5.5,0.311533
"68105949e2b7e33c090753ca72434c71",6,0.315988
"68105949e2b7e33c090753ca72434c71",6.5,0.320078
"68105949e2b7e33c090753ca72434c71",7,0.323796
"68105949e2b7e33c090753ca72434c71",7.5,0.327133
"68105949e2b7e33c090753ca72434c71",8,0.330083
"68105949e2b7e33c090753ca72434c71",8.5,0.332641
"68105949e2b7e33c090753ca72434c71",9,0.334801
"68105949e2b7e33c090753ca72434c71",9.5,0.33656
"68105949e2b7e33c090753ca72434c71",10,0.337914
"37730e1f0aafd615c8b16abe71153ea5",0,0.593171
"37730e1f0aafd615c8b16abe71153ea5",0.5,0.571214
"37730e1f0aafd615c8b16abe71153ea5",1,0.551077
"37730e1f0aafd615c8b16abe71153ea5",1.5,0.532889
"37730e1f0aafd615c8b16abe71153ea5",2,0.516736
"37730e1f0aafd615c8b16abe71153ea5",2.5,0.502672
"37730e1f0aafd615c8b16abe71153ea5",3,0.490729
"37730e1f0aafd615c8b16abe71153ea5",3.5,0.480917
"37730e1f0aafd615c8b16abe71153ea5",4,0.473238
"37730e1f0aafd615c8b16abe71153ea5",4.5,0.467687
"37730e1f0aafd615c8b16abe71153ea5",5,0.464258
"37730e1f0aafd615c8b16abe71153ea5",5.5,0.462945
"37730e1f0aafd615c8b16abe71153ea5",6,0.463746
"37730e1f0aafd615c8b16abe71153ea5",6.5,0.466662
"37730e1f0aafd615c8b16abe71153ea5",7,0.471698
"37730e1f0aafd615c8b16abe71153ea5",7.5,0.478861
"37730e1f0aafd615c8b16abe71153ea5",8,0.488156
"37730e1f0aafd615c8b16abe71153ea5",8.5,0.499584
"37730e1f0aafd615c8b16abe71153ea5",9,0.513136
"37730e1f0aafd615c8b16abe71153ea5",9.5,0.528787
"37730e1f0aafd615c8b16abe71153ea5",10,0.546489
"dd99dda898750e12cec91e9d7e541523",0,0.453609
"dd99dda898750e12cec91e9d7e541523",0.5,0.433123
"dd99dda898750e12cec91e9d7e541523",1,0.41565
"dd99dda898750e12cec91e9d7e541523",1.5,0.401145
"dd99dda898750e12cec91e9d7e541523",2,0.38954
"dd99dda898750e12cec91e9d7e541523",2.5,0.380764
"dd99dda898750e12cec91e9d7e541523",3,0.374756
"dd99dda898750e12cec91e9d7e541523",3.5,0.371466
"dd99dda898750e12cec91e9d7e541523",4,0.370867
"dd99dda898750e12cec91e9d7e541523",4.5,0.372952
"dd99dda898750e12cec91e9d7e541523",5,0.377741
"dd99dda898750e12cec91e9d7e541523",5.5,0.385273
"dd99dda898750e12cec91e9d7e541523",6,0.395605
"dd99dda898750e12cec91e9d7e541523",6.5,0.408806
"dd99dda898750e12cec91e9d7e541523",7,0.424946
"dd99dda898750e12cec91e9d7e541523",7.5,0.444082
"dd99dda898750e12cec91e9d7e541523",8,0.466243
"dd99dda898750e12cec91e9d7e541523",8.5,0.491411
"dd99dda898750e12cec91e9d7e541523",9,0.519493
"dd99dda898750e12cec91e9d7e541523",9.5,0.550301
"dd99dda898750e12cec91e9d7e541523",10,0.583529
"eaa4e5d1eecfe39e94e47f8c6c750107",0,0.265785
"eaa4e5d1eecfe39e94e47f8c6c750107",0.5,0.259412
"eaa4e5d1eecfe39e94e47f8c6c750107",1,0.255072
"eaa4e5d1eecfe39e94e47f8c6c750107",1.5,0.252704
"eaa4e5d1eecfe39e94e47f8c6c750107",2,0.25227
"eaa4e5d1eecfe39e94e47f8c6c750107",2.5,0.253766
"eaa4e5d1eecfe39e94e47f8c6c750107",3,0.257212
"eaa4e5d1eecfe39e94e47f8c6c750107",3.5,0.262661
"eaa4e5d1eecfe39e94e47f8c6c750107",4,0.27019
"eaa4e5d1eecfe39e94e47f8c6c750107",4.5,0.279904
"eaa4e5d1eecfe39e94e47f8c6c750107",5,0.291929
"eaa4e5d1eecfe39e94e47f8c6c750107",5.5,0.306412
"eaa4e5d1eecfe39e94e47f8c6c750107",6,0.32351
"eaa4e5d1eecfe39e94e47f8c6c750107",6.5,0.34338
"eaa4e5d1eecfe39e94e47f8c6c750107",7,0.366166
"eaa4e5d1eecfe39e94e47f8c6c750107",7.5,0.391983
"eaa4e5d1eecfe39e94e47f8c6c750107",8,0.420886
"eaa4e5d1eecfe39e94e47f8c6c750107",8.5,0.45285
"eaa4e5d1eecfe39e94e47f8c6c750107",9,0.487739
"eaa4e5d1eecfe39e94e47f8c6c750107",9.5,0.525277
"eaa4e5d1eecfe39e94e47f8c6c750107",10,0.565027
"71dffb1410ab098e4ce47c556c642ca5",0,0.587759
"71dffb1410ab098e4ce47c556c642ca5",0.5,0.595262
"71dffb1410ab098e4ce47c556c642ca5",1,0.600615
"71dffb1410ab098e4ce47c556c642ca5",1.5,0.603845
"71dffb1410ab098e4ce47c556c642ca5",2,0.604969
"71dffb1410ab098e4ce47c556c642ca5",2.5,0.603991
"71dffb1410ab098e4ce47c556c642ca5",3,0.600908
"71dffb1410ab098e4ce47c556c642ca5",3.5,0.595703
"71dffb1410ab098e4ce47c556c642ca5",4,0.58835
"71dffb1410ab098e4ce47c556c642ca5",4.5,0.578818
"71dffb1410ab098e4ce47c556c642ca5",5,0.567073
"71dffb1410ab098e4ce47c556c642ca5",5.5,0.553083
"71dffb1410ab098e4ce47c556c642ca5",6,0.536827
"71dffb1410ab098e4ce47c556c642ca5",6.5,0.518301
"71dffb1410ab098e4ce47c556c642ca5",7,0.497531
"71dffb1410ab098e4ce47c556c642ca5",7.5,0.47458
"71dffb1410ab098e4ce47c556c642ca5",8,0.449562
"71dffb1410ab098e4ce47c556c642ca5",8.5,0.422651
"71dffb1410ab098e4ce47c556c642ca5",9,0.394088
"71dffb1410ab098e4ce47c556c642ca5",9.5,0.36419
"71dffb1410ab098e4ce47c556c642ca5",10,0.33334
"fb6d3ce42e8604b2f54dcbb8b521b991",0,0.151388
"fb6d3ce42e8604b2f54dcbb8b521b991",0.5,0.151519
"fb6d3ce42e8604b2f54dcbb8b521b991",1,0.151215
"fb6d3ce42e8604b2f54dcbb8b521b991",1.5,0.150478
"fb6d3ce42e8604b2f54dcbb8b521b991",2,0.149314
"fb6d3ce42e8604b2f54dcbb8b521b991",2.5,0.147728
"fb6d3ce42e8604b2f54dcbb8b521b991",3,0.145734
"fb6d3ce42e8604b2f54dcbb8b521b991",3.5,0.143345
"fb6d3ce42e8604b2f54dcbb8b521b991",4,0.140576
"fb6d3ce42e8604b2f54dcbb8b521b991",4.5,0.137447
"fb6d3ce42e8604b2f54dcbb8b521b991",5,0.13398
"fb6d3ce42e8604b2f54dcbb8b521b991",5.5,0.1302
"fb6d3ce42e8604b2f54dcbb8b521b991",6,0.126131
"fb6d3ce42e8604b2f54dcbb8b521b991",6.5,0.121803
"fb6d3ce42e8604b2f54dcbb8b521b991",7,0.117246
"fb6d3ce42e8604b2f54dcbb8b521b991",7.5,0.112491
"fb6d3ce42e8604b2f54dcbb8b521b991",8,0.107572
"fb6d3ce42e8604b2f54dcbb8b521b991",8.5,0.102522
"fb6d3ce42e8604b2f54dcbb8b521b991",9,0.097375
"fb6d3ce42e8604b2f54dcbb8b521b991",9.5,0.092165
"fb6d3ce42e8604b2f54dcbb8b521b991",10,0.086927
"51947909f45c06ecfc129a5ada0fff8b",0,0.026243
"51947909f45c06ecfc129a5ada0fff8b",0.5,0.037822
"51947909f45c06ecfc129a5ada0fff8b",1,0.052513
"51947909f45c06ecfc129a5ada0fff8b",1.5,0.070241
"51947909f45c06ecfc129a5ada0fff8b",2,0.090566
"51947909f45c06ecfc129a5ada0fff8b",2.5,0.112693
"51947909f45c06ecfc129a5ada0fff8b",3,0.135552
"51947909f45c06ecfc129a5ada0fff8b",3.5,0.157933
"51947909f45c06ecfc129a5ada0fff8b",4,0.178617
"51947909f45c06ecfc129a5ada0fff8b",4.5,0.196497
"51947909f45c06ecfc129a5ada0fff8b",5,0.210652
"51947909f45c06ecfc129a5ada0fff8b",5.5,0.220387
"51947909f45c06ecfc129a5ada0fff8b",6,0.225245
"51947909f45c06ecfc129a5ada0fff8b",6.5,0.225006
"51947909f45c06ecfc129a5ada0fff8b",7,0.219679
"51947909f45c06ecfc129a5ada0fff8b",7.5,0.209508
"51947909f45c06ecfc129a5ada0fff8b",8,0.194972
"51947909f45c06ecfc129a5ada0fff8b",8.5,0.176788
"51947909f45c06ecfc129a5ada0fff8b",9,0.155896
"51947909f45c06ecfc129a5ada0fff8b",9.5,0.133418
"51947909f45c06ecfc129a5ada0fff8b",10,0.110577
"339fc33968e30817ad291b527695487c",0,0.51268
"339fc33968e30817ad291b527695487c",0.5,0.581277
"339fc33968e30817ad291b527695487c",1,0.642122
"339fc33968e30817ad291b527695487c",1.5,0.69437
"339fc33968e30817ad291b527695487c",2,0.738076
"339fc33968e30817ad291b527695487c",2.5,0.773871
"339fc33968e30817ad291b527695487c",3,0.802673
"339fc33968e30817ad291b527695487c",3.5,0.82547
"339fc33968e30817ad291b527695487c",4,0.843191
"339fc33968e30817ad291b527695487c",4.5,0.856636
"339fc33968e30817ad291b527695487c",5,0.86645
"339fc33968e30817ad291b527695487c",5.5,0.873119
"339fc33968e30817ad291b527695487c",6,0.876982
"339fc33968e30817ad291b527695487c",6.5,0.878236
"339fc33968e30817ad291b527695487c",7,0.876945
"339fc33968e30817ad291b527695487c",7.5,0.873043
"339fc33968e30817ad291b527695487c",8,0.86633
"339fc33968e30817ad291b527695487c",8.5,0.856467
"339fc33968e30817ad291b527695487c",9,0.842965
"339fc33968e30817ad291b527695487c",9.5,0.825176
"339fc33968e30817ad291b527695487c",10,0.802298
"5d3150df6e1d0725bbc5c4045af22507",0,0.07859
"5d3150df6e1d0725bbc5c4045af22507",0.5,0.11902
"5d3150df6e1d0725bbc5c4045af22507",1,0.166691
"5d3150df6e1d0725bbc5c4045af22507",1.5,0.217264
"5d3150df6e1d0725bbc5c4045af22507",2,0.265801
"5d3150df6e1d0725bbc5c4045af22507",2.5,0.307969
"5d3150df6e1d0725bbc5c4045af22507",3,0.340644
"5d3150df6e1d0725bbc5c4045af22507",3.5,0.361903
"5d3150df6e1d0725bbc5c4045af22507",4,0.370756
"5d3150df6e1d0725bbc5c4045af22507",4.5,0.366849
"5d3150df6e1d0725bbc5c4045af22507",5,0.350334
"5d3150df6e1d0725bbc5c4045af22507",5.5,0.321926
"5d3150df6e1d0725bbc5c4045af22507",6,0.283146
"5d3150df6e1d0725bbc5c4045af22507",6.5,0.236631
"5d3150df6e1d0725bbc5c4045af22507",7,0.186274
"5d3150df6e1d0725bbc5c4045af22507",7.5,0.136895
"5d3150df6e1d0725bbc5c4045af22507",8,0.093233
"5d3150df6e1d0725bbc5c4045af22507",8.5,0.058595
"5d3150df6e1d0725bbc5c4045af22507",9,0.033968
"5d3150df6e1d0725bbc5c4045af22507",9.5,0.018212
"5d3150df6e1d0725bbc5c4045af22507",10,0.009068
"6b2aa1825371372d75e41fe4ef52b039",0,0.056576
"6b2aa1825371372d75e41fe4ef52b039",0.5,0.051494
"6b2aa1825371372d75e41fe4ef52b039",1,0.048264
"6b2aa1825371372d75e41fe4ef52b039",1.5,0.046617
"6b2aa1825371372d75e41fe4ef52b039",2,0.046416
"6b2aa1825371372d75e41fe4ef52b039",2.5,0.047645
"6b2aa1825371372d75e41fe4ef52b039",3,0.050405
"6b2aa1825371372d75e41fe4ef52b039",3.5,0.054926
"6b2aa1825371372d75e41fe4ef52b039",4,0.06159
"6b2aa1825371372d75e41fe4ef52b039",4.5,0.070964
"6b2aa1825371372d75e41fe4ef52b039",5,0.083843
"6b2aa1825371372d75e41fe4ef52b039",5.5,0.101298
"6b2aa1825371372d75e41fe4ef52b039",6,0.124699
"6b2aa1825371372d75e41fe4ef52b039",6.5,0.155695
"6b2aa1825371372d75e41fe4ef52b039",7,0.196074
"6b2aa1825371372d75e41fe4ef52b039",7.5,0.247451
"6b2aa1825371372d75e41fe4ef52b039",8,0.310726
"6b2aa1825371372d75e41fe4ef52b039",8.5,0.38543
"6b2aa1825371372d75e41fe4ef52b039",9,0.469265
"6b2aa1825371372d75e41fe4ef52b039",9.5,0.558263
"6b2aa1825371372d75e41fe4ef52b039",10,0.647573
"acc0267f6cd2a2c972c545e272f1a1fd",0,0.709842
"acc0267f6cd2a2c972c545e272f1a1fd",0.5,0.772803
"acc0267f6cd2a2c972c545e272f1a1fd",1,0.817298
"acc0267f6cd2a2c972c545e272f1a1fd",1.5,0.84664
"acc0267f6cd2a2c972c545e272f1a1fd",2,0.864169
"acc0267f6cd2a2c972c545e272f1a1fd",2.5,0.872259
"acc0267f6cd2a2c972c545e272f1a1fd",3,0.872082
"acc0267f6cd2a2c972c545e272f1a1fd",3.5,0.863612
"acc0267f6cd2a2c972c545e272f1a1fd",4,0.845624
"acc0267f6cd2a2c972c545e272f1a1fd",4.5,0.815694
"acc0267f6cd2a2c972c545e272f1a1fd",5,0.770454
"acc0267f6cd2a2c972c545e272f1a1fd",5.5,0.706633
"acc0267f6cd2a2c972c545e272f1a1fd",6,0.623297
"acc0267f6cd2a2c972c545e272f1a1fd",6.5,0.524454
"acc0267f6cd2a2c972c545e272f1a1fd",7,0.41907
"acc0267f6cd2a2c972c545e272f1a1fd",7.5,0.316088
"acc0267f6cd2a2c972c545e272f1a1fd",8,0.219107
"acc0267f6cd2a2c972c545e272f1a1fd",8.5,0.130616
"acc0267f6cd2a2c972c545e272f1a1fd",9,0.061997
"acc0267f6cd2a2c972c545e272f1a1fd",9.5,0.023185
"acc0267f6cd2a2c972c545e272f1a1fd",10,0.007226
"c176e5b03d8760c83653340228d8209d",0,0.750779
"c176e5b03d8760c83653340228d8209d",0.5,0.727025
"c176e5b03d8760c83653340228d8209d",1,0.704862
"c176e5b03d8760c83653340228d8209d",1.5,0.684741
"c176e5b03d8760c83653340228d8209d",2,0.66703
"c176e5b03d8760c83653340228d8209d",2.5,0.652017
"c176e5b03d8760c83653340228d8209d",3,0.639921
"c176e5b03d8760c83653340228d8209d",3.5,0.630898
"c176e5b03d8760c83653340228d8209d",4,0.625051
"c176e5b03d8760c83653340228d8209d",4.5,0.622443
"c176e5b03d8760c83653340228d8209d",5,0.623101
"c176e5b03d8760c83653340228d8209d",5.5,0.627018
"c176e5b03d8760c83653340228d8209d",6,0.634154
"c176e5b03d8760c83653340228d8209d",6.5,0.64443
"c176e5b03d8760c83653340228d8209d",7,0.657723
"c176e5b03d8760c83653340228d8209d",7.5,0.673852
"c176e5b03d8760c83653340228d8209d",8,0.692573
"c176e5b03d8760c83653340228d8209d",8.5,0.713565
"c176e5b03d8760c83653340228d8209d",9,0.736427
"c176e5b03d8760c83653340228d8209d",9.5,0.760679
"c176e5b03d8760c83653340228d8209d",10,0.785773
"c0d57bec2ffb90bc6291e132ecb80eda",0,0.075591
"c0d57bec2ffb90bc6291e132ecb80eda",0.5,0.121426
"c0d57bec2ffb90bc6291e132ecb80eda",1,0.179862
"c0d57bec2ffb90bc6291e132ecb80eda",1.5,0.246557
"c0d57bec2ffb90bc6291e132ecb80eda",2,0.315145
"c0d57bec2ffb90bc6291e132ecb80eda",2.5,0.37927
"c0d57bec2ffb90bc6291e132ecb80eda",3,0.434123
"c0d57bec2ffb90bc6291e132ecb80eda",3.5,0.476873
"c0d57bec2ffb90bc6291e132ecb80eda",4,0.506274
"c0d57bec2ffb90bc6291e132ecb80eda",4.5,0.521998
"c0d57bec2ffb90bc6291e132ecb80eda",5,0.524048
"c0d57bec2ffb90bc6291e132ecb80eda",5.5,0.512433
"c0d57bec2ffb90bc6291e132ecb80eda",6,0.487127
"c0d57bec2ffb90bc6291e132ecb80eda",6.5,0.448308
"c0d57bec2ffb90bc6291e132ecb80eda",7,0.396875
"c0d57bec2ffb90bc6291e132ecb80eda",7.5,0.335119
"c0d57bec2ffb90bc6291e132ecb80eda",8,0.267253
"c0d57bec2ffb90bc6291e132ecb80eda",8.5,0.199282
"c0d57bec2ffb90bc6291e132ecb80eda",9,0.137782
"c0d57bec2ffb90bc6291e132ecb80eda",9.5,0.087897
"c0d57bec2ffb90bc6291e132ecb80eda",10,0.05171
"d0692cdba6d54bcc7c82cf05a7532f9b",0,0.273601
"d0692cdba6d54bcc7c82cf05a7532f9b",0.5,0.209731
"d0692cdba6d54bcc7c82cf05a7532f9b",1,0.165734
"d0692cdba6d54bcc7c82cf05a7532f9b",1.5,0.138305
"d0692cdba6d54bcc7c82cf05a7532f9b",2,0.123891
"d0692cdba6d54bcc7c82cf05a7532f9b",2.5,0.120195
"d0692cdba6d54bcc7c82cf05a7532f9b",3,0.126583
"d0692cdba6d54bcc7c82cf05a7532f9b",3.5,0.144139
"d0692cdba6d54bcc7c82cf05a7532f9b",4,0.175558
"d0692cdba6d54bcc7c82cf05a7532f9b",4.5,0.22454
"d0692cdba6d54bcc7c82cf05a7532f9b",5,0.293853
"d0692cdba6d54bcc7c82cf05a7532f9b",5.5,0.381698
"d0692cdba6d54bcc7c82cf05a7532f9b",6,0.478915
"d0692cdba6d54bcc7c82cf05a7532f9b",6.5,0.572657
"d0692cdba6d54bcc7c82cf05a7532f9b",7,0.655942
"d0692cdba6d54bcc7c82cf05a7532f9b",7.5,0.733063
"d0692cdba6d54bcc7c82cf05a7532f9b",8,0.814066
"d0692cdba6d54bcc7c82cf05a7532f9b",8.5,0.900405
"d0692cdba6d54bcc7c82cf05a7532f9b",9,0.964608
"d0692cdba6d54bcc7c82cf05a7532f9b",9.5,0.991212
"d0692cdba6d54bcc7c82cf05a7532f9b",10,0.99824
"47796a23ddaef97745fc442aaa14dfcf",0,0.828738
"47796a23ddaef97745fc442aaa14dfcf",0.5,0.818317
"47796a23ddaef97745fc442aaa14dfcf",1,0.809714
"47796a23ddaef97745fc442aaa14dfcf",1.5,0.803161
"47796a23ddaef97745fc442aaa14dfcf",2,0.798834
"47796a23ddaef97745fc442aaa14dfcf",2.5,0.796845
"47796a23ddaef97745fc442aaa14dfcf",3,0.797248
"47796a23ddaef97745fc442aaa14dfcf",3.5,0.800031
"47796a23ddaef97745fc442aaa14dfcf",4,0.805122
"47796a23ddaef97745fc442aaa14dfcf",4.5,0.812386
"47796a23ddaef97745fc442aaa14dfcf",5,0.821629
"47796a23ddaef97745fc442aaa14dfcf",5.5,0.832597
"47796a23ddaef97745fc442aaa14dfcf",6,0.844985
"47796a23ddaef97745fc442aaa14dfcf",6.5,0.858443
"47796a23ddaef97745fc442aaa14dfcf",7,0.872589
"47796a23ddaef97745fc442aaa14dfcf",7.5,0.887027
"47796a23ddaef97745fc442aaa14dfcf",8,0.901367
"47796a23ddaef97745fc442aaa14dfcf",8.5,0.915246
"47796a23ddaef97745fc442aaa14dfcf",9,0.928345
"47796a23ddaef97745fc442aaa14dfcf",9.5,0.940412
"47796a23ddaef97745fc442aaa14dfcf",10,0.951265
"cbd51314fd1630167dcedf735adddb47",0,0.444979
"cbd51314fd1630167dcedf735adddb47",0.5,0.386204
"cbd51314fd1630167dcedf735adddb47",1,0.336605
"cbd51314fd1630167dcedf735adddb47",1.5,0.296062
"cbd51314fd1630167dcedf735adddb47",2,0.263887
"cbd51314fd1630167dcedf735adddb47",2.5,0.239167
"cbd51314fd1630167dcedf735adddb47",3,0.220988
"cbd51314fd1630167dcedf735adddb47",3.5,0.208572
"cbd51314fd1630167dcedf735adddb47",4,0.201343
"cbd51314fd1630167dcedf735adddb47",4.5,0.198945
"cbd51314fd1630167dcedf735adddb47",5,0.201261
"cbd51314fd1630167dcedf735adddb47",5.5,0.208405
"cbd51314fd1630167dcedf735adddb47",6,0.220727
"cbd51314fd1630167dcedf735adddb47",6.5,0.2388
"cbd51314fd1630167dcedf735adddb47",7,0.2634
"cbd51314fd1630167dcedf735adddb47",7.5,0.295438
"cbd51314fd1630167dcedf735adddb47",8,0.335831
"cbd51314fd1630167dcedf735adddb47",8.5,0.38527
"cbd51314fd1630167dcedf735adddb47",9,0.44389
"cbd51314fd1630167dcedf735adddb47",9.5,0.510869
"cbd51314fd1630167dcedf735adddb47",10,0.584107
"8e9a53d7044eb168375ada7afe2f7a23",0,0.089359
"8e9a53d7044eb168375ada7afe2f7a23",0.5,0.101298
"8e9a53d7044eb168375ada7afe2f7a23",1,0.113173
"8e9a53d7044eb168375ada7afe2f7a23",1.5,0.124665
"8e9a53d7044eb168375ada7afe2f7a23",2,0.135452
"8e9a53d7044eb168375ada7afe2f7a23",2.5,0.145228
"8e9a53d7044eb168375ada7afe2f7a23",3,0.153712
"8e9a53d7044eb168375ada7afe2f7a23",3.5,0.160663
"8e9a53d7044eb168375ada7afe2f7a23",4,0.165886
"8e9a53d7044eb168375ada7afe2f7a23",4.5,0.169232
"8e9a53d7044eb168375ada7afe2f7a23",5,0.170611
"8e9a53d7044eb168375ada7afe2f7a23",5.5,0.169982
"8e9a53d7044eb168375ada7afe2f7a23",6,0.167365
"8e9a53d7044eb168375ada7afe2f7a23",6.5,0.16283
"8e9a53d7044eb168375ada7afe2f7a23",7,0.156506
"8e9a53d7044eb168375ada7afe2f7a23",7.5,0.14857
"8e9a53d7044eb168375ada7afe2f7a23",8,0.139247
"8e9a53d7044eb168375ada7afe2f7a23",8.5,0.128804
"8e9a53d7044eb168375ada7afe2f7a23",9,0.117538
"8e9a53d7044eb168375ada7afe2f7a23",9.5,0.105769
"8e9a53d7044eb168375ada7afe2f7a23",10,0.093817
"1edd1298759175e540fd86d91fc4a81f",0,0.237382
"1edd1298759175e540fd86d91fc4a81f",0.5,0.262091
"1edd1298759175e540fd86d91fc4a81f",1,0.285555
"1edd1298759175e540fd86d91fc4a81f",1.5,0.307278
"1edd1298759175e540fd86d91fc4a81f",2,0.326838
"1edd1298759175e540fd86d91fc4a81f",2.5,0.343893
"1edd1298759175e540fd86d91fc4a81f",3,0.358181
"1edd1298759175e540fd86d91fc4a81f",3.5,0.369505
"1edd1298759175e540fd86d91fc4a81f",4,0.377726
"1edd1298759175e540fd86d91fc4a81f",4.5,0.382757
"1edd1298759175e540fd86d91fc4a81f",5,0.384545
"1edd1298759175e540fd86d91fc4a81f",5.5,0.383073
"1edd1298759175e540fd86d91fc4a81f",6,0.378356
"1edd1298759175e540fd86d91fc4a81f",6.5,0.370441
"1edd1298759175e540fd86d91fc4a81f",7,0.359413
"1edd1298759175e540fd86d91fc4a81f",7.5,0.345406
"1edd1298759175e540fd86d91fc4a81f",8,0.328609
"1edd1298759175e540fd86d91fc4a81f",8.5,0.309278
"1edd1298759175e540fd86d91fc4a81f",9,0.287748
"1edd1298759175e540fd86d91fc4a81f",9.5,0.264432
"1edd1298759175e540fd86d91fc4a81f",10,0.239821
"05f230fe7eb4518aa15d8dd8a9255b50",0,0.274925
"05f230fe7eb4518aa15d8dd8a9255b50",0.5,0.285795
"05f230fe7eb4518aa15d8dd8a9255b50",1,0.295743
"05f230fe7eb4518aa15d8dd8a9255b50",1.5,0.304696
"05f230fe7eb4518aa15d8dd8a9255b50",2,0.312589
"05f230fe7eb4518aa15d8dd8a9255b50",2.5,0.319369
"05f230fe7eb4518aa15d8dd8a9255b50",3,0.324992
"05f230fe7eb4518aa15d8dd8a9255b50",3.5,0.329423
"05f230fe7eb4518aa15d8dd8a9255b50",4,0.332636
"05f230fe7eb4518aa15d8dd8a9255b50",4.5,0.334613
"05f230fe7eb4518aa15d8dd8a9255b50",5,0.335342
"05f230fe7eb4518aa15d8dd8a9255b50",5.5,0.334821
"05f230fe7eb4518aa15d8dd8a9255b50",6,0.333051
"05f230fe7eb4518aa15d8dd8a9255b50",6.5,0.330043
"05f230fe7eb4518aa15d8dd8a9255b50",7,0.325813
"05f230fe7eb4518aa15d8dd8a9255b50",7.5,0.320386
"05f230fe7eb4518aa15d8dd8a9255b50",8,0.313796
"05f230fe7eb4518aa15d8dd8a9255b50",8.5,0.306085
"05f230fe7eb4518aa15d8dd8a9255b50",9,0.297305
"05f230fe7eb4518aa15d8dd8a9255b50",9.5,0.287517
"05f230fe7eb4518aa15d8dd8a9255b50",10,0.276795
"fbb761902402701bea6c7ee76bbda487",0,0.615253
"fbb761902402701bea6c7ee76bbda487",0.5,0.58966
"fbb761902402701bea6c7ee76bbda487",1,0.565992
"fbb761902402701bea6c7ee76bbda487",1.5,0.54446
"fbb761902402701bea6c7ee76bbda487",2,0.525213
"fbb761902402701bea6c7ee76bbda487",2.5,0.508349
"fbb761902402701bea6c7ee76bbda487",3,0.493923
"fbb761902402701bea6c7ee76bbda487",3.5,0.481961
"fbb761902402701bea6c7ee76bbda487",4,0.47247
"fbb761902402701bea6c7ee76bbda487",4.5,0.465443
"fbb761902402701bea6c7ee76bbda487",5,0.460871
"fbb761902402701bea6c7ee76bbda487",5.5,0.458746
"fbb761902402701bea6c7ee76bbda487",6,0.459064
"fbb761902402701bea6c7ee76bbda487",6.5,0.461824
"fbb761902402701bea6c7ee76bbda487",7,0.467032
"fbb761902402701bea6c7ee76bbda487",7.5,0.474699
"fbb761902402701bea6c7ee76bbda487",8,0.484833
"fbb761902402701bea6c7ee76bbda487",8.5,0.497436
"fbb761902402701bea6c7ee76bbda487",9,0.5125
"fbb761902402701bea6c7ee76bbda487",9.5,0.52999
"fbb761902402701bea6c7ee76bbda487",10,0.549841
"13eb158569ee63ba4730b2ecf117d03c",0,0.173739
"13eb158569ee63ba4730b2ecf117d03c",0.5,0.204708
"13eb158569ee63ba4730b2ecf117d03c",1,0.23605
"13eb158569ee63ba4730b2ecf117d03c",1.5,0.266723
"13eb158569ee63ba4730b2ecf117d03c",2,0.295747
"13eb158569ee63ba4730b2ecf117d03c",2.5,0.322266
"13eb158569ee63ba4730b2ecf117d03c",3,0.345585
"13eb158569ee63ba4730b2ecf117d03c",3.5,0.36517
"13eb158569ee63ba4730b2ecf117d03c",4,0.380642
"13eb158569ee63ba4730b2ecf117d03c",4.5,0.391745
"13eb158569ee63ba4730b2ecf117d03c",5,0.398321
"13eb158569ee63ba4730b2ecf117d03c",5.5,0.400287
"13eb158569ee63ba4730b2ecf117d03c",6,0.39762
"13eb158569ee63ba4730b2ecf117d03c",6.5,0.390352
"13eb158569ee63ba4730b2ecf117d03c",7,0.378576
"13eb158569ee63ba4730b2ecf117d03c",7.5,0.362462
"13eb158569ee63ba4730b2ecf117d03c",8,0.342283
"13eb158569ee63ba4730b2ecf117d03c",8.5,0.318442
"13eb158569ee63ba4730b2ecf117d03c",9,0.291495
"13eb158569ee63ba4730b2ecf117d03c",9.5,0.262162
"13eb158569ee63ba4730b2ecf117d03c",10,0.231323
"ab78c0a0cd6f6bda69f065bf8980b8d3",0,0.497011
"ab78c0a0cd6f6bda69f065bf8980b8d3",0.5,0.441651
"ab78c0a0cd6f6bda69f065bf8980b8d3",1,0.393715
"ab78c0a0cd6f6bda69f065bf8980b8d3",1.5,0.353495
"ab78c0a0cd6f6bda69f065bf8980b8d3",2,0.320745
"ab78c0a0cd6f6bda69f065bf8980b8d3",2.5,0.294939
"ab78c0a0cd6f6bda69f065bf8980b8d3",3,0.275462
"ab78c0a0cd6f6bda69f065bf8980b8d3",3.5,0.26174
"ab78c0a0cd6f6bda69f065bf8980b8d3",4,0.253317
"ab78c0a0cd6f6bda69f065bf8980b8d3",4.5,0.249889
"ab78c0a0cd6f6bda69f065bf8980b8d3",5,0.251331
"ab78c0a0cd6f6bda69f065bf8980b8d3",5.5,0.257695
"ab78c0a0cd6f6bda69f065bf8980b8d3",6,0.269215
"ab78c0a0cd6f6bda69f065bf8980b8d3",6.5,0.286287
"ab78c0a0cd6f6bda69f065bf8980b8d3",7,0.309444
"ab78c0a0cd6f6bda69f065bf8980b8d3",7.5,0.339297
"ab78c0a0cd6f6bda69f065bf8980b8d3",8,0.376428
"ab78c0a0cd6f6bda69f065bf8980b8d3",8.5,0.421224
"ab78c0a0cd6f6bda69f065bf8980b8d3",9,0.473644
"ab78c0a0cd6f6bda69f065bf8980b8d3",9.5,0.532953
"ab78c0a0cd6f6bda69f065bf8980b8d3",10,0.597487
"3a2d67df382c650d0f27c54718d1ed87",0,0.56095
"3a2d67df382c650d0f27c54718d1ed87",0.5,0.524945
"3a2d67df382c650d0f27c54718d1ed87",1,0.494855
"3a2d67df382c650d0f27c54718d1ed87",1.5,0.470946
"3a2d67df382c650d0f27c54718d1ed87",2,0.453277
"3a2d67df382c650d0f27c54718d1ed87",2.5,0.441807
"3a2d67df382c650d0f27c54718d1ed87",3,0.43647
"3a2d67df382c650d0f27c54718d1ed87",3.5,0.437224
"3a2d67df382c650d0f27c54718d1ed87",4,0.444075
"3a2d67df382c650d0f27c54718d1ed87",4.5,0.457074
"3a2d67df382c650d0f27c54718d1ed87",5,0.476287
"3a2d67df382c650d0f27c54718d1ed87",5.5,0.501739
"3a2d67df382c650d0f27c54718d1ed87",6,0.533329
"3a2d67df382c650d0f27c54718d1ed87",6.5,0.570724
"3a2d67df382c650d0f27c54718d1ed87",7,0.613244
"3a2d67df382c650d0f27c54718d1ed87",7.5,0.659762
"3a2d67df382c650d0f27c54718d1ed87",8,0.708674
"3a2d67df382c650d0f27c54718d1ed87",8.5,0.757971
"3a2d67df382c650d0f27c54718d1ed87",9,0.805443
"3a2d67df382c650d0f27c54718d1ed87",9.5,0.848989
"3a2d67df382c650d0f27c54718d1ed87",10,0.886965
"ac465b73e46a99bb5c1bd7c2d3f53472",0,0.416722
"ac465b73e46a99bb5c1bd7c2d3f53472",0.5,0.412678
"ac465b73e46a99bb5c1bd7c2d3f53472",1,0.407829
"ac465b73e46a99bb5c1bd7c2d3f53472",1.5,0.402185
"ac465b73e46a99bb5c1bd7c2d3f53472",2,0.395757
"ac465b73e46a99bb5c1bd7c2d3f53472",2.5,0.388559
"ac465b73e46a99bb5c1bd7c2d3f53472",3,0.38061
"ac465b73e46a99bb5c1bd7c2d3f53472",3.5,0.371931
"ac465b73e46a99bb5c1bd7c2d3f53472",4,0.362547
"ac465b73e46a99bb5c1bd7c2d3f53472",4.5,0.352489
"ac465b73e46a99bb5c1bd7c2d3f53472",5,0.341792
"ac465b73e46a99bb5c1bd7c2d3f53472",5.5,0.330496
"ac465b73e46a99bb5c1bd7c2d3f53472",6,0.318648
"ac465b73e46a99bb5c1bd7c2d3f53472",6.5,0.306299
"ac465b73e46a99bb5c1bd7c2d3f53472",7,0.293507
"ac465b73e46a99bb5c1bd7c2d3f53472",7.5,0.280335
"ac465b73e46a99bb5c1bd7c2d3f53472",8,0.266851
"ac465b73e46a99bb5c1bd7c2d3f53472",8.5,0.253129
"ac465b73e46a99bb5c1bd7c2d3f53472",9,0.239247
"ac465b73e46a99bb5c1bd7c2d3f53472",9.5,0.225283
"ac465b73e46a99bb5c1bd7c2d3f53472",10,0.211322
"e49114f6ca83bfe7f5f60fba042bd86b",0,0.335896
"e49114f6ca83bfe7f5f60fba042bd86b",0.5,0.333565
"e49114f6ca83bfe7f5f60fba042bd86b",1,0.332661
"e49114f6ca83bfe7f5f60fba042bd86b",1.5,0.333176
"e49114f6ca83bfe7f5f60fba042bd86b",2,0.335114
"e49114f6ca83bfe7f5f60fba042bd86b",2.5,0.338488
"e49114f6ca83bfe7f5f60fba042bd86b",3,0.343317
"e49114f6ca83bfe7f5f60fba042bd86b",3.5,0.349631
"e49114f6ca83bfe7f5f60fba042bd86b",4,0.357464
"e49114f6ca83bfe7f5f60fba042bd86b",4.5,0.366856
"e49114f6ca83bfe7f5f60fba042bd86b",5,0.377851
"e49114f6ca83bfe7f5f60fba042bd86b",5.5,0.390491
"e49114f6ca83bfe7f5f60fba042bd86b",6,0.404817
"e49114f6ca83bfe7f5f60fba042bd86b",6.5,0.420861
"e49114f6ca83bfe7f5f60fba042bd86b",7,0.438646
"e49114f6ca83bfe7f5f60fba042bd86b",7.5,0.458173
"e49114f6ca83bfe7f5f60fba042bd86b",8,0.479422
"e49114f6ca83bfe7f5f60fba042bd86b",8.5,0.502341
"e49114f6ca83bfe7f5f60fba042bd86b",9,0.526843
"e49114f6ca83bfe7f5f60fba042bd86b",9.5,0.552797
"e49114f6ca83bfe7f5f60fba042bd86b",10,0.580026
"3984f5a60a7edf96c1ea404cfdb8793c",0,0.549902
"3984f5a60a7edf96c1ea404cfdb8793c",0.5,0.526211
"3984f5a60a7edf96c1ea404cfdb8793c",1,0.505863
"3984f5a60a7edf96c1ea404cfdb8793c",1.5,0.488954
"3984f5a60a7edf96c1ea404cfdb8793c",2,0.475521
"3984f5a60a7edf96c1ea404cfdb8793c",2.5,0.465566
"3984f5a60a7edf96c1ea404cfdb8793c",3,0.459073
"3984f5a60a7edf96c1ea404cfdb8793c",3.5,0.456026
"3984f5a60a7edf96c1ea404cfdb8793c",4,0.456415
"3984f5a60a7edf96c1ea404cfdb8793c",4.5,0.46024
"3984f5a60a7edf96c1ea404cfdb8793c",5,0.467514
"3984f5a60a7edf96c1ea404cfdb8793c",5.5,0.478255
"3984f5a60a7edf96c1ea404cfdb8793c",6,0.492475
"3984f5a60a7edf96c1ea404cfdb8793c",6.5,0.510167
"3984f5a60a7edf96c1ea404cfdb8793c",7,0.531282
"3984f5a60a7edf96c1ea404cfdb8793c",7.5,0.555708
"3984f5a60a7edf96c1ea404cfdb8793c",8,0.58324
"3984f5a60a7edf96c1ea404cfdb8793c",8.5,0.613558
"3984f5a60a7edf96c1ea404cfdb8793c",9,0.646205
"3984f5a60a7edf96c1ea404cfdb8793c",9.5,0.68058
"3984f5a60a7edf96c1ea404cfdb8793c",10,0.715946
"4ecc7a3ba783beafe2e299172d65805d",0,0.387014
"4ecc7a3ba783beafe2e299172d65805d",0.5,0.37973
"4ecc7a3ba783beafe2e299172d65805d",1,0.374247
"4ecc7a3ba783beafe2e299172d65805d",1.5,0.370537
"4ecc7a3ba783beafe2e299172d65805d",2,0.368578
"4ecc7a3ba783beafe2e299172d65805d",2.5,0.368359
"4ecc7a3ba783beafe2e299172d65805d",3,0.36988
"4ecc7a3ba783beafe2e299172d65805d",3.5,0.373148
"4ecc7a3ba783beafe2e299172d65805d",4,0.378183
"4ecc7a3ba783beafe2e299172d65805d",4.5,0.38501
"4ecc7a3ba783beafe2e299172d65805d",5,0.393664
"4ecc7a3ba783beafe2e299172d65805d",5.5,0.404181
"4ecc7a3ba783beafe2e299172d65805d",6,0.4166
"4ecc7a3ba783beafe2e299172d65805d",6.5,0.430954
"4ecc7a3ba783beafe2e299172d65805d",7,0.447269
"4ecc7a3ba783beafe2e299172d65805d",7.5,0.465554
"4ecc7a3ba783beafe2e299172d65805d",8,0.485795
"4ecc7a3ba783beafe2e299172d65805d",8.5,0.507948
"4ecc7a3ba783beafe2e299172d65805d",9,0.531929
"4ecc7a3ba783beafe2e299172d65805d",9.5,0.557606
"4ecc7a3ba783beafe2e299172d65805d",10,0.584795
"55a54212e01d370d2744d010a5bfe225",0,0.422192
"55a54212e01d370d2744d010a5bfe225",0.5,0.387369
"55a54212e01d370d2744d010a5bfe225",1,0.35837
"55a54212e01d370d2744d010a5bfe225",1.5,0.334936
"55a54212e01d370d2744d010a5bfe225",2,0.31673
"55a54212e01d370d2744d010a5bfe225",2.5,0.303411
"55a54212e01d370d2744d010a5bfe225",3,0.29469
"55a54212e01d370d2744d010a5bfe225",3.5,0.290359
"55a54212e01d370d2744d010a5bfe225",4,0.29031
"55a54212e01d370d2744d010a5bfe225",4.5,0.294542
"55a54212e01d370d2744d010a5bfe225",5,0.303161
"55a54212e01d370d2744d010a5bfe225",5.5,0.316372
"55a54212e01d370d2744d010a5bfe225",6,0.334462
"55a54212e01d370d2744d010a5bfe225",6.5,0.357772
"55a54212e01d370d2744d010a5bfe225",7,0.386641
"55a54212e01d370d2744d010a5bfe225",7.5,0.421329
"55a54212e01d370d2744d010a5bfe225",8,0.461913
"55a54212e01d370d2744d010a5bfe225",8.5,0.50815
"55a54212e01d370d2744d010a5bfe225",9,0.559342
"55a54212e01d370d2744d010a5bfe225",9.5,0.614237
"55a54212e01d370d2744d010a5bfe225",10,0.671017
"802ebad26a920809e57df5fe9ff0ba29",0,0.543385
"802ebad26a920809e57df5fe9ff0ba29",0.5,0.539483
"802ebad26a920809e57df5fe9ff0ba29",1,0.535362
"802ebad26a920809e57df5fe9ff0ba29",1.5,0.531021
"802ebad26a920809e57df5fe9ff0ba29",2,0.52646
"802ebad26a920809e57df5fe9ff0ba29",2.5,0.521679
"802ebad26a920809e57df5fe9ff0ba29",3,0.516679
"802ebad26a920809e57df5fe9ff0ba29",3.5,0.51146
"802ebad26a920809e57df5fe9ff0ba29",4,0.506023
"802ebad26a920809e57df5fe9ff0ba29",4.5,0.500368
"802ebad26a920809e57df5fe9ff0ba29",5,0.494498
"802ebad26a920809e57df5fe9ff0ba29",5.5,0.488413
"802ebad26a920809e57df5fe9ff0ba29",6,0.482116
"802ebad26a920809e57df5fe9ff0ba29",6.5,0.47561
"802ebad26a920809e57df5fe9ff0ba29",7,0.468897
"802ebad26a920809e57df5fe9ff0ba29",7.5,0.461981
"802ebad26a920809e57df5fe9ff0ba29",8,0.454865
"802ebad26a920809e57df5fe9ff0ba29",8.5,0.447555
"802ebad26a920809e57df5fe9ff0ba29",9,0.440054
"802ebad26a920809e57df5fe9ff0ba29",9.5,0.432368
"802ebad26a920809e57df5fe9ff0ba29",10,0.424504
"ce2100896561d5e109c74f41565d2623",0,0.201619
"ce2100896561d5e109c74f41565d2623",0.5,0.256609
"ce2100896561d5e109c74f41565d2623",1,0.307129
"ce2100896561d5e109c74f41565d2623",1.5,0.349536
"ce2100896561d5e109c74f41565d2623",2,0.381394
"ce2100896561d5e109c74f41565d2623",2.5,0.401263
"ce2100896561d5e109c74f41565d2623",3,0.408428
"ce2100896561d5e109c74f41565d2623",3.5,0.402668
"ce2100896561d5e109c74f41565d2623",4,0.384159
"ce2100896561d5e109c74f41565d2623",4.5,0.353553
"ce2100896561d5e109c74f41565d2623",5,0.312197
"ce2100896561d5e109c74f41565d2623",5.5,0.262407
"ce2100896561d5e109c74f41565d2623",6,0.207689
"ce2100896561d5e109c74f41565d2623",6.5,0.152727
"ce2100896561d5e109c74f41565d2623",7,0.102843
"ce2100896561d5e109c74f41565d2623",7.5,0.062638
"ce2100896561d5e109c74f41565d2623",8,0.034286
"ce2100896561d5e109c74f41565d2623",8.5,0.016888
"ce2100896561d5e109c74f41565d2623",9,0.007541
"ce2100896561d5e109c74f41565d2623",9.5,0.003082
"ce2100896561d5e109c74f41565d2623",10,0.001161
"972fddecf4c6292de29d9b0ebff13ce5",0,0.660314
"972fddecf4c6292de29d9b0ebff13ce5",0.5,0.675102
"972fddecf4c6292de29d9b0ebff13ce5",1,0.681888
"972fddecf4c6292de29d9b0ebff13ce5",1.5,0.680754
"972fddecf4c6292de29d9b0ebff13ce5",2,0.671685
"972fddecf4c6292de29d9b0ebff13ce5",2.5,0.654581
"972fddecf4c6292de29d9b0ebff13ce5",3,0.629353
"972fddecf4c6292de29d9b0ebff13ce5",3.5,0.596082
"972fddecf4c6292de29d9b0ebff13ce5",4,0.55519
"972fddecf4c6292de29d9b0ebff13ce5",4.5,0.507525
"972fddecf4c6292de29d9b0ebff13ce5",5,0.454248
"972fddecf4c6292de29d9b0ebff13ce5",5.5,0.396571
"972fddecf4c6292de29d9b0ebff13ce5",6,0.335531
"972fddecf4c6292de29d9b0ebff13ce5",6.5,0.272188
"972fddecf4c6292de29d9b0ebff13ce5",7,0.20841
"972fddecf4c6292de29d9b0ebff13ce5",7.5,0.14783
"972fddecf4c6292de29d9b0ebff13ce5",8,0.095624
"972fddecf4c6292de29d9b0ebff13ce5",8.5,0.056055
"972fddecf4c6292de29d9b0ebff13ce5",9,0.029878
"972fddecf4c6292de29d9b0ebff13ce5",9.5,0.014594
"972fddecf4c6292de29d9b0ebff13ce5",10,0.0066
"24aef4e5bdd9aca9005e90ae8fe89a67",0,0.401241
"24aef4e5bdd9aca9005e90ae8fe89a67",0.5,0.324292
"24aef4e5bdd9aca9005e90ae8fe89a67",1,0.261173
"24aef4e5bdd9aca9005e90ae8fe89a67",1.5,0.211385
"24aef4e5bdd9aca9005e90ae8fe89a67",2,0.173258
"24aef4e5bdd9aca9005e90ae8fe89a67",2.5,0.144733
"24aef4e5bdd9aca9005e90ae8fe89a67",3,0.123847
"24aef4e5bdd9aca9005e90ae8fe89a67",3.5,0.108965
"24aef4e5bdd9aca9005e90ae8fe89a67",4,0.098844
"24aef4e5bdd9aca9005e90ae8fe89a67",4.5,0.09261
"24aef4e5bdd9aca9005e90ae8fe89a67",5,0.08972
"24aef4e5bdd9aca9005e90ae8fe89a67",5.5,0.089924
"24aef4e5bdd9aca9005e90ae8fe89a67",6,0.093237
"24aef4e5bdd9aca9005e90ae8fe89a67",6.5,0.09995
"24aef4e5bdd9aca9005e90ae8fe89a67",7,0.110647
"24aef4e5bdd9aca9005e90ae8fe89a67",7.5,0.126247
"24aef4e5bdd9aca9005e90ae8fe89a67",8,0.148047
"24aef4e5bdd9aca9005e90ae8fe89a67",8.5,0.177731
"24aef4e5bdd9aca9005e90ae8fe89a67",9,0.217292
"24aef4e5bdd9aca9005e90ae8fe89a67",9.5,0.268774
"24aef4e5bdd9aca9005e90ae8fe89a67",10,0.33374
"04875030d92c68bc497920cb6bcab147",0,0.538726
"04875030d92c68bc497920cb6bcab147",0.5,0.54163
"04875030d92c68bc497920cb6bcab147",1,0.546289
"04875030d92c68bc497920cb6bcab147",1.5,0.552695
"04875030d92c68bc497920cb6bcab147",2,0.560831
"04875030d92c68bc497920cb6bcab147",2.5,0.570674
"04875030d92c68bc497920cb6bcab147",3,0.582191
"04875030d92c68bc497920cb6bcab147",3.5,0.595331
"04875030d92c68bc497920cb6bcab147",4,0.610031
"04875030d92c68bc497920cb6bcab147",4.5,0.626202
"04875030d92c68bc497920cb6bcab147",5,0.643734
"04875030d92c68bc497920cb6bcab147",5.5,0.662488
"04875030d92c68bc497920cb6bcab147",6,0.682299
"04875030d92c68bc497920cb6bcab147",6.5,0.702971
"04875030d92c68bc497920cb6bcab147",7,0.724284
"04875030d92c68bc497920cb6bcab147",7.5,0.745993
"04875030d92c68bc497920cb6bcab147",8,0.767835
"04875030d92c68bc497920cb6bcab147",8.5,0.78954
"04875030d92c68bc497920cb6bcab147",9,0.810837
"04875030d92c68bc497920cb6bcab147",9.5,0.831465
"04875030d92c68bc497920cb6bcab147",10,0.851188
"e2e208b81866a7c77ddf15f0779050a3",0,0.835134
"e2e208b81866a7c77ddf15f0779050a3",0.5,0.818644
"e2e208b81866a7c77ddf15f0779050a3",1,0.79702
"e2e208b81866a7c77ddf15f0779050a3",1.5,0.769844
"e2e208b81866a7c77ddf15f0779050a3",2,0.736937
"e2e208b81866a7c77ddf15f0779050a3",2.5,0.69853
"e2e208b81866a7c77ddf15f0779050a3",3,0.655326
"e2e208b81866a7c77ddf15f0779050a3",3.5,0.608379
"e2e208b81866a7c77ddf15f0779050a3",4,0.558789
"e2e208b81866a7c77ddf15f0779050a3",4.5,0.507355
"e2e208b81866a7c77ddf15f0779050a3",5,0.454346
"e2e208b81866a7c77ddf15f0779050a3",5.5,0.399391
"e2e208b81866a7c77ddf15f0779050a3",6,0.341564
"e2e208b81866a7c77ddf15f0779050a3",6.5,0.279992
"e2e208b81866a7c77ddf15f0779050a3",7,0.215416
"e2e208b81866a7c77ddf15f0779050a3",7.5,0.152029
"e2e208b81866a7c77ddf15f0779050a3",8,0.096963
"e2e208b81866a7c77ddf15f0779050a3",8.5,0.055936
"e2e208b81866a7c77ddf15f0779050a3",9,0.029518
"e2e208b81866a7c77ddf15f0779050a3",9.5,0.014393
"e2e208b81866a7c77ddf15f0779050a3",10,0.006539
"7019de3188b5760c38578dc5a8684f9e",0,0.283206
"7019de3188b5760c38578dc5a8684f9e",0.5,0.230409
"7019de3188b5760c38578dc5a8684f9e",1,0.189015
"7019de3188b5760c38578dc5a8684f9e",1.5,0.157351
"7019de3188b5760c38578dc5a8684f9e",2,0.133638
"7019de3188b5760c38578dc5a8684f9e",2.5,0.116277
"7019de3188b5760c38578dc5a8684f9e",3,0.103972
"7019de3188b5760c38578dc5a8684f9e",3.5,0.095756
"7019de3188b5760c38578dc5a8684f9e",4,0.090967
"7019de3188b5760c38578dc5a8684f9e",4.5,0.089215
"7019de3188b5760c38578dc5a8684f9e",5,0.090358
"7019de3188b5760c38578dc5a8684f9e",5.5,0.094489
"7019de3188b5760c38578dc5a8684f9e",6,0.101944
"7019de3188b5760c38578dc5a8684f9e",6.5,0.113325
"7019de3188b5760c38578dc5a8684f9e",7,0.129533
"7019de3188b5760c38578dc5a8684f9e",7.5,0.151795
"7019de3188b5760c38578dc5a8684f9e",8,0.181653
"7019de3188b5760c38578dc5a8684f9e",8.5,0.220866
"7019de3188b5760c38578dc5a8684f9e",9,0.271162
"7019de3188b5760c38578dc5a8684f9e",9.5,0.33379
"7019de3188b5760c38578dc5a8684f9e",10,0.408893
"300813bf30c10aa9ea9b264834692c53",0,0.722586
"300813bf30c10aa9ea9b264834692c53",0.5,0.701782
"300813bf30c10aa9ea9b264834692c53",1,0.683738
"300813bf30c10aa9ea9b264834692c53",1.5,0.668832
"300813bf30c10aa9ea9b264834692c53",2,0.657344
"300813bf30c10aa9ea9b264834692c53",2.5,0.649468
"300813bf30c10aa9ea9b264834692c53",3,0.645327
"300813bf30c10aa9ea9b264834692c53",3.5,0.644981
"300813bf30c10aa9ea9b264834692c53",4,0.648436
"300813bf30c10aa9ea9b264834692c53",4.5,0.655642
"300813bf30c10aa9ea9b264834692c53",5,0.666487
"300813bf30c10aa9ea9b264834692c53",5.5,0.680791
"300813bf30c10aa9ea9b264834692c53",6,0.698291
"300813bf30c10aa9ea9b264834692c53",6.5,0.718626
"300813bf30c10aa9ea9b264834692c53",7,0.741333
"300813bf30c10aa9ea9b264834692c53",7.5,0.765841
"300813bf30c10aa9ea9b264834692c53",8,0.791487
"300813bf30c10aa9ea9b264834692c53",8.5,0.817541
"300813bf30c10aa9ea9b264834692c53",9,0.843254
"300813bf30c10aa9ea9b264834692c53",9.5,0.867904
"300813bf30c10aa9ea9b264834692c53",10,0.89086
"ce885dac43d5b9900e4f77e391e36d33",0,0.203208
"ce885dac43d5b9900e4f77e391e36d33",0.5,0.161442
"ce885dac43d5b9900e4f77e391e36d33",1,0.132595
"ce885dac43d5b9900e4f77e391e36d33",1.5,0.113462
"ce885dac43d5b9900e4f77e391e36d33",2,0.101674
"ce885dac43d5b9900e4f77e391e36d33",2.5,0.095705
"ce885dac43d5b9900e4f77e391e36d33",3,0.094776
"ce885dac43d5b9900e4f77e391e36d33",3.5,0.098764
"ce885dac43d5b9900e4f77e391e36d33",4,0.108192
"ce885dac43d5b9900e4f77e391e36d33",4.5,0.124287
"ce885dac43d5b9900e4f77e391e36d33",5,0.149086
"ce885dac43d5b9900e4f77e391e36d33",5.5,0.185495
"ce885dac43d5b9900e4f77e391e36d33",6,0.237073
"ce885dac43d5b9900e4f77e391e36d33",6.5,0.307193
"ce885dac43d5b9900e4f77e391e36d33",7,0.397238
"ce885dac43d5b9900e4f77e391e36d33",7.5,0.504305
"ce885dac43d5b9900e4f77e391e36d33",8,0.620162
"ce885dac43d5b9900e4f77e391e36d33",8.5,0.733117
"ce885dac43d5b9900e4f77e391e36d33",9,0.83136
"ce885dac43d5b9900e4f77e391e36d33",9.5,0.905828
"ce885dac43d5b9900e4f77e391e36d33",10,0.953678
"65aa97f852082bbfcfb8681aeba5c3b1",0,0.983335
"65aa97f852082bbfcfb8681aeba5c3b1",0.5,0.974604
"65aa97f852082bbfcfb8681aeba5c3b1",1,0.963045
"65aa97f852082bbfcfb8681aeba5c3b1",1.5,0.948655
"65aa97f852082bbfcfb8681aeba5c3b1",2,0.931855
"65aa97f852082bbfcfb8681aeba5c3b1",2.5,0.913509
"65aa97f852082bbfcfb8681aeba5c3b1",3,0.894839
"65aa97f852082bbfcfb8681aeba5c3b1",3.5,0.877259
"65aa97f852082bbfcfb8681aeba5c3b1",4,0.862172
"65aa97f852082bbfcfb8681aeba5c3b1",4.5,0.8508
"65aa97f852082bbfcfb8681aeba5c3b1",5,0.844053
"65aa97f852082bbfcfb8681aeba5c3b1",5.5,0.842467
"65aa97f852082bbfcfb8681aeba5c3b1",6,0.846165
"65aa97f852082bbfcfb8681aeba5c3b1",6.5,0.854857
"65aa97f852082bbfcfb8681aeba5c3b1",7,0.867851
"65aa97f852082bbfcfb8681aeba5c3b1",7.5,0.8841
"65aa97f852082bbfcfb8681aeba5c3b1",8,0.902292
"65aa97f852082bbfcfb8681aeba5c3b1",8.5,0.920995
"65aa97f852082bbfcfb8681aeba5c3b1",9,0.93885
"65aa97f852082bbfcfb8681aeba5c3b1",9.5,0.954761
"65aa97f852082bbfcfb8681aeba5c3b1",10,0.968039
"57d30817700c8065b3da62354403e737",0,0.846346
"57d30817700c8065b3da62354403e737",0.5,0.838257
"57d30817700c8065b3da62354403e737",1,0.831547
"57d30817700c8065b3da62354403e737",1.5,0.826378
"57d30817700c8065b3da62354403e737",2,0.822873
"57d30817700c8065b3da62354403e737",2.5,0.821112
"57d30817700c8065b3da62354403e737",3,0.821138
"57d30817700c8065b3da62354403e737",3.5,0.822949
"57d30817700c8065b3da62354403e737",4,0.826504
"57d30817700c8065b3da62354403e737",4.5,0.831719
"57d30817700c8065b3da62354403e737",5,0.83847
"57d30817700c8065b3da62354403e737",5.5,0.846597
"57d30817700c8065b3da62354403e737",6,0.855902
"57d30817700c8065b3da62354403e737",6.5,0.86616
"57d30817700c8065b3da62354403e737",7,0.877123
"57d30817700c8065b3da62354403e737",7.5,0.888527
"57d30817700c8065b3da62354403e737",8,0.900106
"57d30817700c8065b3da62354403e737",8.5,0.9116
"57d30817700c8065b3da62354403e737",9,0.92277
"57d30817700c8065b3da62354403e737",9.5,0.933404
"57d30817700c8065b3da62354403e737",10,0.943328
"84ac3000a95971322e8f904918039135",0,0.072423
"84ac3000a95971322e8f904918039135",0.5,0.063625
"84ac3000a95971322e8f904918039135",1,0.056613
"84ac3000a95971322e8f904918039135",1.5,0.051046
"84ac3000a95971322e8f904918039135",2,0.046657
"84ac3000a95971322e8f904918039135",2.5,0.043242
"84ac3000a95971322e8f904918039135",3,0.040646
"84ac3000a95971322e8f904918039135",3.5,0.038754
"84ac3000a95971322e8f904918039135",4,0.037485
"84ac3000a95971322e8f904918039135",4.5,0.036785
"84ac3000a95971322e8f904918039135",5,0.036624
"84ac3000a95971322e8f904918039135",5.5,0.036996
"84ac3000a95971322e8f904918039135",6,0.037916
"84ac3000a95971322e8f904918039135",6.5,0.039423
"84ac3000a95971322e8f904918039135",7,0.041581
"84ac3000a95971322e8f904918039135",7.5,0.044485
"84ac3000a95971322e8f904918039135",8,0.048264
"84ac3000a95971322e8f904918039135",8.5,0.05309
"84ac3000a95971322e8f904918039135",9,0.059192
"84ac3000a95971322e8f904918039135",9.5,0.066864
"84ac3000a95971322e8f904918039135",10,0.076481
"cc0826be426370366199cac0fa4ba7a0",0,0.702746
"cc0826be426370366199cac0fa4ba7a0",0.5,0.597718
"cc0826be426370366199cac0fa4ba7a0",1,0.501193
"cc0826be426370366199cac0fa4ba7a0",1.5,0.420547
"cc0826be426370366199cac0fa4ba7a0",2,0.35866
"cc0826be426370366199cac0fa4ba7a0",2.5,0.315374
"cc0826be426370366199cac0fa4ba7a0",3,0.289248
"cc0826be426370366199cac0fa4ba7a0",3.5,0.278864
"cc0826be426370366199cac0fa4ba7a0",4,0.283545
"cc0826be426370366199cac0fa4ba7a0",4.5,0.303604
"cc0826be426370366199cac0fa4ba7a0",5,0.340235
"cc0826be426370366199cac0fa4ba7a0",5.5,0.394991
"cc0826be426370366199cac0fa4ba7a0",6,0.468705
"cc0826be426370366199cac0fa4ba7a0",6.5,0.559851
"cc0826be426370366199cac0fa4ba7a0",7,0.662853
"cc0826be426370366199cac0fa4ba7a0",7.5,0.767389
"cc0826be426370366199cac0fa4ba7a0",8,0.860007
"cc0826be426370366199cac0fa4ba7a0",8.5,0.928911
"cc0826be426370366199cac0fa4ba7a0",9,0.970308
"cc0826be426370366199cac0fa4ba7a0",9.5,0.989995
"cc0826be426370366199cac0fa4ba7a0",10,0.997261
