"hash","LR","pred_multi100"
"755aa1b492e1e3593c2559d7a5087710",0,0.252938797620489
"755aa1b492e1e3593c2559d7a5087710",0.5,0.247291178999608
"755aa1b492e1e3593c2559d7a5087710",1,0.243934785018587
"755aa1b492e1e3593c2559d7a5087710",1.5,0.242809942714793
"755aa1b492e1e3593c2559d7a5087710",2,0.243896421710452
"755aa1b492e1e3593c2559d7a5087710",2.5,0.247213764318109
"755aa1b492e1e3593c2559d7a5087710",3,0.252820967022397
"755aa1b492e1e3593c2559d7a5087710",3.5,0.260815393101179
"755aa1b492e1e3593c2559d7a5087710",4,0.271330545833593
"755aa1b492e1e3593c2559d7a5087710",4.5,0.284532068361826
"755aa1b492e1e3593c2559d7a5087710",5,0.300611065074037
"755aa1b492e1e3593c2559d7a5087710",5.5,0.319773589706171
"755aa1b492e1e3593c2559d7a5087710",6,0.342224984659627
"755aa1b492e1e3593c2559d7a5087710",6.5,0.368147803211406
"755aa1b492e1e3593c2559d7a5087710",7,0.397672475441264
"755aa1b492e1e3593c2559d7a5087710",7.5,0.430840896281814
"755aa1b492e1e3593c2559d7a5087710",8,0.46756488748843
"755aa1b492e1e3593c2559d7a5087710",8.5,0.50758400765352
"755aa1b492e1e3593c2559d7a5087710",9,0.550430093865064
"755aa1b492e1e3593c2559d7a5087710",9.5,0.595408354418042
"755aa1b492e1e3593c2559d7a5087710",10,0.641605477120636
"04849c132ad84ca1b3344976e2007a0a",0,0.162184691260547
"04849c132ad84ca1b3344976e2007a0a",0.5,0.204070445240916
"04849c132ad84ca1b3344976e2007a0a",1,0.24761146227175
"04849c132ad84ca1b3344976e2007a0a",1.5,0.290516666453378
"04849c132ad84ca1b3344976e2007a0a",2,0.330641807000795
"04849c132ad84ca1b3344976e2007a0a",2.5,0.366227106991029
"04849c132ad84ca1b3344976e2007a0a",3,0.39598943097909
"04849c132ad84ca1b3344976e2007a0a",3.5,0.419093083276783
"04849c132ad84ca1b3344976e2007a0a",4,0.435052846921109
"04849c132ad84ca1b3344976e2007a0a",4.5,0.443621222534868
"04849c132ad84ca1b3344976e2007a0a",5,0.444695637613398
"04849c132ad84ca1b3344976e2007a0a",5.5,0.438264739976237
"04849c132ad84ca1b3344976e2007a0a",6,0.424401503532702
"04849c132ad84ca1b3344976e2007a0a",6.5,0.403303975905788
"04849c132ad84ca1b3344976e2007a0a",7,0.375378233190138
"04849c132ad84ca1b3344976e2007a0a",7.5,0.341348279658293
"04849c132ad84ca1b3344976e2007a0a",8,0.302362246476681
"04849c132ad84ca1b3344976e2007a0a",8.5,0.26004683297053
"04849c132ad84ca1b3344976e2007a0a",9,0.216454312477742
"04849c132ad84ca1b3344976e2007a0a",9.5,0.173865753655343
"04849c132ad84ca1b3344976e2007a0a",10,0.134468868261334
"30bf9d373254739b27b406abb7e3eebb",0,0.423583411420428
"30bf9d373254739b27b406abb7e3eebb",0.5,0.41121967697745
"30bf9d373254739b27b406abb7e3eebb",1,0.402231297365425
"30bf9d373254739b27b406abb7e3eebb",1.5,0.396561094098133
"30bf9d373254739b27b406abb7e3eebb",2,0.394167617080949
"30bf9d373254739b27b406abb7e3eebb",2.5,0.395032127065339
"30bf9d373254739b27b406abb7e3eebb",3,0.39916147744282
"30bf9d373254739b27b406abb7e3eebb",3.5,0.406587078089211
"30bf9d373254739b27b406abb7e3eebb",4,0.417359873671724
"30bf9d373254739b27b406abb7e3eebb",4.5,0.431541038615837
"30bf9d373254739b27b406abb7e3eebb",5,0.44918796050117
"30bf9d373254739b27b406abb7e3eebb",5.5,0.470335146183883
"30bf9d373254739b27b406abb7e3eebb",6,0.494970047623929
"30bf9d373254739b27b406abb7e3eebb",6.5,0.523004570756752
"30bf9d373254739b27b406abb7e3eebb",7,0.554244256934157
"30bf9d373254739b27b406abb7e3eebb",7.5,0.588358750452722
"30bf9d373254739b27b406abb7e3eebb",8,0.624858923807293
"30bf9d373254739b27b406abb7e3eebb",8.5,0.66308739956701
"30bf9d373254739b27b406abb7e3eebb",9,0.702229419936934
"30bf9d373254739b27b406abb7e3eebb",9.5,0.741349239261297
"30bf9d373254739b27b406abb7e3eebb",10,0.779452917557539
"3eca306733cd7e7887b47d2f2db15f3f",0,0.225401584632472
"3eca306733cd7e7887b47d2f2db15f3f",0.5,0.22173509534701
"3eca306733cd7e7887b47d2f2db15f3f",1,0.219980020943461
"3eca306733cd7e7887b47d2f2db15f3f",1.5,0.220104905019045
"3eca306733cd7e7887b47d2f2db15f3f",2,0.222111993479216
"3eca306733cd7e7887b47d2f2db15f3f",2.5,0.22603722183221
"3eca306733cd7e7887b47d2f2db15f3f",3,0.231949981019664
"3eca306733cd7e7887b47d2f2db15f3f",3.5,0.239952496682779
"3eca306733cd7e7887b47d2f2db15f3f",4,0.250178489865738
"3eca306733cd7e7887b47d2f2db15f3f",4.5,0.26279060072848
"3eca306733cd7e7887b47d2f2db15f3f",5,0.277975851557843
"3eca306733cd7e7887b47d2f2db15f3f",5.5,0.295938217112079
"3eca306733cd7e7887b47d2f2db15f3f",6,0.316887199814509
"3eca306733cd7e7887b47d2f2db15f3f",6.5,0.341021251119375
"3eca306733cd7e7887b47d2f2db15f3f",7,0.368505059046092
"3eca306733cd7e7887b47d2f2db15f3f",7.5,0.399440295428198
"3eca306733cd7e7887b47d2f2db15f3f",8,0.43383055214165
"3eca306733cd7e7887b47d2f2db15f3f",8.5,0.47154299131372
"3eca306733cd7e7887b47d2f2db15f3f",9,0.512271591714914
"3eca306733cd7e7887b47d2f2db15f3f",9.5,0.555509347949886
"3eca306733cd7e7887b47d2f2db15f3f",10,0.600538493096326
"eea8dc48963b0f71797e43c8ce313317",0,0.240276278074263
"eea8dc48963b0f71797e43c8ce313317",0.5,0.261937391132621
"eea8dc48963b0f71797e43c8ce313317",1,0.282508178844747
"eea8dc48963b0f71797e43c8ce313317",1.5,0.301633722422404
"eea8dc48963b0f71797e43c8ce313317",2,0.319009342764036
"eea8dc48963b0f71797e43c8ce313317",2.5,0.334382770932182
"eea8dc48963b0f71797e43c8ce313317",3,0.347552361238605
"eea8dc48963b0f71797e43c8ce313317",3.5,0.358362644553203
"eea8dc48963b0f71797e43c8ce313317",4,0.366698515463626
"eea8dc48963b0f71797e43c8ce313317",4.5,0.372479185704886
"eea8dc48963b0f71797e43c8ce313317",5,0.375652800372011
"eea8dc48963b0f71797e43c8ce313317",5.5,0.376192363604338
"eea8dc48963b0f71797e43c8ce313317",6,0.374093390280669
"eea8dc48963b0f71797e43c8ce313317",6.5,0.369373499200475
"eea8dc48963b0f71797e43c8ce313317",7,0.362073983376228
"eea8dc48963b0f71797e43c8ce313317",7.5,0.352263217180853
"eea8dc48963b0f71797e43c8ce313317",8,0.340041569362652
"eea8dc48963b0f71797e43c8ce313317",8.5,0.325547272698148
"eea8dc48963b0f71797e43c8ce313317",9,0.308962456711688
"eea8dc48963b0f71797e43c8ce313317",9.5,0.290518302487037
"eea8dc48963b0f71797e43c8ce313317",10,0.270498077862515
"7a4d67627a16ad1272312768348f1bbc",0,0.730675735850651
"7a4d67627a16ad1272312768348f1bbc",0.5,0.697470272178451
"7a4d67627a16ad1272312768348f1bbc",1,0.663673955726526
"7a4d67627a16ad1272312768348f1bbc",1.5,0.62976224483184
"7a4d67627a16ad1272312768348f1bbc",2,0.596186022412429
"7a4d67627a16ad1272312768348f1bbc",2.5,0.563352856885181
"7a4d67627a16ad1272312768348f1bbc",3,0.531614169971265
"7a4d67627a16ad1272312768348f1bbc",3.5,0.501258309184246
"7a4d67627a16ad1272312768348f1bbc",4,0.472508855569765
"7a4d67627a16ad1272312768348f1bbc",4.5,0.445527122416865
"7a4d67627a16ad1272312768348f1bbc",5,0.420417673836796
"7a4d67627a16ad1272312768348f1bbc",5.5,0.397235740898608
"7a4d67627a16ad1272312768348f1bbc",6,0.375995566527067
"7a4d67627a16ad1272312768348f1bbc",6.5,0.356678912309514
"7a4d67627a16ad1272312768348f1bbc",7,0.339243171231136
"7a4d67627a16ad1272312768348f1bbc",7.5,0.323628725049088
"7a4d67627a16ad1272312768348f1bbc",8,0.30976534947527
"7a4d67627a16ad1272312768348f1bbc",8.5,0.297577598686756
"7a4d67627a16ad1272312768348f1bbc",9,0.286989192840557
"7a4d67627a16ad1272312768348f1bbc",9.5,0.277926491921888
"7a4d67627a16ad1272312768348f1bbc",10,0.270321172120046
"8962910713598bb7f0d32fcc0bdcd5bc",0,0.544374973451569
"8962910713598bb7f0d32fcc0bdcd5bc",0.5,0.505356814022539
"8962910713598bb7f0d32fcc0bdcd5bc",1,0.470150030366824
"8962910713598bb7f0d32fcc0bdcd5bc",1.5,0.439063929764366
"8962910713598bb7f0d32fcc0bdcd5bc",2,0.412210527340227
"8962910713598bb7f0d32fcc0bdcd5bc",2.5,0.389562368869788
"8962910713598bb7f0d32fcc0bdcd5bc",3,0.371006779225421
"8962910713598bb7f0d32fcc0bdcd5bc",3.5,0.356391235319772
"8962910713598bb7f0d32fcc0bdcd5bc",4,0.345558255614722
"8962910713598bb7f0d32fcc0bdcd5bc",4.5,0.338370408076089
"8962910713598bb7f0d32fcc0bdcd5bc",5,0.334727003230745
"8962910713598bb7f0d32fcc0bdcd5bc",5.5,0.334574161402795
"8962910713598bb7f0d32fcc0bdcd5bc",6,0.337909580966651
"8962910713598bb7f0d32fcc0bdcd5bc",6.5,0.344782733260582
"8962910713598bb7f0d32fcc0bdcd5bc",7,0.355290515304829
"8962910713598bb7f0d32fcc0bdcd5bc",7.5,0.369567693479728
"8962910713598bb7f0d32fcc0bdcd5bc",8,0.38777085726068
"8962910713598bb7f0d32fcc0bdcd5bc",8.5,0.410054210719517
"8962910713598bb7f0d32fcc0bdcd5bc",9,0.43653559650474
"8962910713598bb7f0d32fcc0bdcd5bc",9.5,0.467252021382389
"8962910713598bb7f0d32fcc0bdcd5bc",10,0.502106038770242
"854fe050fa729c4ff84c30b76be3fe1b",0,0.414852435870115
"854fe050fa729c4ff84c30b76be3fe1b",0.5,0.40317790078826
"854fe050fa729c4ff84c30b76be3fe1b",1,0.392318064956706
"854fe050fa729c4ff84c30b76be3fe1b",1.5,0.382263326693206
"854fe050fa729c4ff84c30b76be3fe1b",2,0.37300157694661
"854fe050fa729c4ff84c30b76be3fe1b",2.5,0.364518949175558
"854fe050fa729c4ff84c30b76be3fe1b",3,0.356800487245148
"854fe050fa729c4ff84c30b76be3fe1b",3.5,0.349830732015543
"854fe050fa729c4ff84c30b76be3fe1b",4,0.343594229848137
"854fe050fa729c4ff84c30b76be3fe1b",4.5,0.338075967976619
"854fe050fa729c4ff84c30b76be3fe1b",5,0.333261742718006
"854fe050fa729c4ff84c30b76be3fe1b",5.5,0.329138466966529
"854fe050fa729c4ff84c30b76be3fe1b",6,0.325694423443414
"854fe050fa729c4ff84c30b76be3fe1b",6.5,0.322919469875288
"854fe050fa729c4ff84c30b76be3fe1b",7,0.320805201731387
"854fe050fa729c4ff84c30b76be3fe1b",7.5,0.319345077436091
"854fe050fa729c4ff84c30b76be3fe1b",8,0.318534510143292
"854fe050fa729c4ff84c30b76be3fe1b",8.5,0.318370929252661
"854fe050fa729c4ff84c30b76be3fe1b",9,0.31885381389461
"854fe050fa729c4ff84c30b76be3fe1b",9.5,0.319984699629962
"854fe050fa729c4ff84c30b76be3fe1b",10,0.321767158616646
"103f6acae68e754d5c6cac1f3af55dff",0,0.352649133439048
"103f6acae68e754d5c6cac1f3af55dff",0.5,0.353721349648518
"103f6acae68e754d5c6cac1f3af55dff",1,0.355533295321232
"103f6acae68e754d5c6cac1f3af55dff",1.5,0.358089921584395
"103f6acae68e754d5c6cac1f3af55dff",2,0.361398047152713
"103f6acae68e754d5c6cac1f3af55dff",2.5,0.36546620271369
"103f6acae68e754d5c6cac1f3af55dff",3,0.370304423230607
"103f6acae68e754d5c6cac1f3af55dff",3.5,0.375923983125028
"103f6acae68e754d5c6cac1f3af55dff",4,0.382337068560521
"103f6acae68e754d5c6cac1f3af55dff",4.5,0.389556380603085
"103f6acae68e754d5c6cac1f3af55dff",5,0.397594662984131
"103f6acae68e754d5c6cac1f3af55dff",5.5,0.406464148662927
"103f6acae68e754d5c6cac1f3af55dff",6,0.416175920517671
"103f6acae68e754d5c6cac1f3af55dff",6.5,0.426739183441847
"103f6acae68e754d5c6cac1f3af55dff",7,0.438160448040673
"103f6acae68e754d5c6cac1f3af55dff",7.5,0.45044263015066
"103f6acae68e754d5c6cac1f3af55dff",8,0.463584075645672
"103f6acae68e754d5c6cac1f3af55dff",8.5,0.477577526475985
"103f6acae68e754d5c6cac1f3af55dff",9,0.492409051537054
"103f6acae68e754d5c6cac1f3af55dff",9.5,0.508056974556536
"103f6acae68e754d5c6cac1f3af55dff",10,0.524490840309277
"cec8cee4d3614530c457e61202b20518",0,0.326474698693766
"cec8cee4d3614530c457e61202b20518",0.5,0.336804769124751
"cec8cee4d3614530c457e61202b20518",1,0.345987705871973
"cec8cee4d3614530c457e61202b20518",1.5,0.353967940219619
"cec8cee4d3614530c457e61202b20518",2,0.360700585884591
"cec8cee4d3614530c457e61202b20518",2.5,0.366150303733959
"cec8cee4d3614530c457e61202b20518",3,0.370290219375015
"cec8cee4d3614530c457e61202b20518",3.5,0.373100968269836
"cec8cee4d3614530c457e61202b20518",4,0.374569925742232
"cec8cee4d3614530c457e61202b20518",4.5,0.374690663215628
"cec8cee4d3614530c457e61202b20518",5,0.373462657496745
"cec8cee4d3614530c457e61202b20518",5.5,0.370891266684897
"cec8cee4d3614530c457e61202b20518",6,0.366987973809308
"cec8cee4d3614530c457e61202b20518",6.5,0.361770886884293
"cec8cee4d3614530c457e61202b20518",7,0.355265471018268
"cec8cee4d3614530c457e61202b20518",7.5,0.347505473946567
"cec8cee4d3614530c457e61202b20518",8,0.338533990595142
"cec8cee4d3614530c457e61202b20518",8.5,0.328404595178791
"cec8cee4d3614530c457e61202b20518",9,0.317182451635769
"cec8cee4d3614530c457e61202b20518",9.5,0.304945296341209
"cec8cee4d3614530c457e61202b20518",10,0.291784173203863
"25a24be608a2c42093a6dd1942a3f7ef",0,0.273222459603813
"25a24be608a2c42093a6dd1942a3f7ef",0.5,0.27589410066536
"25a24be608a2c42093a6dd1942a3f7ef",1,0.279035020343332
"25a24be608a2c42093a6dd1942a3f7ef",1.5,0.282654471367479
"25a24be608a2c42093a6dd1942a3f7ef",2,0.286762884045583
"25a24be608a2c42093a6dd1942a3f7ef",2.5,0.291371790791156
"25a24be608a2c42093a6dd1942a3f7ef",3,0.296493732521314
"25a24be608a2c42093a6dd1942a3f7ef",3.5,0.302142143841802
"25a24be608a2c42093a6dd1942a3f7ef",4,0.308331213630828
"25a24be608a2c42093a6dd1942a3f7ef",4.5,0.315075717378906
"25a24be608a2c42093a6dd1942a3f7ef",5,0.322390817464611
"25a24be608a2c42093a6dd1942a3f7ef",5.5,0.330291827479009
"25a24be608a2c42093a6dd1942a3f7ef",6,0.338793936794794
"25a24be608a2c42093a6dd1942a3f7ef",6.5,0.347911891857107
"25a24be608a2c42093a6dd1942a3f7ef",7,0.357659631205241
"25a24be608a2c42093a6dd1942a3f7ef",7.5,0.3680498720763
"25a24be608a2c42093a6dd1942a3f7ef",8,0.379093647653231
"25a24be608a2c42093a6dd1942a3f7ef",8.5,0.390799795657372
"25a24be608a2c42093a6dd1942a3f7ef",9,0.403174401096984
"25a24be608a2c42093a6dd1942a3f7ef",9.5,0.416220198597377
"25a24be608a2c42093a6dd1942a3f7ef",10,0.429935942855292
"876aaf0b4d60d23eaf504b115d578f0d",0,0.484346965874133
"876aaf0b4d60d23eaf504b115d578f0d",0.5,0.459505306395802
"876aaf0b4d60d23eaf504b115d578f0d",1,0.43988141873417
"876aaf0b4d60d23eaf504b115d578f0d",1.5,0.425424811432568
"876aaf0b4d60d23eaf504b115d578f0d",2,0.41604906534017
"876aaf0b4d60d23eaf504b115d578f0d",2.5,0.411675952253116
"876aaf0b4d60d23eaf504b115d578f0d",3,0.412263056747997
"876aaf0b4d60d23eaf504b115d578f0d",3.5,0.417816291493598
"876aaf0b4d60d23eaf504b115d578f0d",4,0.428388232384316
"876aaf0b4d60d23eaf504b115d578f0d",4.5,0.44406213912451
"876aaf0b4d60d23eaf504b115d578f0d",5,0.464920544384917
"876aaf0b4d60d23eaf504b115d578f0d",5.5,0.490997080383355
"876aaf0b4d60d23eaf504b115d578f0d",6,0.522211563030535
"876aaf0b4d60d23eaf504b115d578f0d",6.5,0.558292090156322
"876aaf0b4d60d23eaf504b115d578f0d",7,0.598694442312326
"876aaf0b4d60d23eaf504b115d578f0d",7.5,0.642537552857053
"876aaf0b4d60d23eaf504b115d578f0d",8,0.688581147710807
"876aaf0b4d60d23eaf504b115d578f0d",8.5,0.735272336431562
"876aaf0b4d60d23eaf504b115d578f0d",9,0.780876055338083
"876aaf0b4d60d23eaf504b115d578f0d",9.5,0.823678253131006
"876aaf0b4d60d23eaf504b115d578f0d",10,0.862218439741279
"d5bc053a3912157ac02ff832fae0cda9",0,0.192222729019095
"d5bc053a3912157ac02ff832fae0cda9",0.5,0.24549757187222
"d5bc053a3912157ac02ff832fae0cda9",1,0.295811500523549
"d5bc053a3912157ac02ff832fae0cda9",1.5,0.339499205013723
"d5bc053a3912157ac02ff832fae0cda9",2,0.373988792656228
"d5bc053a3912157ac02ff832fae0cda9",2.5,0.397697584750721
"d5bc053a3912157ac02ff832fae0cda9",3,0.409783515515912
"d5bc053a3912157ac02ff832fae0cda9",3.5,0.409898006245562
"d5bc053a3912157ac02ff832fae0cda9",4,0.398038021185976
"d5bc053a3912157ac02ff832fae0cda9",4.5,0.374544599076663
"d5bc053a3912157ac02ff832fae0cda9",5,0.340248294270604
"d5bc053a3912157ac02ff832fae0cda9",5.5,0.296715165386268
"d5bc053a3912157ac02ff832fae0cda9",6,0.246496565473846
"d5bc053a3912157ac02ff832fae0cda9",6.5,0.193237744404892
"d5bc053a3912157ac02ff832fae0cda9",7,0.141452329689171
"d5bc053a3912157ac02ff832fae0cda9",7.5,0.0957526288504688
"d5bc053a3912157ac02ff832fae0cda9",8,0.0595674260222108
"d5bc053a3912157ac02ff832fae0cda9",8.5,0.0340220204426712
"d5bc053a3912157ac02ff832fae0cda9",9,0.0179053615731484
"d5bc053a3912157ac02ff832fae0cda9",9.5,0.0087332627549885
"d5bc053a3912157ac02ff832fae0cda9",10,0.0039693209861921
"3e356a9a91fa5785575b7f02e247df89",0,0.203670502291476
"3e356a9a91fa5785575b7f02e247df89",0.5,0.255704936365522
"3e356a9a91fa5785575b7f02e247df89",1,0.305273965569637
"3e356a9a91fa5785575b7f02e247df89",1.5,0.349041025937402
"3e356a9a91fa5785575b7f02e247df89",2,0.384633343609824
"3e356a9a91fa5785575b7f02e247df89",2.5,0.410589893987896
"3e356a9a91fa5785575b7f02e247df89",3,0.426131771141525
"3e356a9a91fa5785575b7f02e247df89",3.5,0.430912701300241
"3e356a9a91fa5785575b7f02e247df89",4,0.424844560905139
"3e356a9a91fa5785575b7f02e247df89",4.5,0.408040685042673
"3e356a9a91fa5785575b7f02e247df89",5,0.380887599183657
"3e356a9a91fa5785575b7f02e247df89",5.5,0.344231466218357
"3e356a9a91fa5785575b7f02e247df89",6,0.299631410553409
"3e356a9a91fa5785575b7f02e247df89",6.5,0.249577423955832
"3e356a9a91fa5785575b7f02e247df89",7,0.197508766520098
"3e356a9a91fa5785575b7f02e247df89",7.5,0.147455741883594
"3e356a9a91fa5785575b7f02e247df89",8,0.103255280925628
"3e356a9a91fa5785575b7f02e247df89",8.5,0.067586451431435
"3e356a9a91fa5785575b7f02e247df89",9,0.0413337628236354
"3e356a9a91fa5785575b7f02e247df89",9.5,0.0236675693038068
"3e356a9a91fa5785575b7f02e247df89",10,0.0127325708840524
"f3446562dba5c9f715ff49dcc9933d9b",0,0.809944585832106
"f3446562dba5c9f715ff49dcc9933d9b",0.5,0.760671228719569
"f3446562dba5c9f715ff49dcc9933d9b",1,0.710505625894403
"f3446562dba5c9f715ff49dcc9933d9b",1.5,0.66201427637661
"f3446562dba5c9f715ff49dcc9933d9b",2,0.617349546395312
"f3446562dba5c9f715ff49dcc9933d9b",2.5,0.578096477882237
"f3446562dba5c9f715ff49dcc9933d9b",3,0.545280077482476
"f3446562dba5c9f715ff49dcc9933d9b",3.5,0.519470778313382
"f3446562dba5c9f715ff49dcc9933d9b",4,0.500926169008152
"f3446562dba5c9f715ff49dcc9933d9b",4.5,0.489725453200935
"f3446562dba5c9f715ff49dcc9933d9b",5,0.48587326277203
"f3446562dba5c9f715ff49dcc9933d9b",5.5,0.489363656420862
"f3446562dba5c9f715ff49dcc9933d9b",6,0.500202181557719
"f3446562dba5c9f715ff49dcc9933d9b",6.5,0.518385884661253
"f3446562dba5c9f715ff49dcc9933d9b",7,0.543841360677377
"f3446562dba5c9f715ff49dcc9933d9b",7.5,0.576322771026145
"f3446562dba5c9f715ff49dcc9933d9b",8,0.615278492676542
"f3446562dba5c9f715ff49dcc9933d9b",8.5,0.659708904997216
"f3446562dba5c9f715ff49dcc9933d9b",9,0.708057803260132
"f3446562dba5c9f715ff49dcc9933d9b",9.5,0.758198695831725
"f3446562dba5c9f715ff49dcc9933d9b",10,0.807579015517652
"383301a49ad02f9897226760ad53e414",0,0.119889610675952
"383301a49ad02f9897226760ad53e414",0.5,0.174777722264379
"383301a49ad02f9897226760ad53e414",1,0.23672618572144
"383301a49ad02f9897226760ad53e414",1.5,0.300043447145366
"383301a49ad02f9897226760ad53e414",2,0.359145387849879
"383301a49ad02f9897226760ad53e414",2.5,0.409778872116866
"383301a49ad02f9897226760ad53e414",3,0.449343887698811
"383301a49ad02f9897226760ad53e414",3.5,0.476577410297315
"383301a49ad02f9897226760ad53e414",4,0.491024488443476
"383301a49ad02f9897226760ad53e414",4.5,0.492583843249676
"383301a49ad02f9897226760ad53e414",5,0.481250384515657
"383301a49ad02f9897226760ad53e414",5.5,0.457087045012327
"383301a49ad02f9897226760ad53e414",6,0.420427978648451
"383301a49ad02f9897226760ad53e414",6.5,0.37229177404491
"383301a49ad02f9897226760ad53e414",7,0.314911517926535
"383301a49ad02f9897226760ad53e414",7.5,0.252138604992675
"383301a49ad02f9897226760ad53e414",8,0.189313362980364
"383301a49ad02f9897226760ad53e414",8.5,0.132255423192243
"383301a49ad02f9897226760ad53e414",9,0.0855736185710511
"383301a49ad02f9897226760ad53e414",9.5,0.0512530456920813
"383301a49ad02f9897226760ad53e414",10,0.0284951226216969
"8c18a482fc143c5660b57812bb3a06d2",0,0.0765962424111249
"8c18a482fc143c5660b57812bb3a06d2",0.5,0.117804984235447
"8c18a482fc143c5660b57812bb3a06d2",1,0.167187809405447
"8c18a482fc143c5660b57812bb3a06d2",1.5,0.220329057576079
"8c18a482fc143c5660b57812bb3a06d2",2,0.272026656393558
"8c18a482fc143c5660b57812bb3a06d2",2.5,0.317656960618932
"8c18a482fc143c5660b57812bb3a06d2",3,0.353878597671787
"8c18a482fc143c5660b57812bb3a06d2",3.5,0.378656578035895
"8c18a482fc143c5660b57812bb3a06d2",4,0.390941406154544
"8c18a482fc143c5660b57812bb3a06d2",4.5,0.39031923588581
"8c18a482fc143c5660b57812bb3a06d2",5,0.37680931280576
"8c18a482fc143c5660b57812bb3a06d2",5.5,0.350874614462529
"8c18a482fc143c5660b57812bb3a06d2",6,0.313642743650534
"8c18a482fc143c5660b57812bb3a06d2",6.5,0.267262840963816
"8c18a482fc143c5660b57812bb3a06d2",7,0.215209050219496
"8c18a482fc143c5660b57812bb3a06d2",7.5,0.162203597825878
"8c18a482fc143c5660b57812bb3a06d2",8,0.113439199111141
"8c18a482fc143c5660b57812bb3a06d2",8.5,0.0731764267408655
"8c18a482fc143c5660b57812bb3a06d2",9,0.0434517503004415
"8c18a482fc143c5660b57812bb3a06d2",9.5,0.0237927935561525
"8c18a482fc143c5660b57812bb3a06d2",10,0.0120631915878128
"aae673cfa50aa18ca36647bf095bb398",0,0.59486861590923
"aae673cfa50aa18ca36647bf095bb398",0.5,0.482034596734806
"aae673cfa50aa18ca36647bf095bb398",1,0.386967488979166
"aae673cfa50aa18ca36647bf095bb398",1.5,0.313015116098195
"aae673cfa50aa18ca36647bf095bb398",2,0.259107974272619
"aae673cfa50aa18ca36647bf095bb398",2.5,0.222567960660825
"aae673cfa50aa18ca36647bf095bb398",3,0.200705221053642
"aae673cfa50aa18ca36647bf095bb398",3.5,0.191563188757984
"aae673cfa50aa18ca36647bf095bb398",4,0.194242238169063
"aae673cfa50aa18ca36647bf095bb398",4.5,0.209011142297289
"aae673cfa50aa18ca36647bf095bb398",5,0.237275835105503
"aae673cfa50aa18ca36647bf095bb398",5.5,0.281385954846639
"aae673cfa50aa18ca36647bf095bb398",6,0.344157300692615
"aae673cfa50aa18ca36647bf095bb398",6.5,0.427802579052085
"aae673cfa50aa18ca36647bf095bb398",7,0.531789403950151
"aae673cfa50aa18ca36647bf095bb398",7.5,0.649641148394244
"aae673cfa50aa18ca36647bf095bb398",8,0.766972455847985
"aae673cfa50aa18ca36647bf095bb398",8.5,0.865778564140879
"aae673cfa50aa18ca36647bf095bb398",9,0.934428692243599
"aae673cfa50aa18ca36647bf095bb398",9.5,0.973312368396151
"aae673cfa50aa18ca36647bf095bb398",10,0.99122496492033
"34f62924bb628f522e70bd3ea25497f3",0,0.658505008112554
"34f62924bb628f522e70bd3ea25497f3",0.5,0.628712647627872
"34f62924bb628f522e70bd3ea25497f3",1,0.602663762272499
"34f62924bb628f522e70bd3ea25497f3",1.5,0.58083848417431
"34f62924bb628f522e70bd3ea25497f3",2,0.563548622056391
"34f62924bb628f522e70bd3ea25497f3",2.5,0.550979849124685
"34f62924bb628f522e70bd3ea25497f3",3,0.543232186418895
"34f62924bb628f522e70bd3ea25497f3",3.5,0.540352418890757
"34f62924bb628f522e70bd3ea25497f3",4,0.542355025385471
"34f62924bb628f522e70bd3ea25497f3",4.5,0.549230104667483
"34f62924bb628f522e70bd3ea25497f3",5,0.560937856032006
"34f62924bb628f522e70bd3ea25497f3",5.5,0.577389914301434
"34f62924bb628f522e70bd3ea25497f3",6,0.598418814813257
"34f62924bb628f522e70bd3ea25497f3",6.5,0.623738589506373
"34f62924bb628f522e70bd3ea25497f3",7,0.65290225641017
"34f62924bb628f522e70bd3ea25497f3",7.5,0.685265538841413
"34f62924bb628f522e70bd3ea25497f3",8,0.719969471894907
"34f62924bb628f522e70bd3ea25497f3",8.5,0.755955585848189
"34f62924bb628f522e70bd3ea25497f3",9,0.792023620621086
"34f62924bb628f522e70bd3ea25497f3",9.5,0.826931811692787
"34f62924bb628f522e70bd3ea25497f3",10,0.859525373679895
"be527bb1ed65d93b94b819da7d73c8bf",0,0.730593809413806
"be527bb1ed65d93b94b819da7d73c8bf",0.5,0.719060457125749
"be527bb1ed65d93b94b819da7d73c8bf",1,0.70847117718235
"be527bb1ed65d93b94b819da7d73c8bf",1.5,0.698911618423462
"be527bb1ed65d93b94b819da7d73c8bf",2,0.690454852509313
"be527bb1ed65d93b94b819da7d73c8bf",2.5,0.683161978922739
"be527bb1ed65d93b94b819da7d73c8bf",3,0.677082906795683
"be527bb1ed65d93b94b819da7d73c8bf",3.5,0.672257208045182
"be527bb1ed65d93b94b819da7d73c8bf",4,0.668714950105145
"be527bb1ed65d93b94b819da7d73c8bf",4.5,0.666477432643618
"be527bb1ed65d93b94b819da7d73c8bf",5,0.665557769503711
"be527bb1ed65d93b94b819da7d73c8bf",5.5,0.665961273757856
"be527bb1ed65d93b94b819da7d73c8bf",6,0.667685619820724
"be527bb1ed65d93b94b819da7d73c8bf",6.5,0.670720772047963
"be527bb1ed65d93b94b819da7d73c8bf",7,0.675048684449473
"be527bb1ed65d93b94b819da7d73c8bf",7.5,0.680642791473552
"be527bb1ed65d93b94b819da7d73c8bf",8,0.68746732562904
"be527bb1ed65d93b94b819da7d73c8bf",8.5,0.695476514152626
"be527bb1ed65d93b94b819da7d73c8bf",9,0.704613723779984
"be527bb1ed65d93b94b819da7d73c8bf",9.5,0.71481063922415
"be527bb1ed65d93b94b819da7d73c8bf",10,0.725986575889309
"76e7788f7d04a7155d86bfe9162b4240",0,0.088756932108975
"76e7788f7d04a7155d86bfe9162b4240",0.5,0.113542988028408
"76e7788f7d04a7155d86bfe9162b4240",1,0.142696330033968
"76e7788f7d04a7155d86bfe9162b4240",1.5,0.176122809230612
"76e7788f7d04a7155d86bfe9162b4240",2,0.213488228987566
"76e7788f7d04a7155d86bfe9162b4240",2.5,0.25424246955486
"76e7788f7d04a7155d86bfe9162b4240",3,0.297676982562006
"76e7788f7d04a7155d86bfe9162b4240",3.5,0.342999925860341
"76e7788f7d04a7155d86bfe9162b4240",4,0.389409005044595
"76e7788f7d04a7155d86bfe9162b4240",4.5,0.436147183926851
"76e7788f7d04a7155d86bfe9162b4240",5,0.482536467462408
"76e7788f7d04a7155d86bfe9162b4240",5.5,0.527993344012956
"76e7788f7d04a7155d86bfe9162b4240",6,0.572032396241423
"76e7788f7d04a7155d86bfe9162b4240",6.5,0.614263036070306
"76e7788f7d04a7155d86bfe9162b4240",7,0.654381798288997
"76e7788f7d04a7155d86bfe9162b4240",7.5,0.692161587214908
"76e7788f7d04a7155d86bfe9162b4240",8,0.727439702942629
"76e7788f7d04a7155d86bfe9162b4240",8.5,0.760107026990989
"76e7788f7d04a7155d86bfe9162b4240",9,0.790100357766408
"76e7788f7d04a7155d86bfe9162b4240",9.5,0.817398513704783
"76e7788f7d04a7155d86bfe9162b4240",10,0.842021220447368
"6918060d3b4662ceba4858d711005eac",0,0.854995534390431
"6918060d3b4662ceba4858d711005eac",0.5,0.839007338355683
"6918060d3b4662ceba4858d711005eac",1,0.824130649390922
"6918060d3b4662ceba4858d711005eac",1.5,0.810837745392989
"6918060d3b4662ceba4858d711005eac",2,0.799543241294
"6918060d3b4662ceba4858d711005eac",2.5,0.790590534154011
"6918060d3b4662ceba4858d711005eac",3,0.784244370526333
"6918060d3b4662ceba4858d711005eac",3.5,0.780687799055696
"6918060d3b4662ceba4858d711005eac",4,0.780021581713251
"6918060d3b4662ceba4858d711005eac",4.5,0.782264441265345
"6918060d3b4662ceba4858d711005eac",5,0.787353153948627
"6918060d3b4662ceba4858d711005eac",5.5,0.795142295727869
"6918060d3b4662ceba4858d711005eac",6,0.805404279859528
"6918060d3b4662ceba4858d711005eac",6.5,0.817831050029475
"6918060d3b4662ceba4858d711005eac",7,0.832039268111309
"6918060d3b4662ceba4858d711005eac",7.5,0.847580891107642
"6918060d3b4662ceba4858d711005eac",8,0.863960518452209
"6918060d3b4662ceba4858d711005eac",8.5,0.88065975487723
"6918060d3b4662ceba4858d711005eac",9,0.897167211335197
"6918060d3b4662ceba4858d711005eac",9.5,0.913011032824117
"6918060d3b4662ceba4858d711005eac",10,0.927789552878639
"ee854102f757a361f5b5148574413f5a",0,0.866527316003883
"ee854102f757a361f5b5148574413f5a",0.5,0.85048286184293
"ee854102f757a361f5b5148574413f5a",1,0.835694689710696
"ee854102f757a361f5b5148574413f5a",1.5,0.822731926026961
"ee854102f757a361f5b5148574413f5a",2,0.812087490201816
"ee854102f757a361f5b5148574413f5a",2.5,0.804158028109163
"ee854102f757a361f5b5148574413f5a",3,0.799232598071878
"ee854102f757a361f5b5148574413f5a",3.5,0.797487511814131
"ee854102f757a361f5b5148574413f5a",4,0.798984590498705
"ee854102f757a361f5b5148574413f5a",4.5,0.803670820010762
"ee854102f757a361f5b5148574413f5a",5,0.811378637927698
"ee854102f757a361f5b5148574413f5a",5.5,0.821827512299857
"ee854102f757a361f5b5148574413f5a",6,0.834628746386528
"ee854102f757a361f5b5148574413f5a",6.5,0.849296220269922
"ee854102f757a361f5b5148574413f5a",7,0.865265715133576
"ee854102f757a361f5b5148574413f5a",7.5,0.881924306631338
"ee854102f757a361f5b5148574413f5a",8,0.898649076720599
"ee854102f757a361f5b5148574413f5a",8.5,0.914851537383651
"ee854102f757a361f5b5148574413f5a",9,0.93002159846145
"ee854102f757a361f5b5148574413f5a",9.5,0.943763734476413
"ee854102f757a361f5b5148574413f5a",10,0.955818951572017
"940172412b25143b87189a668e249dc3",0,0.0553794482651393
"940172412b25143b87189a668e249dc3",0.5,0.0749906988381144
"940172412b25143b87189a668e249dc3",1,0.0966022143235714
"940172412b25143b87189a668e249dc3",1.5,0.118637520848605
"940172412b25143b87189a668e249dc3",2,0.139276382085055
"940172412b25143b87189a668e249dc3",2.5,0.156739718613982
"940172412b25143b87189a668e249dc3",3,0.169525830526063
"940172412b25143b87189a668e249dc3",3.5,0.176559354148403
"940172412b25143b87189a668e249dc3",4,0.177262124594706
"940172412b25143b87189a668e249dc3",4.5,0.171576982802182
"940172412b25143b87189a668e249dc3",5,0.159969542737328
"940172412b25143b87189a668e249dc3",5.5,0.143410701047925
"940172412b25143b87189a668e249dc3",6,0.1233188392179
"940172412b25143b87189a668e249dc3",6.5,0.101429907519945
"940172412b25143b87189a668e249dc3",7,0.0795788402016175
"940172412b25143b87189a668e249dc3",7.5,0.0594192154366025
"940172412b25143b87189a668e249dc3",8,0.0421586379289013
"940172412b25143b87189a668e249dc3",8.5,0.028404809397024
"940172412b25143b87189a668e249dc3",9,0.0181761539123566
"940172412b25143b87189a668e249dc3",9.5,0.0110538615192152
"940172412b25143b87189a668e249dc3",10,0.00639493312748805
"a061f2c4823250a2aceada98c598ae3e",0,0.171375451409118
"a061f2c4823250a2aceada98c598ae3e",0.5,0.202797072001803
"a061f2c4823250a2aceada98c598ae3e",1,0.234528079273662
"a061f2c4823250a2aceada98c598ae3e",1.5,0.265441376550559
"a061f2c4823250a2aceada98c598ae3e",2,0.294483120623132
"a061f2c4823250a2aceada98c598ae3e",2.5,0.320743536512345
"a061f2c4823250a2aceada98c598ae3e",3,0.343491838196092
"a061f2c4823250a2aceada98c598ae3e",3.5,0.362179247511438
"a061f2c4823250a2aceada98c598ae3e",4,0.376420145864066
"a061f2c4823250a2aceada98c598ae3e",4.5,0.385962863383894
"a061f2c4823250a2aceada98c598ae3e",5,0.390660016921557
"a061f2c4823250a2aceada98c598ae3e",5.5,0.390445469330097
"a061f2c4823250a2aceada98c598ae3e",6,0.385322148430329
"a061f2c4823250a2aceada98c598ae3e",6.5,0.375362614773044
"a061f2c4823250a2aceada98c598ae3e",7,0.360722295076724
"a061f2c4823250a2aceada98c598ae3e",7.5,0.341663306827918
"a061f2c4823250a2aceada98c598ae3e",8,0.318584405780172
"a061f2c4823250a2aceada98c598ae3e",8.5,0.292049724019097
"a061f2c4823250a2aceada98c598ae3e",9,0.262806174954287
"a061f2c4823250a2aceada98c598ae3e",9.5,0.231777999339494
"a061f2c4823250a2aceada98c598ae3e",10,0.200028749488113
"0eef35e45e7eaf69d310f8384cb76be7",0,0.426493004643329
"0eef35e45e7eaf69d310f8384cb76be7",0.5,0.409073112595219
"0eef35e45e7eaf69d310f8384cb76be7",1,0.394037423697985
"0eef35e45e7eaf69d310f8384cb76be7",1.5,0.381332077660275
"0eef35e45e7eaf69d310f8384cb76be7",2,0.370895534535905
"0eef35e45e7eaf69d310f8384cb76be7",2.5,0.362666464160962
"0eef35e45e7eaf69d310f8384cb76be7",3,0.356589784409875
"0eef35e45e7eaf69d310f8384cb76be7",3.5,0.352621082780647
"0eef35e45e7eaf69d310f8384cb76be7",4,0.350729664734581
"0eef35e45e7eaf69d310f8384cb76be7",4.5,0.350900437258392
"0eef35e45e7eaf69d310f8384cb76be7",5,0.353134775320371
"0eef35e45e7eaf69d310f8384cb76be7",5.5,0.357450444484332
"0eef35e45e7eaf69d310f8384cb76be7",6,0.363880572994142
"0eef35e45e7eaf69d310f8384cb76be7",6.5,0.372471587165673
"0eef35e45e7eaf69d310f8384cb76be7",7,0.383279951126898
"0eef35e45e7eaf69d310f8384cb76be7",7.5,0.396367494449174
"0eef35e45e7eaf69d310f8384cb76be7",8,0.411795082110065
"0eef35e45e7eaf69d310f8384cb76be7",8.5,0.429614399608622
"0eef35e45e7eaf69d310f8384cb76be7",9,0.449857717162331
"0eef35e45e7eaf69d310f8384cb76be7",9.5,0.472525689604392
"0eef35e45e7eaf69d310f8384cb76be7",10,0.497573568278051
"a862e49e8faf5d890e9490e71dbcf9e6",0,0.242353683491857
"a862e49e8faf5d890e9490e71dbcf9e6",0.5,0.263708176850587
"a862e49e8faf5d890e9490e71dbcf9e6",1,0.286556313520876
"a862e49e8faf5d890e9490e71dbcf9e6",1.5,0.310886167317571
"a862e49e8faf5d890e9490e71dbcf9e6",2,0.336659981901433
"a862e49e8faf5d890e9490e71dbcf9e6",2.5,0.363811543874341
"a862e49e8faf5d890e9490e71dbcf9e6",3,0.392244299091773
"a862e49e8faf5d890e9490e71dbcf9e6",3.5,0.421830416910385
"a862e49e8faf5d890e9490e71dbcf9e6",4,0.452410971020306
"a862e49e8faf5d890e9490e71dbcf9e6",4.5,0.483797356098817
"a862e49e8faf5d890e9490e71dbcf9e6",5,0.515774002451904
"a862e49e8faf5d890e9490e71dbcf9e6",5.5,0.548102391111928
"a862e49e8faf5d890e9490e71dbcf9e6",6,0.580526311694581
"a862e49e8faf5d890e9490e71dbcf9e6",6.5,0.612778242929682
"a862e49e8faf5d890e9490e71dbcf9e6",7,0.644586666626083
"a862e49e8faf5d890e9490e71dbcf9e6",7.5,0.675684046092952
"a862e49e8faf5d890e9490e71dbcf9e6",8,0.705815111379782
"a862e49e8faf5d890e9490e71dbcf9e6",8.5,0.734745006961691
"a862e49e8faf5d890e9490e71dbcf9e6",9,0.76226679282375
"a862e49e8faf5d890e9490e71dbcf9e6",9.5,0.78820777190097
"a862e49e8faf5d890e9490e71dbcf9e6",10,0.812434165866812
"50417d083db650ca1651734afdd5c0af",0,0.285729929293052
"50417d083db650ca1651734afdd5c0af",0.5,0.290465594434726
"50417d083db650ca1651734afdd5c0af",1,0.295495660873036
"50417d083db650ca1651734afdd5c0af",1.5,0.300826787630352
"50417d083db650ca1651734afdd5c0af",2,0.306465713251954
"50417d083db650ca1651734afdd5c0af",2.5,0.312419201603547
"50417d083db650ca1651734afdd5c0af",3,0.318693980975112
"50417d083db650ca1651734afdd5c0af",3.5,0.32529667605528
"50417d083db650ca1651734afdd5c0af",4,0.332233732386276
"50417d083db650ca1651734afdd5c0af",4.5,0.339511332974219
"50417d083db650ca1651734afdd5c0af",5,0.347135306817294
"50417d083db650ca1651734afdd5c0af",5.5,0.355111029227019
"50417d083db650ca1651734afdd5c0af",6,0.363443313958696
"50417d083db650ca1651734afdd5c0af",6.5,0.372136297338417
"50417d083db650ca1651734afdd5c0af",7,0.381193314777609
"50417d083db650ca1651734afdd5c0af",7.5,0.390616770302739
"50417d083db650ca1651734afdd5c0af",8,0.400407999997931
"50417d083db650ca1651734afdd5c0af",8.5,0.410567130559558
"50417d083db650ca1651734afdd5c0af",9,0.421092934491951
"50417d083db650ca1651734afdd5c0af",9.5,0.431982683825901
"50417d083db650ca1651734afdd5c0af",10,0.443232004609747
"5948e57ac28d29f3aa96e11ae4960858",0,0.259455972888226
"5948e57ac28d29f3aa96e11ae4960858",0.5,0.249539648768456
"5948e57ac28d29f3aa96e11ae4960858",1,0.242895663720638
"5948e57ac28d29f3aa96e11ae4960858",1.5,0.239366409696768
"5948e57ac28d29f3aa96e11ae4960858",2,0.23886577083698
"5948e57ac28d29f3aa96e11ae4960858",2.5,0.241381399733752
"5948e57ac28d29f3aa96e11ae4960858",3,0.246975010767936
"5948e57ac28d29f3aa96e11ae4960858",3.5,0.25578083170225
"5948e57ac28d29f3aa96e11ae4960858",4,0.268001502413887
"5948e57ac28d29f3aa96e11ae4960858",4.5,0.283899832058549
"5948e57ac28d29f3aa96e11ae4960858",5,0.303783938658548
"5948e57ac28d29f3aa96e11ae4960858",5.5,0.327982525399432
"5948e57ac28d29f3aa96e11ae4960858",6,0.35680670763789
"5948e57ac28d29f3aa96e11ae4960858",6.5,0.390495440922172
"5948e57ac28d29f3aa96e11ae4960858",7,0.429143947662512
"5948e57ac28d29f3aa96e11ae4960858",7.5,0.472619257310867
"5948e57ac28d29f3aa96e11ae4960858",8,0.520474090512369
"5948e57ac28d29f3aa96e11ae4960858",8.5,0.571878512204456
"5948e57ac28d29f3aa96e11ae4960858",9,0.625594969984801
"5948e57ac28d29f3aa96e11ae4960858",9.5,0.680022184349124
"5948e57ac28d29f3aa96e11ae4960858",10,0.733322927165331
"fb6115806f075181758533269aada8c3",0,0.466402239883056
"fb6115806f075181758533269aada8c3",0.5,0.472014254569106
"fb6115806f075181758533269aada8c3",1,0.477047650887027
"fb6115806f075181758533269aada8c3",1.5,0.481499630631386
"fb6115806f075181758533269aada8c3",2,0.485368205884388
"fb6115806f075181758533269aada8c3",2.5,0.488652021294788
"fb6115806f075181758533269aada8c3",3,0.491350198264471
"fb6115806f075181758533269aada8c3",3.5,0.493462201904547
"fb6115806f075181758533269aada8c3",4,0.494987731312925
"fb6115806f075181758533269aada8c3",4.5,0.495926633501899
"fb6115806f075181758533269aada8c3",5,0.496278841154127
"fb6115806f075181758533269aada8c3",5.5,0.496044334292367
"fb6115806f075181758533269aada8c3",6,0.495223125897659
"fb6115806f075181758533269aada8c3",6.5,0.493815271485177
"fb6115806f075181758533269aada8c3",7,0.491820902631891
"fb6115806f075181758533269aada8c3",7.5,0.489240284427916
"fb6115806f075181758533269aada8c3",8,0.486073896779307
"fb6115806f075181758533269aada8c3",8.5,0.482322539406587
"fb6115806f075181758533269aada8c3",9,0.477987460246047
"fb6115806f075181758533269aada8c3",9.5,0.473070506753125
"fb6115806f075181758533269aada8c3",10,0.467574299315895
"e1c1338485544cd03f5f88c7dd65fb72",0,0.345293843417415
"e1c1338485544cd03f5f88c7dd65fb72",0.5,0.332259328934198
"e1c1338485544cd03f5f88c7dd65fb72",1,0.321169517985968
"e1c1338485544cd03f5f88c7dd65fb72",1.5,0.311944945243325
"e1c1338485544cd03f5f88c7dd65fb72",2,0.304512617106318
"e1c1338485544cd03f5f88c7dd65fb72",2.5,0.298809304043373
"e1c1338485544cd03f5f88c7dd65fb72",3,0.29478388623442
"e1c1338485544cd03f5f88c7dd65fb72",3.5,0.292398956184755
"e1c1338485544cd03f5f88c7dd65fb72",4,0.291631842466737
"e1c1338485544cd03f5f88c7dd65fb72",4.5,0.292475173257293
"e1c1338485544cd03f5f88c7dd65fb72",5,0.294937050704932
"e1c1338485544cd03f5f88c7dd65fb72",5.5,0.29904085905431
"e1c1338485544cd03f5f88c7dd65fb72",6,0.304824681324099
"e1c1338485544cd03f5f88c7dd65fb72",6.5,0.312340251234231
"e1c1338485544cd03f5f88c7dd65fb72",7,0.321651319494722
"e1c1338485544cd03f5f88c7dd65fb72",7.5,0.332831268254705
"e1c1338485544cd03f5f88c7dd65fb72",8,0.345959768427849
"e1c1338485544cd03f5f88c7dd65fb72",8.5,0.36111824893096
"e1c1338485544cd03f5f88c7dd65fb72",9,0.378383945896243
"e1c1338485544cd03f5f88c7dd65fb72",9.5,0.397822339530108
"e1c1338485544cd03f5f88c7dd65fb72",10,0.419477886291173
"6bc6a591a042ea59e555561b3860e8a2",0,0.468987465040857
"6bc6a591a042ea59e555561b3860e8a2",0.5,0.43171865739904
"6bc6a591a042ea59e555561b3860e8a2",1,0.400478290399368
"6bc6a591a042ea59e555561b3860e8a2",1.5,0.37516989003814
"6bc6a591a042ea59e555561b3860e8a2",2,0.355553417269626
"6bc6a591a042ea59e555561b3860e8a2",2.5,0.341345442068649
"6bc6a591a042ea59e555561b3860e8a2",3,0.332289234488297
"6bc6a591a042ea59e555561b3860e8a2",3.5,0.328199304515898
"6bc6a591a042ea59e555561b3860e8a2",4,0.328986441751277
"6bc6a591a042ea59e555561b3860e8a2",4.5,0.33466807519271
"6bc6a591a042ea59e555561b3860e8a2",5,0.345366327219966
"6bc6a591a042ea59e555561b3860e8a2",5.5,0.36129329648064
"6bc6a591a042ea59e555561b3860e8a2",6,0.382720332840286
"6bc6a591a042ea59e555561b3860e8a2",6.5,0.409925895670037
"6bc6a591a042ea59e555561b3860e8a2",7,0.443116037589954
"6bc6a591a042ea59e555561b3860e8a2",7.5,0.48231442425186
"6bc6a591a042ea59e555561b3860e8a2",8,0.527227425407202
"6bc6a591a042ea59e555561b3860e8a2",8.5,0.577105670076728
"6bc6a591a042ea59e555561b3860e8a2",9,0.630644088606559
"6bc6a591a042ea59e555561b3860e8a2",9.5,0.685977870876537
"6bc6a591a042ea59e555561b3860e8a2",10,0.740824794720763
"220d0a5496bad04c259c0da9954a3e4e",0,0.412734740441486
"220d0a5496bad04c259c0da9954a3e4e",0.5,0.40234862367378
"220d0a5496bad04c259c0da9954a3e4e",1,0.393896600259896
"220d0a5496bad04c259c0da9954a3e4e",1.5,0.387344658083987
"220d0a5496bad04c259c0da9954a3e4e",2,0.382662748314171
"220d0a5496bad04c259c0da9954a3e4e",2.5,0.379827446953651
"220d0a5496bad04c259c0da9954a3e4e",3,0.378823783958812
"220d0a5496bad04c259c0da9954a3e4e",3.5,0.379646318948411
"220d0a5496bad04c259c0da9954a3e4e",4,0.382299515942975
"220d0a5496bad04c259c0da9954a3e4e",4.5,0.386797436490999
"220d0a5496bad04c259c0da9954a3e4e",5,0.393162735288383
"220d0a5496bad04c259c0da9954a3e4e",5.5,0.401424908918593
"220d0a5496bad04c259c0da9954a3e4e",6,0.411617720893502
"220d0a5496bad04c259c0da9954a3e4e",6.5,0.423775710005304
"220d0a5496bad04c259c0da9954a3e4e",7,0.437929690829904
"220d0a5496bad04c259c0da9954a3e4e",7.5,0.454101183377839
"220d0a5496bad04c259c0da9954a3e4e",8,0.472295772779829
"220d0a5496bad04c259c0da9954a3e4e",8.5,0.492495508497724
"220d0a5496bad04c259c0da9954a3e4e",9,0.514650611545103
"220d0a5496bad04c259c0da9954a3e4e",9.5,0.538670965606522
"220d0a5496bad04c259c0da9954a3e4e",10,0.564418108670974
"4a02b4357ad2b785282b7b29333adfca",0,0.482743558406338
"4a02b4357ad2b785282b7b29333adfca",0.5,0.458506613334071
"4a02b4357ad2b785282b7b29333adfca",1,0.437318833930732
"4a02b4357ad2b785282b7b29333adfca",1.5,0.41918087889462
"4a02b4357ad2b785282b7b29333adfca",2,0.404051194099613
"4a02b4357ad2b785282b7b29333adfca",2.5,0.391865625321661
"4a02b4357ad2b785282b7b29333adfca",3,0.382553253322985
"4a02b4357ad2b785282b7b29333adfca",3.5,0.376048479570506
"4a02b4357ad2b785282b7b29333adfca",4,0.372299709871726
"4a02b4357ad2b785282b7b29333adfca",4.5,0.371275079077199
"4a02b4357ad2b785282b7b29333adfca",5,0.372965608586657
"4a02b4357ad2b785282b7b29333adfca",5.5,0.377386050319467
"4a02b4357ad2b785282b7b29333adfca",6,0.384573489806182
"4a02b4357ad2b785282b7b29333adfca",6.5,0.394583589276051
"4a02b4357ad2b785282b7b29333adfca",7,0.407484177839451
"4a02b4357ad2b785282b7b29333adfca",7.5,0.423345774387964
"4a02b4357ad2b785282b7b29333adfca",8,0.442228607223431
"4a02b4357ad2b785282b7b29333adfca",8.5,0.464165837566508
"4a02b4357ad2b785282b7b29333adfca",9,0.489143079995339
"4a02b4357ad2b785282b7b29333adfca",9.5,0.517075013569505
"4a02b4357ad2b785282b7b29333adfca",10,0.547780918296888
"108480afb7588a15888d22eddbec5866",0,0.337868809429606
"108480afb7588a15888d22eddbec5866",0.5,0.331116508234183
"108480afb7588a15888d22eddbec5866",1,0.326332590032896
"108480afb7588a15888d22eddbec5866",1.5,0.323475952749768
"108480afb7588a15888d22eddbec5866",2,0.322521203751081
"108480afb7588a15888d22eddbec5866",2.5,0.323459716056161
"108480afb7588a15888d22eddbec5866",3,0.326299970518397
"108480afb7588a15888d22eddbec5866",3.5,0.331067219509131
"108480afb7588a15888d22eddbec5866",4,0.337802437173892
"108480afb7588a15888d22eddbec5866",4.5,0.346560452153875
"108480afb7588a15888d22eddbec5866",5,0.357407094172868
"108480afb7588a15888d22eddbec5866",5.5,0.370415131904338
"108480afb7588a15888d22eddbec5866",6,0.385658745900784
"108480afb7588a15888d22eddbec5866",6.5,0.403206282298686
"108480afb7588a15888d22eddbec5866",7,0.423111091631981
"108480afb7588a15888d22eddbec5866",7.5,0.445400398203133
"108480afb7588a15888d22eddbec5866",8,0.470062395149506
"108480afb7588a15888d22eddbec5866",8.5,0.49703213579649
"108480afb7588a15888d22eddbec5866",9,0.526177286704526
"108480afb7588a15888d22eddbec5866",9.5,0.557285373156914
"108480afb7588a15888d22eddbec5866",10,0.590054675164185
"c73db60d9b370f1192a1f35d5796aa9a",0,0.676749106919577
"c73db60d9b370f1192a1f35d5796aa9a",0.5,0.650836125953732
"c73db60d9b370f1192a1f35d5796aa9a",1,0.62763082143081
"c73db60d9b370f1192a1f35d5796aa9a",1.5,0.607519769387979
"c73db60d9b370f1192a1f35d5796aa9a",2,0.590781390821863
"c73db60d9b370f1192a1f35d5796aa9a",2.5,0.577604896236949
"c73db60d9b370f1192a1f35d5796aa9a",3,0.568111020275196
"c73db60d9b370f1192a1f35d5796aa9a",3.5,0.562370987817652
"c73db60d9b370f1192a1f35d5796aa9a",4,0.560421368742599
"c73db60d9b370f1192a1f35d5796aa9a",4.5,0.562273463120566
"c73db60d9b370f1192a1f35d5796aa9a",5,0.567916549673386
"c73db60d9b370f1192a1f35d5796aa9a",5.5,0.577314799114414
"c73db60d9b370f1192a1f35d5796aa9a",6,0.59039804048224
"c73db60d9b370f1192a1f35d5796aa9a",6.5,0.607047033331729
"c73db60d9b370f1192a1f35d5796aa9a",7,0.627074582681435
"c73db60d9b370f1192a1f35d5796aa9a",7.5,0.650204810730925
"c73db60d9b370f1192a1f35d5796aa9a",8,0.676054111552452
"c73db60d9b370f1192a1f35d5796aa9a",8.5,0.704118501796841
"c73db60d9b370f1192a1f35d5796aa9a",9,0.733772745706728
"c73db60d9b370f1192a1f35d5796aa9a",9.5,0.764286122056945
"c73db60d9b370f1192a1f35d5796aa9a",10,0.794857456148767
"2d1a1f018cdf65bdd0289896bd116814",0,0.397717361087179
"2d1a1f018cdf65bdd0289896bd116814",0.5,0.441781017659117
"2d1a1f018cdf65bdd0289896bd116814",1,0.48345512334107
"2d1a1f018cdf65bdd0289896bd116814",1.5,0.522079860182139
"2d1a1f018cdf65bdd0289896bd116814",2,0.557227209800095
"2d1a1f018cdf65bdd0289896bd116814",2.5,0.588672602506205
"2d1a1f018cdf65bdd0289896bd116814",3,0.616353389467535
"2d1a1f018cdf65bdd0289896bd116814",3.5,0.640323888829715
"2d1a1f018cdf65bdd0289896bd116814",4,0.660713528135272
"2d1a1f018cdf65bdd0289896bd116814",4.5,0.677691506334513
"2d1a1f018cdf65bdd0289896bd116814",5,0.691439056441066
"2d1a1f018cdf65bdd0289896bd116814",5.5,0.702128927834933
"2d1a1f018cdf65bdd0289896bd116814",6,0.709910983067866
"2d1a1f018cdf65bdd0289896bd116814",6.5,0.714902593238202
"2d1a1f018cdf65bdd0289896bd116814",7,0.71718261287083
"2d1a1f018cdf65bdd0289896bd116814",7.5,0.716787970499714
"2d1a1f018cdf65bdd0289896bd116814",8,0.713712233808979
"2d1a1f018cdf65bdd0289896bd116814",8.5,0.707905852413091
"2d1a1f018cdf65bdd0289896bd116814",9,0.699278129811611
"2d1a1f018cdf65bdd0289896bd116814",9.5,0.687701324028311
"2d1a1f018cdf65bdd0289896bd116814",10,0.673017617062088
"362aa6ba3f0c4f103c2b50bc9284d954",0,0.0696252658867652
"362aa6ba3f0c4f103c2b50bc9284d954",0.5,0.102709519305034
"362aa6ba3f0c4f103c2b50bc9284d954",1,0.142140833684997
"362aa6ba3f0c4f103c2b50bc9284d954",1.5,0.185194630771017
"362aa6ba3f0c4f103c2b50bc9284d954",2,0.228379613478894
"362aa6ba3f0c4f103c2b50bc9284d954",2.5,0.26821684238538
"362aa6ba3f0c4f103c2b50bc9284d954",3,0.301812534037946
"362aa6ba3f0c4f103c2b50bc9284d954",3.5,0.327087463953926
"362aa6ba3f0c4f103c2b50bc9284d954",4,0.342737435407973
"362aa6ba3f0c4f103c2b50bc9284d954",4.5,0.34807655441267
"362aa6ba3f0c4f103c2b50bc9284d954",5,0.342892926867228
"362aa6ba3f0c4f103c2b50bc9284d954",5.5,0.327392115127818
"362aa6ba3f0c4f103c2b50bc9284d954",6,0.302252084823922
"362aa6ba3f0c4f103c2b50bc9284d954",6.5,0.268766618896229
"362aa6ba3f0c4f103c2b50bc9284d954",7,0.229002682897576
"362aa6ba3f0c4f103c2b50bc9284d954",7.5,0.18584283185796
"362aa6ba3f0c4f103c2b50bc9284d954",8,0.142760701081657
"362aa6ba3f0c4f103c2b50bc9284d954",8.5,0.103252949387569
"362aa6ba3f0c4f103c2b50bc9284d954",9,0.0700609753598802
"362aa6ba3f0c4f103c2b50bc9284d954",9.5,0.0445445079902979
"362aa6ba3f0c4f103c2b50bc9284d954",10,0.0265621309962049
"d9928e69c0c4e195612845bd1499b617",0,0.835006314096942
"d9928e69c0c4e195612845bd1499b617",0.5,0.740061711747663
"d9928e69c0c4e195612845bd1499b617",1,0.634744335965957
"d9928e69c0c4e195612845bd1499b617",1.5,0.532786628005031
"d9928e69c0c4e195612845bd1499b617",2,0.444267026705763
"d9928e69c0c4e195612845bd1499b617",2.5,0.373784254588138
"d9928e69c0c4e195612845bd1499b617",3,0.321733360897314
"d9928e69c0c4e195612845bd1499b617",3.5,0.286465477254489
"d9928e69c0c4e195612845bd1499b617",4,0.265954068815417
"d9928e69c0c4e195612845bd1499b617",4.5,0.25870277316415
"d9928e69c0c4e195612845bd1499b617",5,0.264129721031749
"d9928e69c0c4e195612845bd1499b617",5.5,0.282672927461995
"d9928e69c0c4e195612845bd1499b617",6,0.315712990485331
"d9928e69c0c4e195612845bd1499b617",6.5,0.365240783069753
"d9928e69c0c4e195612845bd1499b617",7,0.433042513758638
"d9928e69c0c4e195612845bd1499b617",7.5,0.519144933828548
"d9928e69c0c4e195612845bd1499b617",8,0.619671708568774
"d9928e69c0c4e195612845bd1499b617",8.5,0.725311583613975
"d9928e69c0c4e195612845bd1499b617",9,0.822578228154209
"d9928e69c0c4e195612845bd1499b617",9.5,0.899125578120551
"d9928e69c0c4e195612845bd1499b617",10,0.949999764586144
"96be76edb9ace04dd87dfa8eec048b2f",0,0.447714731345721
"96be76edb9ace04dd87dfa8eec048b2f",0.5,0.523410874276448
"96be76edb9ace04dd87dfa8eec048b2f",1,0.589558049783878
"96be76edb9ace04dd87dfa8eec048b2f",1.5,0.644576743710479
"96be76edb9ace04dd87dfa8eec048b2f",2,0.688453954767248
"96be76edb9ace04dd87dfa8eec048b2f",2.5,0.722055248606058
"96be76edb9ace04dd87dfa8eec048b2f",3,0.746554540568888
"96be76edb9ace04dd87dfa8eec048b2f",3.5,0.763068436743135
"96be76edb9ace04dd87dfa8eec048b2f",4,0.772462760190832
"96be76edb9ace04dd87dfa8eec048b2f",4.5,0.775267152040225
"96be76edb9ace04dd87dfa8eec048b2f",5,0.771644593385768
"96be76edb9ace04dd87dfa8eec048b2f",5.5,0.761384966815563
"96be76edb9ace04dd87dfa8eec048b2f",6,0.743913606139286
"96be76edb9ace04dd87dfa8eec048b2f",6.5,0.718326547780085
"96be76edb9ace04dd87dfa8eec048b2f",7,0.683486258948656
"96be76edb9ace04dd87dfa8eec048b2f",7.5,0.638233445789622
"96be76edb9ace04dd87dfa8eec048b2f",8,0.581778286518498
"96be76edb9ace04dd87dfa8eec048b2f",8.5,0.514294055786002
"96be76edb9ace04dd87dfa8eec048b2f",9,0.437603571420125
"96be76edb9ace04dd87dfa8eec048b2f",9.5,0.355630116614461
"96be76edb9ace04dd87dfa8eec048b2f",10,0.274134666560745
"6051f6f5b3c041f1e6737aec002a1749",0,0.301970819407726
"6051f6f5b3c041f1e6737aec002a1749",0.5,0.349915558867001
"6051f6f5b3c041f1e6737aec002a1749",1,0.389818988656016
"6051f6f5b3c041f1e6737aec002a1749",1.5,0.420187019972786
"6051f6f5b3c041f1e6737aec002a1749",2,0.440036730730628
"6051f6f5b3c041f1e6737aec002a1749",2.5,0.448810847810557
"6051f6f5b3c041f1e6737aec002a1749",3,0.446288314882444
"6051f6f5b3c041f1e6737aec002a1749",3.5,0.432530972565365
"6051f6f5b3c041f1e6737aec002a1749",4,0.407899879026577
"6051f6f5b3c041f1e6737aec002a1749",4.5,0.373130727488227
"6051f6f5b3c041f1e6737aec002a1749",5,0.329424142918508
"6051f6f5b3c041f1e6737aec002a1749",5.5,0.278533430308384
"6051f6f5b3c041f1e6737aec002a1749",6,0.222938299685316
"6051f6f5b3c041f1e6737aec002a1749",6.5,0.166209810296041
"6051f6f5b3c041f1e6737aec002a1749",7,0.113227233503926
"6051f6f5b3c041f1e6737aec002a1749",7.5,0.0692601947180456
"6051f6f5b3c041f1e6737aec002a1749",8,0.0376860979311792
"6051f6f5b3c041f1e6737aec002a1749",8.5,0.0182831669084964
"6051f6f5b3c041f1e6737aec002a1749",9,0.00799805230296697
"6051f6f5b3c041f1e6737aec002a1749",9.5,0.00319627015966621
"6051f6f5b3c041f1e6737aec002a1749",10,0.00117826698296396
"71a2df58829933d8ee0c2405aef26d57",0,0.648690361707853
"71a2df58829933d8ee0c2405aef26d57",0.5,0.565099537172407
"71a2df58829933d8ee0c2405aef26d57",1,0.488031247941751
"71a2df58829933d8ee0c2405aef26d57",1.5,0.421344013306229
"71a2df58829933d8ee0c2405aef26d57",2,0.366631949170938
"71a2df58829933d8ee0c2405aef26d57",2.5,0.3238684215513
"71a2df58829933d8ee0c2405aef26d57",3,0.292177843904705
"71a2df58829933d8ee0c2405aef26d57",3.5,0.270439963811828
"71a2df58829933d8ee0c2405aef26d57",4,0.257665705510374
"71a2df58829933d8ee0c2405aef26d57",4.5,0.253194589304077
"71a2df58829933d8ee0c2405aef26d57",5,0.256782163302029
"71a2df58829933d8ee0c2405aef26d57",5.5,0.26862510946845
"71a2df58829933d8ee0c2405aef26d57",6,0.289341331158417
"71a2df58829933d8ee0c2405aef26d57",6.5,0.319891119655014
"71a2df58829933d8ee0c2405aef26d57",7,0.361394871253574
"71a2df58829933d8ee0c2405aef26d57",7.5,0.41478005025594
"71a2df58829933d8ee0c2405aef26d57",8,0.480201936903731
"71a2df58829933d8ee0c2405aef26d57",8.5,0.556280853709431
"71a2df58829933d8ee0c2405aef26d57",9,0.639421357271455
"71a2df58829933d8ee0c2405aef26d57",9.5,0.723739350770391
"71a2df58829933d8ee0c2405aef26d57",10,0.80211912394002
"7b62065e4cd491acbc01b9f2e6190062",0,0.704928535763971
"7b62065e4cd491acbc01b9f2e6190062",0.5,0.676861075000965
"7b62065e4cd491acbc01b9f2e6190062",1,0.651903011930818
"7b62065e4cd491acbc01b9f2e6190062",1.5,0.630624765405729
"7b62065e4cd491acbc01b9f2e6190062",2,0.613435523866243
"7b62065e4cd491acbc01b9f2e6190062",2.5,0.600610169121645
"7b62065e4cd491acbc01b9f2e6190062",3,0.592319942943526
"7b62065e4cd491acbc01b9f2e6190062",3.5,0.588659739422508
"7b62065e4cd491acbc01b9f2e6190062",4,0.589667453359589
"7b62065e4cd491acbc01b9f2e6190062",4.5,0.595332897570149
"7b62065e4cd491acbc01b9f2e6190062",5,0.605595326337471
"7b62065e4cd491acbc01b9f2e6190062",5.5,0.62032982134597
"7b62065e4cd491acbc01b9f2e6190062",6,0.639324102965286
"7b62065e4cd491acbc01b9f2e6190062",6.5,0.662249079030921
"7b62065e4cd491acbc01b9f2e6190062",7,0.688628766290102
"7b62065e4cd491acbc01b9f2e6190062",7.5,0.717817803573291
"7b62065e4cd491acbc01b9f2e6190062",8,0.74899667749252
"7b62065e4cd491acbc01b9f2e6190062",8.5,0.781194475667525
"7b62065e4cd491acbc01b9f2e6190062",9,0.813344914469982
"7b62065e4cd491acbc01b9f2e6190062",9.5,0.844373107670733
"7b62065e4cd491acbc01b9f2e6190062",10,0.873299908745985
"ba1f22ece8cf807b12dc52e06eb14ba8",0,0.293175674950276
"ba1f22ece8cf807b12dc52e06eb14ba8",0.5,0.241410173609763
"ba1f22ece8cf807b12dc52e06eb14ba8",1,0.203070684486473
"ba1f22ece8cf807b12dc52e06eb14ba8",1.5,0.175818679409474
"ba1f22ece8cf807b12dc52e06eb14ba8",2,0.157545619342311
"ba1f22ece8cf807b12dc52e06eb14ba8",2.5,0.146655123906136
"ba1f22ece8cf807b12dc52e06eb14ba8",3,0.142136882439354
"ba1f22ece8cf807b12dc52e06eb14ba8",3.5,0.143560759957393
"ba1f22ece8cf807b12dc52e06eb14ba8",4,0.15106294418259
"ba1f22ece8cf807b12dc52e06eb14ba8",4.5,0.165351038870303
"ba1f22ece8cf807b12dc52e06eb14ba8",5,0.187719860221039
"ba1f22ece8cf807b12dc52e06eb14ba8",5.5,0.22003117301877
"ba1f22ece8cf807b12dc52e06eb14ba8",6,0.264558811090131
"ba1f22ece8cf807b12dc52e06eb14ba8",6.5,0.323546906614928
"ba1f22ece8cf807b12dc52e06eb14ba8",7,0.398333671988891
"ba1f22ece8cf807b12dc52e06eb14ba8",7.5,0.48807237837591
"ba1f22ece8cf807b12dc52e06eb14ba8",8,0.588506765576917
"ba1f22ece8cf807b12dc52e06eb14ba8",8.5,0.691712387312048
"ba1f22ece8cf807b12dc52e06eb14ba8",9,0.787597510635542
"ba1f22ece8cf807b12dc52e06eb14ba8",9.5,0.866953519701609
"ba1f22ece8cf807b12dc52e06eb14ba8",10,0.924685093669164
"b186ea0764bc444cd47fbc1c264ffc86",0,0.326978367234087
"b186ea0764bc444cd47fbc1c264ffc86",0.5,0.289843492152727
"b186ea0764bc444cd47fbc1c264ffc86",1,0.262530149721412
"b186ea0764bc444cd47fbc1c264ffc86",1.5,0.244241866582461
"b186ea0764bc444cd47fbc1c264ffc86",2,0.234239691586529
"b186ea0764bc444cd47fbc1c264ffc86",2.5,0.232049775490914
"b186ea0764bc444cd47fbc1c264ffc86",3,0.237561856775473
"b186ea0764bc444cd47fbc1c264ffc86",3.5,0.251049011968605
"b186ea0764bc444cd47fbc1c264ffc86",4,0.273116641455136
"b186ea0764bc444cd47fbc1c264ffc86",4.5,0.304561503592318
"b186ea0764bc444cd47fbc1c264ffc86",5,0.346107172659284
"b186ea0764bc444cd47fbc1c264ffc86",5.5,0.398006777877455
"b186ea0764bc444cd47fbc1c264ffc86",6,0.459598438995832
"b186ea0764bc444cd47fbc1c264ffc86",6.5,0.529048444586929
"b186ea0764bc444cd47fbc1c264ffc86",7,0.603567642579543
"b186ea0764bc444cd47fbc1c264ffc86",7.5,0.680083367156868
"b186ea0764bc444cd47fbc1c264ffc86",8,0.755722865464675
"b186ea0764bc444cd47fbc1c264ffc86",8.5,0.827222633523547
"b186ea0764bc444cd47fbc1c264ffc86",9,0.889708333943884
"b186ea0764bc444cd47fbc1c264ffc86",9.5,0.937649043466736
"b186ea0764bc444cd47fbc1c264ffc86",10,0.968788045140016
"b0aa564069708c2e90901b3d02470657",0,0.822740195399307
"b0aa564069708c2e90901b3d02470657",0.5,0.82989035632817
"b0aa564069708c2e90901b3d02470657",1,0.836024863705464
"b0aa564069708c2e90901b3d02470657",1.5,0.841215187665939
"b0aa564069708c2e90901b3d02470657",2,0.845522664774749
"b0aa564069708c2e90901b3d02470657",2.5,0.848998723906625
"b0aa564069708c2e90901b3d02470657",3,0.851685169176818
"b0aa564069708c2e90901b3d02470657",3.5,0.853614469626677
"b0aa564069708c2e90901b3d02470657",4,0.854810019628891
"b0aa564069708c2e90901b3d02470657",4.5,0.855286345070111
"b0aa564069708c2e90901b3d02470657",5,0.855049239004955
"b0aa564069708c2e90901b3d02470657",5.5,0.854095817362163
"b0aa564069708c2e90901b3d02470657",6,0.852414491097532
"b0aa564069708c2e90901b3d02470657",6.5,0.849984856577769
"b0aa564069708c2e90901b3d02470657",7,0.846777511579947
"b0aa564069708c2e90901b3d02470657",7.5,0.842753810744786
"b0aa564069708c2e90901b3d02470657",8,0.837865582294747
"b0aa564069708c2e90901b3d02470657",8.5,0.832054838017716
"b0aa564069708c2e90901b3d02470657",9,0.82525352163967
"b0aa564069708c2e90901b3d02470657",9.5,0.817383357450596
"b0aa564069708c2e90901b3d02470657",10,0.808355881959497
"880492630ecf1df4163b14a6056fbc2c",0,0.0732071864990958
"880492630ecf1df4163b14a6056fbc2c",0.5,0.0660477574101119
"880492630ecf1df4163b14a6056fbc2c",1,0.0601747552471705
"880492630ecf1df4163b14a6056fbc2c",1.5,0.0553808378723678
"880492630ecf1df4163b14a6056fbc2c",2,0.0514993714252017
"880492630ecf1df4163b14a6056fbc2c",2.5,0.0483978960119782
"880492630ecf1df4163b14a6056fbc2c",3,0.0459725979670234
"880492630ecf1df4163b14a6056fbc2c",3.5,0.0441438040987767
"880492630ecf1df4163b14a6056fbc2c",4,0.042852439268946
"880492630ecf1df4163b14a6056fbc2c",4.5,0.0420573623086064
"880492630ecf1df4163b14a6056fbc2c",5,0.0417334961431103
"880492630ecf1df4163b14a6056fbc2c",5.5,0.0418706835454153
"880492630ecf1df4163b14a6056fbc2c",6,0.0424732228999848
"880492630ecf1df4163b14a6056fbc2c",6.5,0.0435600647087391
"880492630ecf1df4163b14a6056fbc2c",7,0.0451656770479596
"880492630ecf1df4163b14a6056fbc2c",7.5,0.0473416152022085
"880492630ecf1df4163b14a6056fbc2c",8,0.0501588553894447
"880492630ecf1df4163b14a6056fbc2c",8.5,0.0537109716885099
"880492630ecf1df4163b14a6056fbc2c",9,0.0581182432376023
"880492630ecf1df4163b14a6056fbc2c",9.5,0.0635327653734178
"880492630ecf1df4163b14a6056fbc2c",10,0.0701445867061587
"fdc429e534076328a88202e860e56aaa",0,0.843865614752802
"fdc429e534076328a88202e860e56aaa",0.5,0.867345864816471
"fdc429e534076328a88202e860e56aaa",1,0.887016892868544
"fdc429e534076328a88202e860e56aaa",1.5,0.903390921337617
"fdc429e534076328a88202e860e56aaa",2,0.916960059238475
"fdc429e534076328a88202e860e56aaa",2.5,0.928173060728742
"fdc429e534076328a88202e860e56aaa",3,0.937424256802026
"fdc429e534076328a88202e860e56aaa",3.5,0.94505096994728
"fdc429e534076328a88202e860e56aaa",4,0.951336137879117
"fdc429e534076328a88202e860e56aaa",4.5,0.956513668234338
"fdc429e534076328a88202e860e56aaa",5,0.960774852442604
"fdc429e534076328a88202e860e56aaa",5.5,0.964274821483789
"fdc429e534076328a88202e860e56aaa",6,0.967138493211524
"fdc429e534076328a88202e860e56aaa",6.5,0.969465763748882
"fdc429e534076328a88202e860e56aaa",7,0.971335875483805
"fdc429e534076328a88202e860e56aaa",7.5,0.972810990921508
"fdc429e534076328a88202e860e56aaa",8,0.973939045911912
"fdc429e534076328a88202e860e56aaa",8.5,0.974755969066857
"fdc429e534076328a88202e860e56aaa",9,0.975287350404228
"fdc429e534076328a88202e860e56aaa",9.5,0.975549629810792
"fdc429e534076328a88202e860e56aaa",10,0.975550859558841
"c1ecaba13f8f4546583b712bc25e9bf0",0,0.39706739551529
"c1ecaba13f8f4546583b712bc25e9bf0",0.5,0.418663004209777
"c1ecaba13f8f4546583b712bc25e9bf0",1,0.43513842226025
"c1ecaba13f8f4546583b712bc25e9bf0",1.5,0.446303895198509
"c1ecaba13f8f4546583b712bc25e9bf0",2,0.452060847847036
"c1ecaba13f8f4546583b712bc25e9bf0",2.5,0.452368047908273
"c1ecaba13f8f4546583b712bc25e9bf0",3,0.447223479617967
"c1ecaba13f8f4546583b712bc25e9bf0",3.5,0.436663365044148
"c1ecaba13f8f4546583b712bc25e9bf0",4,0.420778402192122
"c1ecaba13f8f4546583b712bc25e9bf0",4.5,0.39974596058436
"c1ecaba13f8f4546583b712bc25e9bf0",5,0.373875004343202
"c1ecaba13f8f4546583b712bc25e9bf0",5.5,0.343657414648775
"c1ecaba13f8f4546583b712bc25e9bf0",6,0.309815137600528
"c1ecaba13f8f4546583b712bc25e9bf0",6.5,0.273327987274833
"c1ecaba13f8f4546583b712bc25e9bf0",7,0.235423965107304
"c1ecaba13f8f4546583b712bc25e9bf0",7.5,0.197515848957353
"c1ecaba13f8f4546583b712bc25e9bf0",8,0.161078104808445
"c1ecaba13f8f4546583b712bc25e9bf0",8.5,0.127477884229833
"c1ecaba13f8f4546583b712bc25e9bf0",9,0.0977973468328356
"c1ecaba13f8f4546583b712bc25e9bf0",9.5,0.0726985647726715
"c1ecaba13f8f4546583b712bc25e9bf0",10,0.0523736901296618
"32f670ab661c11bd4d1043130a007cf2",0,0.248112125874395
"32f670ab661c11bd4d1043130a007cf2",0.5,0.273524208651244
"32f670ab661c11bd4d1043130a007cf2",1,0.297074403262617
"32f670ab661c11bd4d1043130a007cf2",1.5,0.318203759727853
"32f670ab661c11bd4d1043130a007cf2",2,0.336461342983049
"32f670ab661c11bd4d1043130a007cf2",2.5,0.351501512921299
"32f670ab661c11bd4d1043130a007cf2",3,0.363072947354536
"32f670ab661c11bd4d1043130a007cf2",3.5,0.371004014251455
"32f670ab661c11bd4d1043130a007cf2",4,0.375188387193055
"32f670ab661c11bd4d1043130a007cf2",4.5,0.375573755538198
"32f670ab661c11bd4d1043130a007cf2",5,0.372155434510429
"32f670ab661c11bd4d1043130a007cf2",5.5,0.364975762334701
"32f670ab661c11bd4d1043130a007cf2",6,0.354129363570096
"32f670ab661c11bd4d1043130a007cf2",6.5,0.339773561391372
"32f670ab661c11bd4d1043130a007cf2",7,0.322142330894202
"32f670ab661c11bd4d1043130a007cf2",7.5,0.301561160272476
"32f670ab661c11bd4d1043130a007cf2",8,0.27845912366766
"32f670ab661c11bd4d1043130a007cf2",8.5,0.253373654674504
"32f670ab661c11bd4d1043130a007cf2",9,0.226943408366653
"32f670ab661c11bd4d1043130a007cf2",9.5,0.19988572790022
"32f670ab661c11bd4d1043130a007cf2",10,0.172957882251764
"60c901acfd112190b7be28a148cac4d9",0,0.540615931822507
"60c901acfd112190b7be28a148cac4d9",0.5,0.539679774609646
"60c901acfd112190b7be28a148cac4d9",1,0.537867695373523
"60c901acfd112190b7be28a148cac4d9",1.5,0.53517823209358
"60c901acfd112190b7be28a148cac4d9",2,0.531609422158419
"60c901acfd112190b7be28a148cac4d9",2.5,0.527159044296686
"60c901acfd112190b7be28a148cac4d9",3,0.521824941717283
"60c901acfd112190b7be28a148cac4d9",3.5,0.515605427752981
"60c901acfd112190b7be28a148cac4d9",4,0.508499774717156
"60c901acfd112190b7be28a148cac4d9",4.5,0.500508785487038
"60c901acfd112190b7be28a148cac4d9",5,0.491635445390935
"60c901acfd112190b7be28a148cac4d9",5.5,0.481885649187218
"60c901acfd112190b7be28a148cac4d9",6,0.471268994188393
"60c901acfd112190b7be28a148cac4d9",6.5,0.459799625866235
"60c901acfd112190b7be28a148cac4d9",7,0.447497116604085
"60c901acfd112190b7be28a148cac4d9",7.5,0.434387351778612
"60c901acfd112190b7be28a148cac4d9",8,0.420503390327721
"60c901acfd112190b7be28a148cac4d9",8.5,0.40588625982943
"60c901acfd112190b7be28a148cac4d9",9,0.390585639496263
"60c901acfd112190b7be28a148cac4d9",9.5,0.374660379176014
"60c901acfd112190b7be28a148cac4d9",10,0.358178799385004
"05bf5ecf435d597a0513007d399884c8",0,0.355702273199758
"05bf5ecf435d597a0513007d399884c8",0.5,0.399655251601648
"05bf5ecf435d597a0513007d399884c8",1,0.43694377962388
"05bf5ecf435d597a0513007d399884c8",1.5,0.466576644945053
"05bf5ecf435d597a0513007d399884c8",2,0.488033247665685
"05bf5ecf435d597a0513007d399884c8",2.5,0.501093059764753
"05bf5ecf435d597a0513007d399884c8",3,0.505688422045144
"05bf5ecf435d597a0513007d399884c8",3.5,0.501807722870435
"05bf5ecf435d597a0513007d399884c8",4,0.489460348789248
"05bf5ecf435d597a0513007d399884c8",4.5,0.468706312504425
"05bf5ecf435d597a0513007d399884c8",5,0.439748144512519
"05bf5ecf435d597a0513007d399884c8",5.5,0.403074620749387
"05bf5ecf435d597a0513007d399884c8",6,0.359630895091555
"05bf5ecf435d597a0513007d399884c8",6.5,0.3109682677098
"05bf5ecf435d597a0513007d399884c8",7,0.259306638161884
"05bf5ecf435d597a0513007d399884c8",7.5,0.207435921764976
"05bf5ecf435d597a0513007d399884c8",8,0.158403514863038
"05bf5ecf435d597a0513007d399884c8",8.5,0.115001704792476
"05bf5ecf435d597a0513007d399884c8",9,0.0791904201581573
"05bf5ecf435d597a0513007d399884c8",9.5,0.0517044929474952
"05bf5ecf435d597a0513007d399884c8",10,0.032057282744668
"7e00657eaa0406e3168501b03504c91a",0,0.252689004050519
"7e00657eaa0406e3168501b03504c91a",0.5,0.263473415331388
"7e00657eaa0406e3168501b03504c91a",1,0.274000968085017
"7e00657eaa0406e3168501b03504c91a",1.5,0.284226469792573
"7e00657eaa0406e3168501b03504c91a",2,0.294107574034048
"7e00657eaa0406e3168501b03504c91a",2.5,0.303604971527999
"7e00657eaa0406e3168501b03504c91a",3,0.312682503342415
"7e00657eaa0406e3168501b03504c91a",3.5,0.321307203254878
"7e00657eaa0406e3168501b03504c91a",4,0.329449277799761
"7e00657eaa0406e3168501b03504c91a",4.5,0.337082033526607
"7e00657eaa0406e3168501b03504c91a",5,0.344181761462567
"7e00657eaa0406e3168501b03504c91a",5.5,0.35072758879834
"7e00657eaa0406e3168501b03504c91a",6,0.35670130748741
"7e00657eaa0406e3168501b03504c91a",6.5,0.362087188850214
"7e00657eaa0406e3168501b03504c91a",7,0.366871792491248
"7e00657eaa0406e3168501b03504c91a",7.5,0.371043776941591
"7e00657eaa0406e3168501b03504c91a",8,0.374593718493499
"7e00657eaa0406e3168501b03504c91a",8.5,0.377513943745473
"7e00657eaa0406e3168501b03504c91a",9,0.379798380460246
"7e00657eaa0406e3168501b03504c91a",9.5,0.381442430476277
"7e00657eaa0406e3168501b03504c91a",10,0.382442867616297
"79660f4a8fc84d8a775da5ec1f493398",0,0.626662101299376
"79660f4a8fc84d8a775da5ec1f493398",0.5,0.583160284005304
"79660f4a8fc84d8a775da5ec1f493398",1,0.542962845136311
"79660f4a8fc84d8a775da5ec1f493398",1.5,0.506848732160097
"79660f4a8fc84d8a775da5ec1f493398",2,0.475288968741354
"79660f4a8fc84d8a775da5ec1f493398",2.5,0.448505404672842
"79660f4a8fc84d8a775da5ec1f493398",3,0.426542941230917
"79660f4a8fc84d8a775da5ec1f493398",3.5,0.409339287091102
"79660f4a8fc84d8a775da5ec1f493398",4,0.396783596978755
"79660f4a8fc84d8a775da5ec1f493398",4.5,0.388760991339205
"79660f4a8fc84d8a775da5ec1f493398",5,0.385183263871513
"79660f4a8fc84d8a775da5ec1f493398",5.5,0.38600739969902
"79660f4a8fc84d8a775da5ec1f493398",6,0.391243507368374
"79660f4a8fc84d8a775da5ec1f493398",6.5,0.400953010711776
"79660f4a8fc84d8a775da5ec1f493398",7,0.415236898833927
"79660f4a8fc84d8a775da5ec1f493398",7.5,0.434212849354551
"79660f4a8fc84d8a775da5ec1f493398",8,0.457979499140336
"79660f4a8fc84d8a775da5ec1f493398",8.5,0.486566540253908
"79660f4a8fc84d8a775da5ec1f493398",9,0.519871309727009
"79660f4a8fc84d8a775da5ec1f493398",9.5,0.557586722511909
"79660f4a8fc84d8a775da5ec1f493398",10,0.599131826463498
"73d1d0b25878ea0c119f2af85c7c24bd",0,0.486344952242291
"73d1d0b25878ea0c119f2af85c7c24bd",0.5,0.460521108914811
"73d1d0b25878ea0c119f2af85c7c24bd",1,0.437534150410855
"73d1d0b25878ea0c119f2af85c7c24bd",1.5,0.417409204830504
"73d1d0b25878ea0c119f2af85c7c24bd",2,0.400121038773625
"73d1d0b25878ea0c119f2af85c7c24bd",2.5,0.385612828738296
"73d1d0b25878ea0c119f2af85c7c24bd",3,0.373812063107794
"73d1d0b25878ea0c119f2af85c7c24bd",3.5,0.364643293917653
"73d1d0b25878ea0c119f2af85c7c24bd",4,0.35803786875286
"73d1d0b25878ea0c119f2af85c7c24bd",4.5,0.353940977919795
"73d1d0b25878ea0c119f2af85c7c24bd",5,0.352316405047601
"73d1d0b25878ea0c119f2af85c7c24bd",5.5,0.35314932228039
"73d1d0b25878ea0c119f2af85c7c24bd",6,0.356447364829199
"73d1d0b25878ea0c119f2af85c7c24bd",6.5,0.362240082500363
"73d1d0b25878ea0c119f2af85c7c24bd",7,0.37057671784297
"73d1d0b25878ea0c119f2af85c7c24bd",7.5,0.381522118032551
"73d1d0b25878ea0c119f2af85c7c24bd",8,0.395150468695732
"73d1d0b25878ea0c119f2af85c7c24bd",8.5,0.411536467943685
"73d1d0b25878ea0c119f2af85c7c24bd",9,0.43074357450481
"73d1d0b25878ea0c119f2af85c7c24bd",9.5,0.452809113678035
"73d1d0b25878ea0c119f2af85c7c24bd",10,0.477726364095389
"d90d7801346af8b57484c159b3b14ada",0,0.353995585594587
"d90d7801346af8b57484c159b3b14ada",0.5,0.34265525591073
"d90d7801346af8b57484c159b3b14ada",1,0.333311262376402
"d90d7801346af8b57484c159b3b14ada",1.5,0.325895622285108
"d90d7801346af8b57484c159b3b14ada",2,0.320349611835484
"d90d7801346af8b57484c159b3b14ada",2.5,0.316626615672677
"d90d7801346af8b57484c159b3b14ada",3,0.314694070900695
"d90d7801346af8b57484c159b3b14ada",3.5,0.31453467778908
"d90d7801346af8b57484c159b3b14ada",4,0.316146997466095
"d90d7801346af8b57484c159b3b14ada",4.5,0.319545500263195
"d90d7801346af8b57484c159b3b14ada",5,0.324760069994929
"d90d7801346af8b57484c159b3b14ada",5.5,0.331834910953956
"d90d7801346af8b57484c159b3b14ada",6,0.340826747294667
"d90d7801346af8b57484c159b3b14ada",6.5,0.351802151386731
"d90d7801346af8b57484c159b3b14ada",7,0.364833793587534
"d90d7801346af8b57484c159b3b14ada",7.5,0.379995379227413
"d90d7801346af8b57484c159b3b14ada",8,0.397355042558338
"d90d7801346af8b57484c159b3b14ada",8.5,0.416967020131792
"d90d7801346af8b57484c159b3b14ada",9,0.438861549618735
"d90d7801346af8b57484c159b3b14ada",9.5,0.463033156743006
"d90d7801346af8b57484c159b3b14ada",10,0.489427817625435
"a73542825807077c91963ae33d44790b",0,0.652485269192605
"a73542825807077c91963ae33d44790b",0.5,0.622963255038141
"a73542825807077c91963ae33d44790b",1,0.596904949173546
"a73542825807077c91963ae33d44790b",1.5,0.574748763502824
"a73542825807077c91963ae33d44790b",2,0.55678174123276
"a73542825807077c91963ae33d44790b",2.5,0.54317612681951
"a73542825807077c91963ae33d44790b",3,0.534025337488756
"a73542825807077c91963ae33d44790b",3.5,0.529374006833895
"a73542825807077c91963ae33d44790b",4,0.529239173934064
"a73542825807077c91963ae33d44790b",4.5,0.533621275790153
"a73542825807077c91963ae33d44790b",5,0.54250446778597
"a73542825807077c91963ae33d44790b",5.5,0.555846260533633
"a73542825807077c91963ae33d44790b",6,0.573556913108547
"a73542825807077c91963ae33d44790b",6.5,0.595469855459232
"a73542825807077c91963ae33d44790b",7,0.621305948471177
"a73542825807077c91963ae33d44790b",7.5,0.650636748017965
"a73542825807077c91963ae33d44790b",8,0.682854822381129
"a73542825807077c91963ae33d44790b",8.5,0.717161636641329
"a73542825807077c91963ae33d44790b",9,0.752583934381294
"a73542825807077c91963ae33d44790b",9.5,0.788026080116094
"a73542825807077c91963ae33d44790b",10,0.822357599852631
"f8a46f9a5288a500cd945b877e0f711f",0,0.303185343359435
"f8a46f9a5288a500cd945b877e0f711f",0.5,0.307954939046271
"f8a46f9a5288a500cd945b877e0f711f",1,0.312858612150488
"f8a46f9a5288a500cd945b877e0f711f",1.5,0.317898023105605
"f8a46f9a5288a500cd945b877e0f711f",2,0.323074754529459
"f8a46f9a5288a500cd945b877e0f711f",2.5,0.328390300378605
"f8a46f9a5288a500cd945b877e0f711f",3,0.333846054575203
"f8a46f9a5288a500cd945b877e0f711f",3.5,0.339443299118641
"f8a46f9a5288a500cd945b877e0f711f",4,0.345183191699762
"f8a46f9a5288a500cd945b877e0f711f",4.5,0.351066752841626
"f8a46f9a5288a500cd945b877e0f711f",5,0.357094852597523
"f8a46f9a5288a500cd945b877e0f711f",5.5,0.363268196844065
"f8a46f9a5288a500cd945b877e0f711f",6,0.369587313214993
"f8a46f9a5288a500cd945b877e0f711f",6.5,0.376052536729452
"f8a46f9a5288a500cd945b877e0f711f",7,0.3826639951772
"f8a46f9a5288a500cd945b877e0f711f",7.5,0.389421594332099
"f8a46f9a5288a500cd945b877e0f711f",8,0.39632500307463
"f8a46f9a5288a500cd945b877e0f711f",8.5,0.403373638513595
"f8a46f9a5288a500cd945b877e0f711f",9,0.410566651206714
"f8a46f9a5288a500cd945b877e0f711f",9.5,0.417902910589413
"f8a46f9a5288a500cd945b877e0f711f",10,0.425380990730426
"aaccf5c4ba90bda685fa3de92cdad93f",0,0.455569710344347
"aaccf5c4ba90bda685fa3de92cdad93f",0.5,0.407872109776786
"aaccf5c4ba90bda685fa3de92cdad93f",1,0.368380764453589
"aaccf5c4ba90bda685fa3de92cdad93f",1.5,0.336865942648889
"aaccf5c4ba90bda685fa3de92cdad93f",2,0.312813932971433
"aaccf5c4ba90bda685fa3de92cdad93f",2.5,0.295640982587272
"aaccf5c4ba90bda685fa3de92cdad93f",3,0.284833165705664
"aaccf5c4ba90bda685fa3de92cdad93f",3.5,0.280027470740975
"aaccf5c4ba90bda685fa3de92cdad93f",4,0.281053035462047
"aaccf5c4ba90bda685fa3de92cdad93f",4.5,0.287946801660378
"aaccf5c4ba90bda685fa3de92cdad93f",5,0.300950318134857
"aaccf5c4ba90bda685fa3de92cdad93f",5.5,0.320486241295511
"aaccf5c4ba90bda685fa3de92cdad93f",6,0.347105004827374
"aaccf5c4ba90bda685fa3de92cdad93f",6.5,0.381385215430387
"aaccf5c4ba90bda685fa3de92cdad93f",7,0.423768786906073
"aaccf5c4ba90bda685fa3de92cdad93f",7.5,0.47432038014405
"aaccf5c4ba90bda685fa3de92cdad93f",8,0.532429609046209
"aaccf5c4ba90bda685fa3de92cdad93f",8.5,0.596528238336955
"aaccf5c4ba90bda685fa3de92cdad93f",9,0.663957687865754
"aaccf5c4ba90bda685fa3de92cdad93f",9.5,0.731145317173826
"aaccf5c4ba90bda685fa3de92cdad93f",10,0.794165520918371
"4f7aa159b250025c6921e76e9130222a",0,0.392359753056271
"4f7aa159b250025c6921e76e9130222a",0.5,0.441581390226971
"4f7aa159b250025c6921e76e9130222a",1,0.484375040126697
"4f7aa159b250025c6921e76e9130222a",1.5,0.519846492350638
"4f7aa159b250025c6921e76e9130222a",2,0.547644707711111
"4f7aa159b250025c6921e76e9130222a",2.5,0.567750487635991
"4f7aa159b250025c6921e76e9130222a",3,0.580291278104619
"4f7aa159b250025c6921e76e9130222a",3.5,0.58540639508634
"4f7aa159b250025c6921e76e9130222a",4,0.583165762231735
"4f7aa159b250025c6921e76e9130222a",4.5,0.573537819693886
"4f7aa159b250025c6921e76e9130222a",5,0.556403493610561
"4f7aa159b250025c6921e76e9130222a",5.5,0.531617682097101
"4f7aa159b250025c6921e76e9130222a",6,0.499122839102332
"4f7aa159b250025c6921e76e9130222a",6.5,0.459115859391943
"4f7aa159b250025c6921e76e9130222a",7,0.412254101617685
"4f7aa159b250025c6921e76e9130222a",7.5,0.359856028600542
"4f7aa159b250025c6921e76e9130222a",8,0.304013452497943
"4f7aa159b250025c6921e76e9130222a",8.5,0.247510877345459
"4f7aa159b250025c6921e76e9130222a",9,0.193482542408139
"4f7aa159b250025c6921e76e9130222a",9.5,0.144850992577868
"4f7aa159b250025c6921e76e9130222a",10,0.103735990040797
"81c4c885be80ee63d7c8d0121915b815",0,0.0409721547203212
"81c4c885be80ee63d7c8d0121915b815",0.5,0.0548963674645014
"81c4c885be80ee63d7c8d0121915b815",1,0.0722838714917561
"81c4c885be80ee63d7c8d0121915b815",1.5,0.0934631261035459
"81c4c885be80ee63d7c8d0121915b815",2,0.118599766156101
"81c4c885be80ee63d7c8d0121915b815",2.5,0.147650761502065
"81c4c885be80ee63d7c8d0121915b815",3,0.180343960435016
"81c4c885be80ee63d7c8d0121915b815",3.5,0.216189093072113
"81c4c885be80ee63d7c8d0121915b815",4,0.254517904165728
"81c4c885be80ee63d7c8d0121915b815",4.5,0.294544114800657
"81c4c885be80ee63d7c8d0121915b815",5,0.335430942406999
"81c4c885be80ee63d7c8d0121915b815",5.5,0.376354956848593
"81c4c885be80ee63d7c8d0121915b815",6,0.416558425903064
"81c4c885be80ee63d7c8d0121915b815",6.5,0.455386194681764
"81c4c885be80ee63d7c8d0121915b815",7,0.492306459932327
"81c4c885be80ee63d7c8d0121915b815",7.5,0.526917129847259
"81c4c885be80ee63d7c8d0121915b815",8,0.558940769871778
"81c4c885be80ee63d7c8d0121915b815",8.5,0.58821158161849
"81c4c885be80ee63d7c8d0121915b815",9,0.614657693840272
"81c4c885be80ee63d7c8d0121915b815",9.5,0.638281520581062
"81c4c885be80ee63d7c8d0121915b815",10,0.659140271545135
"d1e69e3fef48f82473be61d0e6fd6920",0,0.265888362678015
"d1e69e3fef48f82473be61d0e6fd6920",0.5,0.204771666214647
"d1e69e3fef48f82473be61d0e6fd6920",1,0.159494392344728
"d1e69e3fef48f82473be61d0e6fd6920",1.5,0.1271442604885
"d1e69e3fef48f82473be61d0e6fd6920",2,0.104723842466397
"d1e69e3fef48f82473be61d0e6fd6920",2.5,0.0897446132177027
"d1e69e3fef48f82473be61d0e6fd6920",3,0.0803964221705423
"d1e69e3fef48f82473be61d0e6fd6920",3.5,0.0755105303488614
"d1e69e3fef48f82473be61d0e6fd6920",4,0.0744701196802923
"d1e69e3fef48f82473be61d0e6fd6920",4.5,0.0771436670251472
"d1e69e3fef48f82473be61d0e6fd6920",5,0.0838690815594061
"d1e69e3fef48f82473be61d0e6fd6920",5.5,0.0954932985526432
"d1e69e3fef48f82473be61d0e6fd6920",6,0.113454354265986
"d1e69e3fef48f82473be61d0e6fd6920",6.5,0.139861265015129
"d1e69e3fef48f82473be61d0e6fd6920",7,0.177465103165636
"d1e69e3fef48f82473be61d0e6fd6920",7.5,0.22933153394573
"d1e69e3fef48f82473be61d0e6fd6920",8,0.298006822297627
"d1e69e3fef48f82473be61d0e6fd6920",8.5,0.384188253018299
"d1e69e3fef48f82473be61d0e6fd6920",9,0.485388410060433
"d1e69e3fef48f82473be61d0e6fd6920",9.5,0.595344121716914
"d1e69e3fef48f82473be61d0e6fd6920",10,0.704547690219129
"f00d913ee9e8c83b0d84efac3ee32dcd",0,0.616609335484037
"f00d913ee9e8c83b0d84efac3ee32dcd",0.5,0.657274269283828
"f00d913ee9e8c83b0d84efac3ee32dcd",1,0.695032391219405
"f00d913ee9e8c83b0d84efac3ee32dcd",1.5,0.729705248772129
"f00d913ee9e8c83b0d84efac3ee32dcd",2,0.761203365315742
"f00d913ee9e8c83b0d84efac3ee32dcd",2.5,0.789526683334022
"f00d913ee9e8c83b0d84efac3ee32dcd",3,0.814757404651294
"f00d913ee9e8c83b0d84efac3ee32dcd",3.5,0.837046121129745
"f00d913ee9e8c83b0d84efac3ee32dcd",4,0.856594007171421
"f00d913ee9e8c83b0d84efac3ee32dcd",4.5,0.873634178443658
"f00d913ee9e8c83b0d84efac3ee32dcd",5,0.888414677131497
"f00d913ee9e8c83b0d84efac3ee32dcd",5.5,0.901184540968262
"f00d913ee9e8c83b0d84efac3ee32dcd",6,0.912183477369423
"f00d913ee9e8c83b0d84efac3ee32dcd",6.5,0.921634992354249
"f00d913ee9e8c83b0d84efac3ee32dcd",7,0.929742446531579
"f00d913ee9e8c83b0d84efac3ee32dcd",7.5,0.936687370246763
"f00d913ee9e8c83b0d84efac3ee32dcd",8,0.942629384351254
"f00d913ee9e8c83b0d84efac3ee32dcd",8.5,0.947707167833007
"f00d913ee9e8c83b0d84efac3ee32dcd",9,0.95204003597606
"f00d913ee9e8c83b0d84efac3ee32dcd",9.5,0.955729811629542
"f00d913ee9e8c83b0d84efac3ee32dcd",10,0.958862772845102
"e1ae010e46b575f4b788c89aae6caecb",0,0.184840565479638
"e1ae010e46b575f4b788c89aae6caecb",0.5,0.23507614303162
"e1ae010e46b575f4b788c89aae6caecb",1,0.281891664380735
"e1ae010e46b575f4b788c89aae6caecb",1.5,0.321809761076328
"e1ae010e46b575f4b788c89aae6caecb",2,0.352422435226694
"e1ae010e46b575f4b788c89aae6caecb",2.5,0.372259372660132
"e1ae010e46b575f4b788c89aae6caecb",3,0.380549856561193
"e1ae010e46b575f4b788c89aae6caecb",3.5,0.377015268870615
"e1ae010e46b575f4b788c89aae6caecb",4,0.361771229366427
"e1ae010e46b575f4b788c89aae6caecb",4.5,0.33537008457462
"e1ae010e46b575f4b788c89aae6caecb",5,0.298970834765725
"e1ae010e46b575f4b788c89aae6caecb",5.5,0.254577836653373
"e1ae010e46b575f4b788c89aae6caecb",6,0.205236136255248
"e1ae010e46b575f4b788c89aae6caecb",6.5,0.155005577311072
"e1ae010e46b575f4b788c89aae6caecb",7,0.108478517400094
"e1ae010e46b575f4b788c89aae6caecb",7.5,0.0697133781389926
"e1ae010e46b575f4b788c89aae6caecb",8,0.0409509989464982
"e1ae010e46b575f4b788c89aae6caecb",8.5,0.0220078670653873
"e1ae010e46b575f4b788c89aae6caecb",9,0.0108750885573713
"e1ae010e46b575f4b788c89aae6caecb",9.5,0.00497241924413245
"e1ae010e46b575f4b788c89aae6caecb",10,0.00211497136517229
"2a104a9587ad9ac5bd7ed4233490f238",0,0.148164816762674
"2a104a9587ad9ac5bd7ed4233490f238",0.5,0.238812884710451
"2a104a9587ad9ac5bd7ed4233490f238",1,0.339588899366635
"2a104a9587ad9ac5bd7ed4233490f238",1.5,0.438153840009703
"2a104a9587ad9ac5bd7ed4233490f238",2,0.524087361649726
"2a104a9587ad9ac5bd7ed4233490f238",2.5,0.591045746615253
"2a104a9587ad9ac5bd7ed4233490f238",3,0.636902252199546
"2a104a9587ad9ac5bd7ed4233490f238",3.5,0.662059804741895
"2a104a9587ad9ac5bd7ed4233490f238",4,0.667470973027803
"2a104a9587ad9ac5bd7ed4233490f238",4.5,0.653411856090708
"2a104a9587ad9ac5bd7ed4233490f238",5,0.619217890562125
"2a104a9587ad9ac5bd7ed4233490f238",5.5,0.56397226373615
"2a104a9587ad9ac5bd7ed4233490f238",6,0.4881284986302
"2a104a9587ad9ac5bd7ed4233490f238",6.5,0.395550080678642
"2a104a9587ad9ac5bd7ed4233490f238",7,0.294542159502457
"2a104a9587ad9ac5bd7ed4233490f238",7.5,0.196720578592012
"2a104a9587ad9ac5bd7ed4233490f238",8,0.114269523341437
"2a104a9587ad9ac5bd7ed4233490f238",8.5,0.055866852338762
"2a104a9587ad9ac5bd7ed4233490f238",9,0.0222996838759413
"2a104a9587ad9ac5bd7ed4233490f238",9.5,0.00716838396807657
"2a104a9587ad9ac5bd7ed4233490f238",10,0.00190942585260557
"cb94f09500131226930954d0d220d195",0,0.868471396992824
"cb94f09500131226930954d0d220d195",0.5,0.829897348852643
"cb94f09500131226930954d0d220d195",1,0.789155104788045
"cb94f09500131226930954d0d220d195",1.5,0.74854162656837
"cb94f09500131226930954d0d220d195",2,0.710264694862337
"cb94f09500131226930954d0d220d195",2.5,0.676191452025455
"cb94f09500131226930954d0d220d195",3,0.647738140335073
"cb94f09500131226930954d0d220d195",3.5,0.625878207249751
"cb94f09500131226930954d0d220d195",4,0.611218420963697
"cb94f09500131226930954d0d220d195",4.5,0.604093710907616
"cb94f09500131226930954d0d220d195",5,0.604645477142204
"cb94f09500131226930954d0d220d195",5.5,0.612863273544468
"cb94f09500131226930954d0d220d195",6,0.628581502566472
"cb94f09500131226930954d0d220d195",6.5,0.651431732595378
"cb94f09500131226930954d0d220d195",7,0.68076045956794
"cb94f09500131226930954d0d220d195",7.5,0.715534407251739
"cb94f09500131226930954d0d220d195",8,0.754270898745339
"cb94f09500131226930954d0d220d195",8.5,0.795043898162818
"cb94f09500131226930954d0d220d195",9,0.835614217478067
"cb94f09500131226930954d0d220d195",9.5,0.873699829508923
"cb94f09500131226930954d0d220d195",10,0.907337629473211
"066b89e7d3f855ff1818b33aa6aa1693",0,0.715060295894019
"066b89e7d3f855ff1818b33aa6aa1693",0.5,0.694116795492387
"066b89e7d3f855ff1818b33aa6aa1693",1,0.676165943728781
"066b89e7d3f855ff1818b33aa6aa1693",1.5,0.661581529758565
"066b89e7d3f855ff1818b33aa6aa1693",2,0.650633868048987
"066b89e7d3f855ff1818b33aa6aa1693",2.5,0.64350508245082
"066b89e7d3f855ff1818b33aa6aa1693",3,0.640303847012632
"066b89e7d3f855ff1818b33aa6aa1693",3.5,0.641076366651503
"066b89e7d3f855ff1818b33aa6aa1693",4,0.645811639724969
"066b89e7d3f855ff1818b33aa6aa1693",4.5,0.654440169871344
"066b89e7d3f855ff1818b33aa6aa1693",5,0.666826325121939
"066b89e7d3f855ff1818b33aa6aa1693",5.5,0.682755597721836
"066b89e7d3f855ff1818b33aa6aa1693",6,0.701919198374049
"066b89e7d3f855ff1818b33aa6aa1693",6.5,0.723899704883995
"066b89e7d3f855ff1818b33aa6aa1693",7,0.748162650854539
"066b89e7d3f855ff1818b33aa6aa1693",7.5,0.774059511283166
"066b89e7d3f855ff1818b33aa6aa1693",8,0.800846878212029
"066b89e7d3f855ff1818b33aa6aa1693",8.5,0.827724181712529
"066b89e7d3f855ff1818b33aa6aa1693",9,0.853888090249916
"066b89e7d3f855ff1818b33aa6aa1693",9.5,0.878596622484072
"066b89e7d3f855ff1818b33aa6aa1693",10,0.901231809630673
"8efb64ad363d41fa9968fb1f2322bf3f",0,0.0583177722295449
"8efb64ad363d41fa9968fb1f2322bf3f",0.5,0.0675085190763329
"8efb64ad363d41fa9968fb1f2322bf3f",1,0.0772744199872389
"8efb64ad363d41fa9968fb1f2322bf3f",1.5,0.0874782602142821
"8efb64ad363d41fa9968fb1f2322bf3f",2,0.0979571580501343
"8efb64ad363d41fa9968fb1f2322bf3f",2.5,0.108528278818182
"8efb64ad363d41fa9968fb1f2322bf3f",3,0.118995625231733
"8efb64ad363d41fa9968fb1f2322bf3f",3.5,0.129157318986692
"8efb64ad363d41fa9968fb1f2322bf3f",4,0.13881280164537
"8efb64ad363d41fa9968fb1f2322bf3f",4.5,0.147769473622711
"8efb64ad363d41fa9968fb1f2322bf3f",5,0.155848431721476
"8efb64ad363d41fa9968fb1f2322bf3f",5.5,0.162889126286246
"8efb64ad363d41fa9968fb1f2322bf3f",6,0.168752909507797
"8efb64ad363d41fa9968fb1f2322bf3f",6.5,0.173325565578061
"8efb64ad363d41fa9968fb1f2322bf3f",7,0.176518990062835
"8efb64ad363d41fa9968fb1f2322bf3f",7.5,0.178272217859104
"8efb64ad363d41fa9968fb1f2322bf3f",8,0.178551990873333
"8efb64ad363d41fa9968fb1f2322bf3f",8.5,0.177353016369856
"8efb64ad363d41fa9968fb1f2322bf3f",9,0.174698004675946
"8efb64ad363d41fa9968fb1f2322bf3f",9.5,0.170637500765847
"8efb64ad363d41fa9968fb1f2322bf3f",10,0.165249448201598
"f60b46d1e976e0fb1b76d6d7e0aa1e10",0,0.686352855117229
"f60b46d1e976e0fb1b76d6d7e0aa1e10",0.5,0.598094363872684
"f60b46d1e976e0fb1b76d6d7e0aa1e10",1,0.51562136788838
"f60b46d1e976e0fb1b76d6d7e0aa1e10",1.5,0.443977113416657
"f60b46d1e976e0fb1b76d6d7e0aa1e10",2,0.385364963584018
"f60b46d1e976e0fb1b76d6d7e0aa1e10",2.5,0.339928345548584
"f60b46d1e976e0fb1b76d6d7e0aa1e10",3,0.306733231511465
"f60b46d1e976e0fb1b76d6d7e0aa1e10",3.5,0.284537205666356
"f60b46d1e976e0fb1b76d6d7e0aa1e10",4,0.272259802306703
"f60b46d1e976e0fb1b76d6d7e0aa1e10",4.5,0.269222321456675
"f60b46d1e976e0fb1b76d6d7e0aa1e10",5,0.275248315241633
"f60b46d1e976e0fb1b76d6d7e0aa1e10",5.5,0.290684570271636
"f60b46d1e976e0fb1b76d6d7e0aa1e10",6,0.316357949422229
"f60b46d1e976e0fb1b76d6d7e0aa1e10",6.5,0.353437783776874
"f60b46d1e976e0fb1b76d6d7e0aa1e10",7,0.403131025936304
"f60b46d1e976e0fb1b76d6d7e0aa1e10",7.5,0.466117346403435
"f60b46d1e976e0fb1b76d6d7e0aa1e10",8,0.541687890090663
"f60b46d1e976e0fb1b76d6d7e0aa1e10",8.5,0.626763399348412
"f60b46d1e976e0fb1b76d6d7e0aa1e10",9,0.715338588464793
"f60b46d1e976e0fb1b76d6d7e0aa1e10",9.5,0.799172896382615
"f60b46d1e976e0fb1b76d6d7e0aa1e10",10,0.870147448188496
"5a356f1aad8d8f9e040920f50613d5aa",0,0.097390054406356
"5a356f1aad8d8f9e040920f50613d5aa",0.5,0.0811091459632815
"5a356f1aad8d8f9e040920f50613d5aa",1,0.0688494138967406
"5a356f1aad8d8f9e040920f50613d5aa",1.5,0.0596575200457667
"5a356f1aad8d8f9e040920f50613d5aa",2,0.052824780708994
"5a356f1aad8d8f9e040920f50613d5aa",2.5,0.0478358295142199
"5a356f1aad8d8f9e040920f50613d5aa",3,0.0443247322911861
"5a356f1aad8d8f9e040920f50613d5aa",3.5,0.0420411278624055
"5a356f1aad8d8f9e040920f50613d5aa",4,0.0408260767357653
"5a356f1aad8d8f9e040920f50613d5aa",4.5,0.0405964308305482
"5a356f1aad8d8f9e040920f50613d5aa",5,0.0413365934581015
"5a356f1aad8d8f9e040920f50613d5aa",5.5,0.0430969702062232
"5a356f1aad8d8f9e040920f50613d5aa",6,0.0459989717422935
"5a356f1aad8d8f9e040920f50613d5aa",6.5,0.0502470089231418
"5a356f1aad8d8f9e040920f50613d5aa",7,0.0561484326465681
"5a356f1aad8d8f9e040920f50613d5aa",7.5,0.0641426506609656
"5a356f1aad8d8f9e040920f50613d5aa",8,0.0748403213950417
"5a356f1aad8d8f9e040920f50613d5aa",8.5,0.0890717785404995
"5a356f1aad8d8f9e040920f50613d5aa",9,0.107939183206476
"5a356f1aad8d8f9e040920f50613d5aa",9.5,0.132856992479084
"5a356f1aad8d8f9e040920f50613d5aa",10,0.165547628752279
"c1cfc00fd93e08d820785c69d28773f4",0,0.885047375020759
"c1cfc00fd93e08d820785c69d28773f4",0.5,0.876231390093355
"c1cfc00fd93e08d820785c69d28773f4",1,0.868495955608959
"c1cfc00fd93e08d820785c69d28773f4",1.5,0.862074853576512
"c1cfc00fd93e08d820785c69d28773f4",2,0.85716242386611
"c1cfc00fd93e08d820785c69d28773f4",2.5,0.853907049949751
"c1cfc00fd93e08d820785c69d28773f4",3,0.852406764123356
"c1cfc00fd93e08d820785c69d28773f4",3.5,0.852706639327558
"c1cfc00fd93e08d820785c69d28773f4",4,0.854797672419117
"c1cfc00fd93e08d820785c69d28773f4",4.5,0.858617002998049
"c1cfc00fd93e08d820785c69d28773f4",5,0.864049499947944
"c1cfc00fd93e08d820785c69d28773f4",5.5,0.870930926055664
"c1cfc00fd93e08d820785c69d28773f4",6,0.879053001925511
"c1cfc00fd93e08d820785c69d28773f4",6.5,0.88817068500605
"c1cfc00fd93e08d820785c69d28773f4",7,0.898011827697554
"c1cfc00fd93e08d820785c69d28773f4",7.5,0.908289080847919
"c1cfc00fd93e08d820785c69d28773f4",8,0.918713507149657
"c1cfc00fd93e08d820785c69d28773f4",8.5,0.92900894693353
"c1cfc00fd93e08d820785c69d28773f4",9,0.938925848526637
"c1cfc00fd93e08d820785c69d28773f4",9.5,0.948253145975623
"c1cfc00fd93e08d820785c69d28773f4",10,0.956826906385207
"31500e9defef5397bf96bb3f6c46fd98",0,0.477573203050899
"31500e9defef5397bf96bb3f6c46fd98",0.5,0.395318795375839
"31500e9defef5397bf96bb3f6c46fd98",1,0.329648021186829
"31500e9defef5397bf96bb3f6c46fd98",1.5,0.28110289375909
"31500e9defef5397bf96bb3f6c46fd98",2,0.248615052318714
"31500e9defef5397bf96bb3f6c46fd98",2.5,0.230628494277471
"31500e9defef5397bf96bb3f6c46fd98",3,0.225955337620313
"31500e9defef5397bf96bb3f6c46fd98",3.5,0.234246582169929
"31500e9defef5397bf96bb3f6c46fd98",4,0.256109835611652
"31500e9defef5397bf96bb3f6c46fd98",4.5,0.29289875702982
"31500e9defef5397bf96bb3f6c46fd98",5,0.346135362027057
"31500e9defef5397bf96bb3f6c46fd98",5.5,0.416558381136696
"31500e9defef5397bf96bb3f6c46fd98",6,0.502980529039989
"31500e9defef5397bf96bb3f6c46fd98",6.5,0.601402681235836
"31500e9defef5397bf96bb3f6c46fd98",7,0.70506522519867
"31500e9defef5397bf96bb3f6c46fd98",7.5,0.805122856223532
"31500e9defef5397bf96bb3f6c46fd98",8,0.890266186531249
"31500e9defef5397bf96bb3f6c46fd98",8.5,0.949852278513125
"31500e9defef5397bf96bb3f6c46fd98",9,0.98202932372412
"31500e9defef5397bf96bb3f6c46fd98",9.5,0.994898371818005
"31500e9defef5397bf96bb3f6c46fd98",10,0.998786380971138
"cebc20bf1e507c64e529ecb7278ffde6",0,0.327203203789062
"cebc20bf1e507c64e529ecb7278ffde6",0.5,0.325192447372079
"cebc20bf1e507c64e529ecb7278ffde6",1,0.323920777220626
"cebc20bf1e507c64e529ecb7278ffde6",1.5,0.323383753326816
"cebc20bf1e507c64e529ecb7278ffde6",2,0.323579486198164
"cebc20bf1e507c64e529ecb7278ffde6",2.5,0.324508665505538
"cebc20bf1e507c64e529ecb7278ffde6",3,0.326174549672632
"cebc20bf1e507c64e529ecb7278ffde6",3.5,0.328582915971013
"cebc20bf1e507c64e529ecb7278ffde6",4,0.331741969058828
"cebc20bf1e507c64e529ecb7278ffde6",4.5,0.335662204301209
"cebc20bf1e507c64e529ecb7278ffde6",5,0.340356220663885
"cebc20bf1e507c64e529ecb7278ffde6",5.5,0.345838476519882
"cebc20bf1e507c64e529ecb7278ffde6",6,0.352124980412469
"cebc20bf1e507c64e529ecb7278ffde6",6.5,0.359232907761112
"cebc20bf1e507c64e529ecb7278ffde6",7,0.367180133796644
"cebc20bf1e507c64e529ecb7278ffde6",7.5,0.375984672817792
"cebc20bf1e507c64e529ecb7278ffde6",8,0.385664014360891
"cebc20bf1e507c64e529ecb7278ffde6",8.5,0.396234348290492
"cebc20bf1e507c64e529ecb7278ffde6",9,0.407709673400336
"cebc20bf1e507c64e529ecb7278ffde6",9.5,0.420100788122605
"cebc20bf1e507c64e529ecb7278ffde6",10,0.433414167623126
"e46ed935762c7d6b3a7d27f28f6fb4f2",0,0.347663475953694
"e46ed935762c7d6b3a7d27f28f6fb4f2",0.5,0.32594474534695
"e46ed935762c7d6b3a7d27f28f6fb4f2",1,0.30848841960031
"e46ed935762c7d6b3a7d27f28f6fb4f2",1.5,0.295022024134692
"e46ed935762c7d6b3a7d27f28f6fb4f2",2,0.285302250349535
"e46ed935762c7d6b3a7d27f28f6fb4f2",2.5,0.27913633037475
"e46ed935762c7d6b3a7d27f28f6fb4f2",3,0.276394805594338
"e46ed935762c7d6b3a7d27f28f6fb4f2",3.5,0.277018376658998
"e46ed935762c7d6b3a7d27f28f6fb4f2",4,0.281020624227386
"e46ed935762c7d6b3a7d27f28f6fb4f2",4.5,0.288487407993653
"e46ed935762c7d6b3a7d27f28f6fb4f2",5,0.299572759891038
"e46ed935762c7d6b3a7d27f28f6fb4f2",5.5,0.314490096512661
"e46ed935762c7d6b3a7d27f28f6fb4f2",6,0.333496610591964
"e46ed935762c7d6b3a7d27f28f6fb4f2",6.5,0.356867878877418
"e46ed935762c7d6b3a7d27f28f6fb4f2",7,0.384859337154813
"e46ed935762c7d6b3a7d27f28f6fb4f2",7.5,0.41765186070234
"e46ed935762c7d6b3a7d27f28f6fb4f2",8,0.455281016154367
"e46ed935762c7d6b3a7d27f28f6fb4f2",8.5,0.497554378009723
"e46ed935762c7d6b3a7d27f28f6fb4f2",9,0.543968788877799
"e46ed935762c7d6b3a7d27f28f6fb4f2",9.5,0.593648217995289
"e46ed935762c7d6b3a7d27f28f6fb4f2",10,0.645329256755273
"5e1e91ecc3954cf4532ec385d63e41ae",0,0.509719077701732
"5e1e91ecc3954cf4532ec385d63e41ae",0.5,0.489091709832369
"5e1e91ecc3954cf4532ec385d63e41ae",1,0.47202857409313
"5e1e91ecc3954cf4532ec385d63e41ae",1.5,0.458542711190722
"5e1e91ecc3954cf4532ec385d63e41ae",2,0.448615797694466
"5e1e91ecc3954cf4532ec385d63e41ae",2.5,0.442218226688225
"5e1e91ecc3954cf4532ec385d63e41ae",3,0.439323704882159
"5e1e91ecc3954cf4532ec385d63e41ae",3.5,0.439918486024343
"5e1e91ecc3954cf4532ec385d63e41ae",4,0.444005488653062
"5e1e91ecc3954cf4532ec385d63e41ae",4.5,0.451603453345635
"5e1e91ecc3954cf4532ec385d63e41ae",5,0.462741105429289
"5e1e91ecc3954cf4532ec385d63e41ae",5.5,0.477446119489991
"5e1e91ecc3954cf4532ec385d63e41ae",6,0.495728649881557
"5e1e91ecc3954cf4532ec385d63e41ae",6.5,0.517559425611632
"5e1e91ecc3954cf4532ec385d63e41ae",7,0.542843041474867
"5e1e91ecc3954cf4532ec385d63e41ae",7.5,0.571388210701266
"5e1e91ecc3954cf4532ec385d63e41ae",8,0.602878367985206
"5e1e91ecc3954cf4532ec385d63e41ae",8.5,0.636847891794839
"5e1e91ecc3954cf4532ec385d63e41ae",9,0.672670787578491
"5e1e91ecc3954cf4532ec385d63e41ae",9.5,0.709569045251967
"5e1e91ecc3954cf4532ec385d63e41ae",10,0.746646067278143
"4a2e6649fa55b59c2702fd8d47fab891",0,0.210351018284612
"4a2e6649fa55b59c2702fd8d47fab891",0.5,0.233783554768818
"4a2e6649fa55b59c2702fd8d47fab891",1,0.256514774146976
"4a2e6649fa55b59c2702fd8d47fab891",1.5,0.278069410859577
"4a2e6649fa55b59c2702fd8d47fab891",2,0.298023697151902
"4a2e6649fa55b59c2702fd8d47fab891",2.5,0.316015582058984
"4a2e6649fa55b59c2702fd8d47fab891",3,0.33174797644608
"4a2e6649fa55b59c2702fd8d47fab891",3.5,0.344986532880543
"4a2e6649fa55b59c2702fd8d47fab891",4,0.355553851247672
"4a2e6649fa55b59c2702fd8d47fab891",4.5,0.363321990026716
"4a2e6649fa55b59c2702fd8d47fab891",5,0.368204903563154
"4a2e6649fa55b59c2702fd8d47fab891",5.5,0.37015205447511
"4a2e6649fa55b59c2702fd8d47fab891",6,0.369144063897161
"4a2e6649fa55b59c2702fd8d47fab891",6.5,0.36519090842847
"4a2e6649fa55b59c2702fd8d47fab891",7,0.35833285830007
"4a2e6649fa55b59c2702fd8d47fab891",7.5,0.348644056697665
"4a2e6649fa55b59c2702fd8d47fab891",8,0.336238335077671
"4a2e6649fa55b59c2702fd8d47fab891",8.5,0.321276518871673
"4a2e6649fa55b59c2702fd8d47fab891",9,0.303974098916331
"4a2e6649fa55b59c2702fd8d47fab891",9.5,0.284607759790389
"4a2e6649fa55b59c2702fd8d47fab891",10,0.263518947846452
"1136a87304495f26cf134bbd699eee2d",0,0.23868184593889
"1136a87304495f26cf134bbd699eee2d",0.5,0.254252025205371
"1136a87304495f26cf134bbd699eee2d",1,0.269309240016946
"1136a87304495f26cf134bbd699eee2d",1.5,0.283713643583278
"1136a87304495f26cf134bbd699eee2d",2,0.297338034866377
"1136a87304495f26cf134bbd699eee2d",2.5,0.310068936257649
"1136a87304495f26cf134bbd699eee2d",3,0.321806988041724
"1136a87304495f26cf134bbd699eee2d",3.5,0.332466770246518
"1136a87304495f26cf134bbd699eee2d",4,0.3419761815816
"1136a87304495f26cf134bbd699eee2d",4.5,0.350275510367598
"1136a87304495f26cf134bbd699eee2d",5,0.357316326849113
"1136a87304495f26cf134bbd699eee2d",5.5,0.363060313513841
"1136a87304495f26cf134bbd699eee2d",6,0.367478133168237
"1136a87304495f26cf134bbd699eee2d",6.5,0.370548416074096
"1136a87304495f26cf134bbd699eee2d",7,0.37225692919693
"1136a87304495f26cf134bbd699eee2d",7.5,0.372595973566122
"1136a87304495f26cf134bbd699eee2d",8,0.371564040253221
"1136a87304495f26cf134bbd699eee2d",8.5,0.369165741380312
"1136a87304495f26cf134bbd699eee2d",9,0.365412019365413
"1136a87304495f26cf134bbd699eee2d",9.5,0.360320624592317
"1136a87304495f26cf134bbd699eee2d",10,0.353916838117231
"7ff94a4ff621cb44d7ff02f0550a7bad",0,0.562437136144824
"7ff94a4ff621cb44d7ff02f0550a7bad",0.5,0.525911731404282
"7ff94a4ff621cb44d7ff02f0550a7bad",1,0.494438883107757
"7ff94a4ff621cb44d7ff02f0550a7bad",1.5,0.468316119804986
"7ff94a4ff621cb44d7ff02f0550a7bad",2,0.447635522857991
"7ff94a4ff621cb44d7ff02f0550a7bad",2.5,0.432368606280232
"7ff94a4ff621cb44d7ff02f0550a7bad",3,0.422436691216813
"7ff94a4ff621cb44d7ff02f0550a7bad",3.5,0.417762415985694
"7ff94a4ff621cb44d7ff02f0550a7bad",4,0.41830227275052
"7ff94a4ff621cb44d7ff02f0550a7bad",4.5,0.424061517691821
"7ff94a4ff621cb44d7ff02f0550a7bad",5,0.435092464214738
"7ff94a4ff621cb44d7ff02f0550a7bad",5.5,0.451476030587457
"7ff94a4ff621cb44d7ff02f0550a7bad",6,0.473285365785027
"7ff94a4ff621cb44d7ff02f0550a7bad",6.5,0.500530326329604
"7ff94a4ff621cb44d7ff02f0550a7bad",7,0.533083535571881
"7ff94a4ff621cb44d7ff02f0550a7bad",7.5,0.570593679834842
"7ff94a4ff621cb44d7ff02f0550a7bad",8,0.612399836719119
"7ff94a4ff621cb44d7ff02f0550a7bad",8.5,0.657470403242723
"7ff94a4ff621cb44d7ff02f0550a7bad",9,0.704397109071068
"7ff94a4ff621cb44d7ff02f0550a7bad",9.5,0.751471715238861
"7ff94a4ff621cb44d7ff02f0550a7bad",10,0.796854408908148
"3d6522155416aeb020d4efcac39d6e06",0,0.409081388952497
"3d6522155416aeb020d4efcac39d6e06",0.5,0.402902734514689
"3d6522155416aeb020d4efcac39d6e06",1,0.396825059562157
"3d6522155416aeb020d4efcac39d6e06",1.5,0.390848999997122
"3d6522155416aeb020d4efcac39d6e06",2,0.384975052934491
"3d6522155416aeb020d4efcac39d6e06",2.5,0.379203582659454
"3d6522155416aeb020d4efcac39d6e06",3,0.373534826664007
"3d6522155416aeb020d4efcac39d6e06",3.5,0.367968901730728
"3d6522155416aeb020d4efcac39d6e06",4,0.362505810034356
"3d6522155416aeb020d4efcac39d6e06",4.5,0.357145445233924
"3d6522155416aeb020d4efcac39d6e06",5,0.351887598530481
"3d6522155416aeb020d4efcac39d6e06",5.5,0.34673196466755
"3d6522155416aeb020d4efcac39d6e06",6,0.34167814785382
"3d6522155416aeb020d4efcac39d6e06",6.5,0.336725667589444
"3d6522155416aeb020d4efcac39d6e06",7,0.331873964379659
"3d6522155416aeb020d4efcac39d6e06",7.5,0.327122405321145
"3d6522155416aeb020d4efcac39d6e06",8,0.322470289548656
"3d6522155416aeb020d4efcac39d6e06",8.5,0.317916853531136
"3d6522155416aeb020d4efcac39d6e06",9,0.313461276208253
"3d6522155416aeb020d4efcac39d6e06",9.5,0.309102683959948
"3d6522155416aeb020d4efcac39d6e06",10,0.304840155403001
"43cb0929c64206945852047bf76f7632",0,0.450027495841257
"43cb0929c64206945852047bf76f7632",0.5,0.448553846045069
"43cb0929c64206945852047bf76f7632",1,0.447369295689396
"43cb0929c64206945852047bf76f7632",1.5,0.446473431016319
"43cb0929c64206945852047bf76f7632",2,0.445865928409792
"43cb0929c64206945852047bf76f7632",2.5,0.445546563182818
"43cb0929c64206945852047bf76f7632",3,0.445515215520562
"43cb0929c64206945852047bf76f7632",3.5,0.44577187359947
"43cb0929c64206945852047bf76f7632",4,0.446316633893233
"43cb0929c64206945852047bf76f7632",4.5,0.447149698666676
"43cb0929c64206945852047bf76f7632",5,0.448271370648823
"43cb0929c64206945852047bf76f7632",5.5,0.449682044867016
"43cb0929c64206945852047bf76f7632",6,0.451382197615391
"43cb0929c64206945852047bf76f7632",6.5,0.453372372523787
"43cb0929c64206945852047bf76f7632",7,0.455653163687742
"43cb0929c64206945852047bf76f7632",7.5,0.458225195817026
"43cb0929c64206945852047bf76f7632",8,0.461089101359867
"43cb0929c64206945852047bf76f7632",8.5,0.464245494562958
"43cb0929c64206945852047bf76f7632",9,0.467694942434223
"43cb0929c64206945852047bf76f7632",9.5,0.471437932586589
"43cb0929c64206945852047bf76f7632",10,0.475474837957344
"679787619038813ca6346d70150b9e7d",0,0.316821804307503
"679787619038813ca6346d70150b9e7d",0.5,0.332520393308879
"679787619038813ca6346d70150b9e7d",1,0.347799300626335
"679787619038813ca6346d70150b9e7d",1.5,0.36258348795985
"679787619038813ca6346d70150b9e7d",2,0.376805734824845
"679787619038813ca6346d70150b9e7d",2.5,0.390406783364171
"679787619038813ca6346d70150b9e7d",3,0.40333524021747
"679787619038813ca6346d70150b9e7d",3.5,0.415547275584019
"679787619038813ca6346d70150b9e7d",4,0.427006162015833
"679787619038813ca6346d70150b9e7d",4.5,0.437681695015317
"679787619038813ca6346d70150b9e7d",5,0.447549534881253
"679787619038813ca6346d70150b9e7d",5.5,0.456590505150944
"679787619038813ca6346d70150b9e7d",6,0.464789878063586
"679787619038813ca6346d70150b9e7d",6.5,0.472136672255977
"679787619038813ca6346d70150b9e7d",7,0.478622982809841
"679787619038813ca6346d70150b9e7d",7.5,0.484243359092252
"679787619038813ca6346d70150b9e7d",8,0.488994241748433
"679787619038813ca6346d70150b9e7d",8.5,0.492873466808683
"679787619038813ca6346d70150b9e7d",9,0.495879842176323
"679787619038813ca6346d70150b9e7d",9.5,0.498012799735581
"679787619038813ca6346d70150b9e7d",10,0.499272124886713
"bf281eddc6db1f0ab5fcec2ae2a03adc",0,0.40537275885264
"bf281eddc6db1f0ab5fcec2ae2a03adc",0.5,0.397116527943872
"bf281eddc6db1f0ab5fcec2ae2a03adc",1,0.390198413452167
"bf281eddc6db1f0ab5fcec2ae2a03adc",1.5,0.384597373439238
"bf281eddc6db1f0ab5fcec2ae2a03adc",2,0.380294528409557
"bf281eddc6db1f0ab5fcec2ae2a03adc",2.5,0.377274265396069
"bf281eddc6db1f0ab5fcec2ae2a03adc",3,0.375525054355984
"bf281eddc6db1f0ab5fcec2ae2a03adc",3.5,0.375040003548681
"bf281eddc6db1f0ab5fcec2ae2a03adc",4,0.375817174219862
"bf281eddc6db1f0ab5fcec2ae2a03adc",4.5,0.377859666934936
"bf281eddc6db1f0ab5fcec2ae2a03adc",5,0.381175483056104
"bf281eddc6db1f0ab5fcec2ae2a03adc",5.5,0.385777155779032
"bf281eddc6db1f0ab5fcec2ae2a03adc",6,0.391681136437262
"bf281eddc6db1f0ab5fcec2ae2a03adc",6.5,0.398906914104631
"bf281eddc6db1f0ab5fcec2ae2a03adc",7,0.407475840685932
"bf281eddc6db1f0ab5fcec2ae2a03adc",7.5,0.417409630718542
"bf281eddc6db1f0ab5fcec2ae2a03adc",8,0.428728506324592
"bf281eddc6db1f0ab5fcec2ae2a03adc",8.5,0.441448964746868
"bf281eddc6db1f0ab5fcec2ae2a03adc",9,0.455581160467126
"bf281eddc6db1f0ab5fcec2ae2a03adc",9.5,0.471125917846958
"bf281eddc6db1f0ab5fcec2ae2a03adc",10,0.488071425008475
"021d794240d541d49cd1e2f48ae1abcd",0,0.481566419449231
"021d794240d541d49cd1e2f48ae1abcd",0.5,0.463819503388538
"021d794240d541d49cd1e2f48ae1abcd",1,0.448523905277317
"021d794240d541d49cd1e2f48ae1abcd",1.5,0.435670547527112
"021d794240d541d49cd1e2f48ae1abcd",2,0.42523442154376
"021d794240d541d49cd1e2f48ae1abcd",2.5,0.417183619140365
"021d794240d541d49cd1e2f48ae1abcd",3,0.411486478991468
"021d794240d541d49cd1e2f48ae1abcd",3.5,0.408116919267841
"021d794240d541d49cd1e2f48ae1abcd",4,0.407058090000194
"021d794240d541d49cd1e2f48ae1abcd",4.5,0.40830447883607
"021d794240d541d49cd1e2f48ae1abcd",5,0.411862563750243
"021d794240d541d49cd1e2f48ae1abcd",5.5,0.41775004425603
"021d794240d541d49cd1e2f48ae1abcd",6,0.425993614087612
"021d794240d541d49cd1e2f48ae1abcd",6.5,0.436625177489821
"021d794240d541d49cd1e2f48ae1abcd",7,0.449676373684911
"021d794240d541d49cd1e2f48ae1abcd",7.5,0.465171278395076
"021d794240d541d49cd1e2f48ae1abcd",8,0.48311721983938
"021d794240d541d49cd1e2f48ae1abcd",8.5,0.503493803803315
"021d794240d541d49cd1e2f48ae1abcd",9,0.526240509203548
"021d794240d541d49cd1e2f48ae1abcd",9.5,0.551243599167504
"021d794240d541d49cd1e2f48ae1abcd",10,0.578323570785367
"3280978ebc26b1ccaa2f9e0fa93a2ce9",0,0.566841897293913
"3280978ebc26b1ccaa2f9e0fa93a2ce9",0.5,0.545486265844706
"3280978ebc26b1ccaa2f9e0fa93a2ce9",1,0.527005251727472
"3280978ebc26b1ccaa2f9e0fa93a2ce9",1.5,0.511498556681715
"3280978ebc26b1ccaa2f9e0fa93a2ce9",2,0.499018709535717
"3280978ebc26b1ccaa2f9e0fa93a2ce9",2.5,0.489587104022672
"3280978ebc26b1ccaa2f9e0fa93a2ce9",3,0.48320748422476
"3280978ebc26b1ccaa2f9e0fa93a2ce9",3.5,0.479876308331834
"3280978ebc26b1ccaa2f9e0fa93a2ce9",4,0.479589779113865
"3280978ebc26b1ccaa2f9e0fa93a2ce9",4.5,0.482347507564506
"3280978ebc26b1ccaa2f9e0fa93a2ce9",5,0.488152827557848
"3280978ebc26b1ccaa2f9e0fa93a2ce9",5.5,0.497009764185401
"3280978ebc26b1ccaa2f9e0fa93a2ce9",6,0.50891663754756
"3280978ebc26b1ccaa2f9e0fa93a2ce9",6.5,0.523856317971938
"3280978ebc26b1ccaa2f9e0fa93a2ce9",7,0.541783298419431
"3280978ebc26b1ccaa2f9e0fa93a2ce9",7.5,0.562608070451216
"3280978ebc26b1ccaa2f9e0fa93a2ce9",8,0.586179817119723
"3280978ebc26b1ccaa2f9e0fa93a2ce9",8.5,0.612269158778727
"3280978ebc26b1ccaa2f9e0fa93a2ce9",9,0.640553513024869
"3280978ebc26b1ccaa2f9e0fa93a2ce9",9.5,0.67060835035317
"3280978ebc26b1ccaa2f9e0fa93a2ce9",10,0.701907919756862
"521567dde6d784c05c162157d34786e2",0,0.221821883849763
"521567dde6d784c05c162157d34786e2",0.5,0.240014128816164
"521567dde6d784c05c162157d34786e2",1,0.256614407855817
"521567dde6d784c05c162157d34786e2",1.5,0.271283456713152
"521567dde6d784c05c162157d34786e2",2,0.283740444546995
"521567dde6d784c05c162157d34786e2",2.5,0.293762480085843
"521567dde6d784c05c162157d34786e2",3,0.301181429475651
"521567dde6d784c05c162157d34786e2",3.5,0.305879581024838
"521567dde6d784c05c162157d34786e2",4,0.307785458830805
"521567dde6d784c05c162157d34786e2",4.5,0.306870758181388
"521567dde6d784c05c162157d34786e2",5,0.30314901344727
"521567dde6d784c05c162157d34786e2",5.5,0.29667624373625
"521567dde6d784c05c162157d34786e2",6,0.287553458810231
"521567dde6d784c05c162157d34786e2",6.5,0.275930543421814
"521567dde6d784c05c162157d34786e2",7,0.262010672983793
"521567dde6d784c05c162157d34786e2",7.5,0.246054067399617
"521567dde6d784c05c162157d34786e2",8,0.2283796135901
"521567dde6d784c05c162157d34786e2",8.5,0.209362765361651
"521567dde6d784c05c162157d34786e2",9,0.189428269377786
"521567dde6d784c05c162157d34786e2",9.5,0.16903676701281
"521567dde6d784c05c162157d34786e2",10,0.148665221315476
"8a1efcfc0a9e1d7dfb3ac35aeb2aa229",0,0.330891965290404
"8a1efcfc0a9e1d7dfb3ac35aeb2aa229",0.5,0.332730152924966
"8a1efcfc0a9e1d7dfb3ac35aeb2aa229",1,0.331453939522134
"8a1efcfc0a9e1d7dfb3ac35aeb2aa229",1.5,0.327078150435632
"8a1efcfc0a9e1d7dfb3ac35aeb2aa229",2,0.319654883849081
"8a1efcfc0a9e1d7dfb3ac35aeb2aa229",2.5,0.309277033142204
"8a1efcfc0a9e1d7dfb3ac35aeb2aa229",3,0.2960840775511
"8a1efcfc0a9e1d7dfb3ac35aeb2aa229",3.5,0.280269714270753
"8a1efcfc0a9e1d7dfb3ac35aeb2aa229",4,0.262090573910155
"8a1efcfc0a9e1d7dfb3ac35aeb2aa229",4.5,0.241874746495545
"8a1efcfc0a9e1d7dfb3ac35aeb2aa229",5,0.22002811819003
"8a1efcfc0a9e1d7dfb3ac35aeb2aa229",5.5,0.197035673827803
"8a1efcfc0a9e1d7dfb3ac35aeb2aa229",6,0.173454274653174
"8a1efcfc0a9e1d7dfb3ac35aeb2aa229",6.5,0.149893543511529
"8a1efcfc0a9e1d7dfb3ac35aeb2aa229",7,0.126983032802741
"8a1efcfc0a9e1d7dfb3ac35aeb2aa229",7.5,0.105327114627663
"8a1efcfc0a9e1d7dfb3ac35aeb2aa229",8,0.0854534315215748
"8a1efcfc0a9e1d7dfb3ac35aeb2aa229",8.5,0.0677646177207856
"8a1efcfc0a9e1d7dfb3ac35aeb2aa229",9,0.0525042237428071
"8a1efcfc0a9e1d7dfb3ac35aeb2aa229",9.5,0.0397450817126532
"8a1efcfc0a9e1d7dfb3ac35aeb2aa229",10,0.0294023993507735
"cb9920cbbcbc19d02460d4fcc02a251a",0,0.84429987314349
"cb9920cbbcbc19d02460d4fcc02a251a",0.5,0.808503379399235
"cb9920cbbcbc19d02460d4fcc02a251a",1,0.77062606317739
"cb9920cbbcbc19d02460d4fcc02a251a",1.5,0.731733722542228
"cb9920cbbcbc19d02460d4fcc02a251a",2,0.692869235714224
"cb9920cbbcbc19d02460d4fcc02a251a",2.5,0.654981239121373
"cb9920cbbcbc19d02460d4fcc02a251a",3,0.618879199840536
"cb9920cbbcbc19d02460d4fcc02a251a",3.5,0.585212351211123
"cb9920cbbcbc19d02460d4fcc02a251a",4,0.554468022773582
"cb9920cbbcbc19d02460d4fcc02a251a",4.5,0.526984445926599
"cb9920cbbcbc19d02460d4fcc02a251a",5,0.502973078544751
"cb9920cbbcbc19d02460d4fcc02a251a",5.5,0.482545774762025
"cb9920cbbcbc19d02460d4fcc02a251a",6,0.465742843846939
"cb9920cbbcbc19d02460d4fcc02a251a",6.5,0.45255908760635
"cb9920cbbcbc19d02460d4fcc02a251a",7,0.442966016187252
"cb9920cbbcbc19d02460d4fcc02a251a",7.5,0.436929379212945
"cb9920cbbcbc19d02460d4fcc02a251a",8,0.4344217893954
"cb9920cbbcbc19d02460d4fcc02a251a",8.5,0.435430547070746
"cb9920cbbcbc19d02460d4fcc02a251a",9,0.439960854378051
"cb9920cbbcbc19d02460d4fcc02a251a",9.5,0.448034525068754
"cb9920cbbcbc19d02460d4fcc02a251a",10,0.459684145361509
"59512dff68b01c30ea701a2eb2898cae",0,0.125076885206591
"59512dff68b01c30ea701a2eb2898cae",0.5,0.177766480585919
"59512dff68b01c30ea701a2eb2898cae",1,0.236867996678845
"59512dff68b01c30ea701a2eb2898cae",1.5,0.297552468463668
"59512dff68b01c30ea701a2eb2898cae",2,0.35495898449706
"59512dff68b01c30ea701a2eb2898cae",2.5,0.405215569480393
"59512dff68b01c30ea701a2eb2898cae",3,0.445807470121954
"59512dff68b01c30ea701a2eb2898cae",3.5,0.475410492387918
"59512dff68b01c30ea701a2eb2898cae",4,0.49348887695242
"59512dff68b01c30ea701a2eb2898cae",4.5,0.499899659709844
"59512dff68b01c30ea701a2eb2898cae",5,0.494626089341838
"59512dff68b01c30ea701a2eb2898cae",5.5,0.477680645371322
"59512dff68b01c30ea701a2eb2898cae",6,0.449184880745019
"59512dff68b01c30ea701a2eb2898cae",6.5,0.409620428615634
"59512dff68b01c30ea701a2eb2898cae",7,0.360215722176782
"59512dff68b01c30ea701a2eb2898cae",7.5,0.303356179666799
"59512dff68b01c30ea701a2eb2898cae",8,0.242787249510404
"59512dff68b01c30ea701a2eb2898cae",8.5,0.183308839148935
"59512dff68b01c30ea701a2eb2898cae",9,0.129811339704105
"59512dff68b01c30ea701a2eb2898cae",9.5,0.0859540246323779
"59512dff68b01c30ea701a2eb2898cae",10,0.0532126043966758
"1a5c4c690bf50a51d87a34d73ca57c54",0,0.238454855323009
"1a5c4c690bf50a51d87a34d73ca57c54",0.5,0.294783665064961
"1a5c4c690bf50a51d87a34d73ca57c54",1,0.346202803911853
"1a5c4c690bf50a51d87a34d73ca57c54",1.5,0.389596081732291
"1a5c4c690bf50a51d87a34d73ca57c54",2,0.422955298380771
"1a5c4c690bf50a51d87a34d73ca57c54",2.5,0.44516525323069
"1a5c4c690bf50a51d87a34d73ca57c54",3,0.455704572499527
"1a5c4c690bf50a51d87a34d73ca57c54",3.5,0.454390218896945
"1a5c4c690bf50a51d87a34d73ca57c54",4,0.44124271760167
"1a5c4c690bf50a51d87a34d73ca57c54",4.5,0.416503393747148
"1a5c4c690bf50a51d87a34d73ca57c54",5,0.380799963700063
"1a5c4c690bf50a51d87a34d73ca57c54",5.5,0.335420170450188
"1a5c4c690bf50a51d87a34d73ca57c54",6,0.282604954847245
"1a5c4c690bf50a51d87a34d73ca57c54",6.5,0.225723445770843
"1a5c4c690bf50a51d87a34d73ca57c54",7,0.169158397919674
"1a5c4c690bf50a51d87a34d73ca57c54",7.5,0.117712733296461
"1a5c4c690bf50a51d87a34d73ca57c54",8,0.0754545138014631
"1a5c4c690bf50a51d87a34d73ca57c54",8.5,0.0444101938198635
"1a5c4c690bf50a51d87a34d73ca57c54",9,0.0240519826876936
"1a5c4c690bf50a51d87a34d73ca57c54",9.5,0.0120539641671856
"1a5c4c690bf50a51d87a34d73ca57c54",10,0.00562529822182898
"8df30188c9b5743645cb5f1d902bfa89",0,0.848152867344075
"8df30188c9b5743645cb5f1d902bfa89",0.5,0.881210335946171
"8df30188c9b5743645cb5f1d902bfa89",1,0.904355726889551
"8df30188c9b5743645cb5f1d902bfa89",1.5,0.920228338793267
"8df30188c9b5743645cb5f1d902bfa89",2,0.930757296713596
"8df30188c9b5743645cb5f1d902bfa89",2.5,0.937249258322334
"8df30188c9b5743645cb5f1d902bfa89",3,0.940509715167007
"8df30188c9b5743645cb5f1d902bfa89",3.5,0.940940496051897
"8df30188c9b5743645cb5f1d902bfa89",4,0.938594474542462
"8df30188c9b5743645cb5f1d902bfa89",4.5,0.93318305591871
"8df30188c9b5743645cb5f1d902bfa89",5,0.924036122912703
"8df30188c9b5743645cb5f1d902bfa89",5.5,0.910016934972986
"8df30188c9b5743645cb5f1d902bfa89",6,0.889404583879101
"8df30188c9b5743645cb5f1d902bfa89",6.5,0.859785727539446
"8df30188c9b5743645cb5f1d902bfa89",7,0.81806265405611
"8df30188c9b5743645cb5f1d902bfa89",7.5,0.760800434075462
"8df30188c9b5743645cb5f1d902bfa89",8,0.68525068709406
"8df30188c9b5743645cb5f1d902bfa89",8.5,0.59121886775122
"8df30188c9b5743645cb5f1d902bfa89",9,0.483023865552063
"8df30188c9b5743645cb5f1d902bfa89",9.5,0.369649139506515
"8df30188c9b5743645cb5f1d902bfa89",10,0.262073592149659
"5a7b2c8f60952c48090821944ed1c883",0,0.7086595955738
"5a7b2c8f60952c48090821944ed1c883",0.5,0.683355725993418
"5a7b2c8f60952c48090821944ed1c883",1,0.660447874503617
"5a7b2c8f60952c48090821944ed1c883",1.5,0.64037367796201
"5a7b2c8f60952c48090821944ed1c883",2,0.623464069686699
"5a7b2c8f60952c48090821944ed1c883",2.5,0.609956772049392
"5a7b2c8f60952c48090821944ed1c883",3,0.600013383916015
"5a7b2c8f60952c48090821944ed1c883",3.5,0.593736308633235
"5a7b2c8f60952c48090821944ed1c883",4,0.591182825218434
"5a7b2c8f60952c48090821944ed1c883",4.5,0.592374586321828
"5a7b2c8f60952c48090821944ed1c883",5,0.597301605301261
"5a7b2c8f60952c48090821944ed1c883",5.5,0.605920386883485
"5a7b2c8f60952c48090821944ed1c883",6,0.618146359992229
"5a7b2c8f60952c48090821944ed1c883",6.5,0.633841317352072
"5a7b2c8f60952c48090821944ed1c883",7,0.65279726995923
"5a7b2c8f60952c48090821944ed1c883",7.5,0.67471903776394
"5a7b2c8f60952c48090821944ed1c883",8,0.699208953034127
"5a7b2c8f60952c48090821944ed1c883",8.5,0.725758007427246
"5a7b2c8f60952c48090821944ed1c883",9,0.753748195013038
"5a7b2c8f60952c48090821944ed1c883",9.5,0.782470147762771
"5a7b2c8f60952c48090821944ed1c883",10,0.811157993715544
"97b487951add6437f06cbc26f4609a7e",0,0.806580612522866
"97b487951add6437f06cbc26f4609a7e",0.5,0.777059801703274
"97b487951add6437f06cbc26f4609a7e",1,0.748556308569907
"97b487951add6437f06cbc26f4609a7e",1.5,0.722060184227592
"97b487951add6437f06cbc26f4609a7e",2,0.698420799017302
"97b487951add6437f06cbc26f4609a7e",2.5,0.678319309695598
"97b487951add6437f06cbc26f4609a7e",3,0.662268146763228
"97b487951add6437f06cbc26f4609a7e",3.5,0.650627904526368
"97b487951add6437f06cbc26f4609a7e",4,0.643631437984481
"97b487951add6437f06cbc26f4609a7e",4.5,0.641406701190399
"97b487951add6437f06cbc26f4609a7e",5,0.643992456832555
"97b487951add6437f06cbc26f4609a7e",5.5,0.651343563973863
"97b487951add6437f06cbc26f4609a7e",6,0.663324845257587
"97b487951add6437f06cbc26f4609a7e",6.5,0.67969469669668
"97b487951add6437f06cbc26f4609a7e",7,0.700081917122196
"97b487951add6437f06cbc26f4609a7e",7.5,0.723961828940366
"97b487951add6437f06cbc26f4609a7e",8,0.750640330936017
"97b487951add6437f06cbc26f4609a7e",8.5,0.779256136002867
"97b487951add6437f06cbc26f4609a7e",9,0.808810630053847
"97b487951add6437f06cbc26f4609a7e",9.5,0.838230129854131
"97b487951add6437f06cbc26f4609a7e",10,0.8664566030133
"47def0952e6ec6a7857cd19bdcf3d509",0,0.918407645695276
"47def0952e6ec6a7857cd19bdcf3d509",0.5,0.88786562217207
"47def0952e6ec6a7857cd19bdcf3d509",1,0.853832558378588
"47def0952e6ec6a7857cd19bdcf3d509",1.5,0.81871334347177
"47def0952e6ec6a7857cd19bdcf3d509",2,0.785190683531344
"47def0952e6ec6a7857cd19bdcf3d509",2.5,0.755767165545664
"47def0952e6ec6a7857cd19bdcf3d509",3,0.732466273008785
"47def0952e6ec6a7857cd19bdcf3d509",3.5,0.71672436432968
"47def0952e6ec6a7857cd19bdcf3d509",4,0.709413739449811
"47def0952e6ec6a7857cd19bdcf3d509",4.5,0.710910393227634
"47def0952e6ec6a7857cd19bdcf3d509",5,0.721138899583289
"47def0952e6ec6a7857cd19bdcf3d509",5.5,0.739562556707999
"47def0952e6ec6a7857cd19bdcf3d509",6,0.765125295391066
"47def0952e6ec6a7857cd19bdcf3d509",6.5,0.79618996134553
"47def0952e6ec6a7857cd19bdcf3d509",7,0.83054999406127
"47def0952e6ec6a7857cd19bdcf3d509",7.5,0.865598586997331
"47def0952e6ec6a7857cd19bdcf3d509",8,0.89869128391862
"47def0952e6ec6a7857cd19bdcf3d509",8.5,0.927627917727225
"47def0952e6ec6a7857cd19bdcf3d509",9,0.951067851858191
"47def0952e6ec6a7857cd19bdcf3d509",9.5,0.968685714034016
"47def0952e6ec6a7857cd19bdcf3d509",10,0.981011364381784
"6825c0116d4b4b8464cf4e648e3b5b1d",0,0.219447497106749
"6825c0116d4b4b8464cf4e648e3b5b1d",0.5,0.176576207471361
"6825c0116d4b4b8464cf4e648e3b5b1d",1,0.143472767126776
"6825c0116d4b4b8464cf4e648e3b5b1d",1.5,0.118265355537752
"6825c0116d4b4b8464cf4e648e3b5b1d",2,0.0992582534793686
"6825c0116d4b4b8464cf4e648e3b5b1d",2.5,0.0850510051794169
"6825c0116d4b4b8464cf4e648e3b5b1d",3,0.0745528045426323
"6825c0116d4b4b8464cf4e648e3b5b1d",3.5,0.0669488761286131
"6825c0116d4b4b8464cf4e648e3b5b1d",4,0.0616529339740333
"6825c0116d4b4b8464cf4e648e3b5b1d",4.5,0.0582625474038152
"6825c0116d4b4b8464cf4e648e3b5b1d",5,0.0565240946253571
"6825c0116d4b4b8464cf4e648e3b5b1d",5.5,0.0563090698693018
"6825c0116d4b4b8464cf4e648e3b5b1d",6,0.0576016598362715
"6825c0116d4b4b8464cf4e648e3b5b1d",6.5,0.0604971969553415
"6825c0116d4b4b8464cf4e648e3b5b1d",7,0.0652114251039989
"6825c0116d4b4b8464cf4e648e3b5b1d",7.5,0.0721009125193278
"6825c0116d4b4b8464cf4e648e3b5b1d",8,0.081694893308811
"6825c0116d4b4b8464cf4e648e3b5b1d",8.5,0.0947375365487078
"6825c0116d4b4b8464cf4e648e3b5b1d",9,0.112235806617323
"6825c0116d4b4b8464cf4e648e3b5b1d",9.5,0.135499673771277
"6825c0116d4b4b8464cf4e648e3b5b1d",10,0.166146300962733
"2c25e0887db42a1326da9a176ff639df",0,0.0133470965147093
"2c25e0887db42a1326da9a176ff639df",0.5,0.0193204691745379
"2c25e0887db42a1326da9a176ff639df",1,0.0269409687200417
"2c25e0887db42a1326da9a176ff639df",1.5,0.036188327170308
"2c25e0887db42a1326da9a176ff639df",2,0.0468369270461003
"2c25e0887db42a1326da9a176ff639df",2.5,0.0584389055662751
"2c25e0887db42a1326da9a176ff639df",3,0.0703487998685358
"2c25e0887db42a1326da9a176ff639df",3.5,0.0817877350572348
"2c25e0887db42a1326da9a176ff639df",4,0.0919334987067129
"2c25e0887db42a1326da9a176ff639df",4.5,0.100017254598588
"2c25e0887db42a1326da9a176ff639df",5,0.105409642595567
"2c25e0887db42a1326da9a176ff639df",5.5,0.107685758462892
"2c25e0887db42a1326da9a176ff639df",6,0.106665479222114
"2c25e0887db42a1326da9a176ff639df",6.5,0.102429589540184
"2c25e0887db42a1326da9a176ff639df",7,0.0953126234806245
"2c25e0887db42a1326da9a176ff639df",7.5,0.0858719576904036
"2c25e0887db42a1326da9a176ff639df",8,0.0748321616988656
"2c25e0887db42a1326da9a176ff639df",8.5,0.0630061683446108
"2c25e0887db42a1326da9a176ff639df",9,0.0512008983458246
"2c25e0887db42a1326da9a176ff639df",9.5,0.0401223228133552
"2c25e0887db42a1326da9a176ff639df",10,0.0302992657715535
"353c3a68d04d27cf753f4d2f7820ac24",0,0.92705357964471
"353c3a68d04d27cf753f4d2f7820ac24",0.5,0.9455503902603
"353c3a68d04d27cf753f4d2f7820ac24",1,0.957994601018048
"353c3a68d04d27cf753f4d2f7820ac24",1.5,0.966381087289606
"353c3a68d04d27cf753f4d2f7820ac24",2,0.972015470452094
"353c3a68d04d27cf753f4d2f7820ac24",2.5,0.975733344329335
"353c3a68d04d27cf753f4d2f7820ac24",3,0.978056758132843
"353c3a68d04d27cf753f4d2f7820ac24",3.5,0.979296002739843
"353c3a68d04d27cf753f4d2f7820ac24",4,0.979610525662032
"353c3a68d04d27cf753f4d2f7820ac24",4.5,0.979040053423874
"353c3a68d04d27cf753f4d2f7820ac24",5,0.977512303837183
"353c3a68d04d27cf753f4d2f7820ac24",5.5,0.974828939105582
"353c3a68d04d27cf753f4d2f7820ac24",6,0.970626772858848
"353c3a68d04d27cf753f4d2f7820ac24",6.5,0.964306466232335
"353c3a68d04d27cf753f4d2f7820ac24",7,0.954916482075757
"353c3a68d04d27cf753f4d2f7820ac24",7.5,0.940978777644689
"353c3a68d04d27cf753f4d2f7820ac24",8,0.920253357533132
"353c3a68d04d27cf753f4d2f7820ac24",8.5,0.889481619699753
"353c3a68d04d27cf753f4d2f7820ac24",9,0.84425968764669
"353c3a68d04d27cf753f4d2f7820ac24",9.5,0.779411777717418
"353c3a68d04d27cf753f4d2f7820ac24",10,0.690502752760066
"c4c23479a122e43e8f4e924d622b1843",0,0.282993874612279
"c4c23479a122e43e8f4e924d622b1843",0.5,0.294147336994723
"c4c23479a122e43e8f4e924d622b1843",1,0.304180401820388
"c4c23479a122e43e8f4e924d622b1843",1.5,0.313009497626438
"c4c23479a122e43e8f4e924d622b1843",2,0.320565274282569
"c4c23479a122e43e8f4e924d622b1843",2.5,0.326791642171055
"c4c23479a122e43e8f4e924d622b1843",3,0.33164471692304
"c4c23479a122e43e8f4e924d622b1843",3.5,0.335091794612839
"c4c23479a122e43e8f4e924d622b1843",4,0.337110459434706
"c4c23479a122e43e8f4e924d622b1843",4.5,0.337687901795835
"c4c23479a122e43e8f4e924d622b1843",5,0.336820500918188
"c4c23479a122e43e8f4e924d622b1843",5.5,0.334513703027123
"c4c23479a122e43e8f4e924d622b1843",6,0.330782203926432
"c4c23479a122e43e8f4e924d622b1843",6.5,0.325650422725938
"c4c23479a122e43e8f4e924d622b1843",7,0.319153231092244
"c4c23479a122e43e8f4e924d622b1843",7.5,0.31133687920207
"c4c23479a122e43e8f4e924d622b1843",8,0.302260035614318
"c4c23479a122e43e8f4e924d622b1843",8.5,0.291994834281207
"c4c23479a122e43e8f4e924d622b1843",9,0.280627799549863
"c4c23479a122e43e8f4e924d622b1843",9.5,0.268260501936791
"c4c23479a122e43e8f4e924d622b1843",10,0.255009787287082
"25f19e50ee29351324c839e40525a96b",0,0.337274387225489
"25f19e50ee29351324c839e40525a96b",0.5,0.342922719737401
"25f19e50ee29351324c839e40525a96b",1,0.34771528515079
"25f19e50ee29351324c839e40525a96b",1.5,0.351633851056544
"25f19e50ee29351324c839e40525a96b",2,0.354664114830575
"25f19e50ee29351324c839e40525a96b",2.5,0.356795393611122
"25f19e50ee29351324c839e40525a96b",3,0.358020372725307
"25f19e50ee29351324c839e40525a96b",3.5,0.358334922748945
"25f19e50ee29351324c839e40525a96b",4,0.357737992165106
"25f19e50ee29351324c839e40525a96b",4.5,0.356231579545844
"25f19e50ee29351324c839e40525a96b",5,0.353820786255199
"25f19e50ee29351324c839e40525a96b",5.5,0.350513947776003
"25f19e50ee29351324c839e40525a96b",6,0.346322838809439
"25f19e50ee29351324c839e40525a96b",6.5,0.341262944205579
"25f19e50ee29351324c839e40525a96b",7,0.335353784501968
"25f19e50ee29351324c839e40525a96b",7.5,0.328619281362675
"25f19e50ee29351324c839e40525a96b",8,0.321088144565852
"25f19e50ee29351324c839e40525a96b",8.5,0.31279425849594
"25f19e50ee29351324c839e40525a96b",9,0.303777042549998
"25f19e50ee29351324c839e40525a96b",9.5,0.294081756742787
"25f19e50ee29351324c839e40525a96b",10,0.283759721448684
"54b2db02d2f8eaebeaf2ffabfac36fcd",0,0.753453213031012
"54b2db02d2f8eaebeaf2ffabfac36fcd",0.5,0.714262813165398
"54b2db02d2f8eaebeaf2ffabfac36fcd",1,0.675342483239016
"54b2db02d2f8eaebeaf2ffabfac36fcd",1.5,0.637796752301101
"54b2db02d2f8eaebeaf2ffabfac36fcd",2,0.602569043128527
"54b2db02d2f8eaebeaf2ffabfac36fcd",2.5,0.57039923013358
"54b2db02d2f8eaebeaf2ffabfac36fcd",3,0.54181815319016
"54b2db02d2f8eaebeaf2ffabfac36fcd",3.5,0.517169480916792
"54b2db02d2f8eaebeaf2ffabfac36fcd",4,0.496647111854605
"54b2db02d2f8eaebeaf2ffabfac36fcd",4.5,0.480337688300289
"54b2db02d2f8eaebeaf2ffabfac36fcd",5,0.468260828292066
"54b2db02d2f8eaebeaf2ffabfac36fcd",5.5,0.460402802267162
"54b2db02d2f8eaebeaf2ffabfac36fcd",6,0.456741762997223
"54b2db02d2f8eaebeaf2ffabfac36fcd",6.5,0.457264061311892
"54b2db02d2f8eaebeaf2ffabfac36fcd",7,0.461971779193672
"54b2db02d2f8eaebeaf2ffabfac36fcd",7.5,0.47088165848238
"54b2db02d2f8eaebeaf2ffabfac36fcd",8,0.484015395243974
"54b2db02d2f8eaebeaf2ffabfac36fcd",8.5,0.501381097808834
"54b2db02d2f8eaebeaf2ffabfac36fcd",9,0.522945863200496
"54b2db02d2f8eaebeaf2ffabfac36fcd",9.5,0.548600208984866
"54b2db02d2f8eaebeaf2ffabfac36fcd",10,0.578116757755355
"5feddf4858eca0a19fb5872a83288aa5",0,0.244745010644621
"5feddf4858eca0a19fb5872a83288aa5",0.5,0.263951466803386
"5feddf4858eca0a19fb5872a83288aa5",1,0.281859747966128
"5feddf4858eca0a19fb5872a83288aa5",1.5,0.29817509997314
"5feddf4858eca0a19fb5872a83288aa5",2,0.312648410530854
"5feddf4858eca0a19fb5872a83288aa5",2.5,0.325076197761551
"5feddf4858eca0a19fb5872a83288aa5",3,0.335298032103366
"5feddf4858eca0a19fb5872a83288aa5",3.5,0.343192467137272
"5feddf4858eca0a19fb5872a83288aa5",4,0.348672474507848
"5feddf4858eca0a19fb5872a83288aa5",4.5,0.351681209107514
"5feddf4858eca0a19fb5872a83288aa5",5,0.352188725916872
"5feddf4858eca0a19fb5872a83288aa5",5.5,0.350190062986297
"5feddf4858eca0a19fb5872a83288aa5",6,0.345704910287698
"5feddf4858eca0a19fb5872a83288aa5",6.5,0.338778900879044
"5feddf4858eca0a19fb5872a83288aa5",7,0.32948637980767
"5feddf4858eca0a19fb5872a83288aa5",7.5,0.317934316782504
"5feddf4858eca0a19fb5872a83288aa5",8,0.304266825909442
"5feddf4858eca0a19fb5872a83288aa5",8.5,0.288669547243994
"5feddf4858eca0a19fb5872a83288aa5",9,0.271372956076041
"5feddf4858eca0a19fb5872a83288aa5",9.5,0.252653542234221
"5feddf4858eca0a19fb5872a83288aa5",10,0.232831804289
"aa3f87b0785a6f9d1719241f05f0f6f8",0,0.292703420484021
"aa3f87b0785a6f9d1719241f05f0f6f8",0.5,0.289472770692238
"aa3f87b0785a6f9d1719241f05f0f6f8",1,0.287328610322018
"aa3f87b0785a6f9d1719241f05f0f6f8",1.5,0.286256990409778
"aa3f87b0785a6f9d1719241f05f0f6f8",2,0.28625086420884
"aa3f87b0785a6f9d1719241f05f0f6f8",2.5,0.287310191291194
"aa3f87b0785a6f9d1719241f05f0f6f8",3,0.289441938133963
"aa3f87b0785a6f9d1719241f05f0f6f8",3.5,0.292659975245899
"aa3f87b0785a6f9d1719241f05f0f6f8",4,0.296984861266701
"aa3f87b0785a6f9d1719241f05f0f6f8",4.5,0.30244349482702
"aa3f87b0785a6f9d1719241f05f0f6f8",5,0.309068605337761
"aa3f87b0785a6f9d1719241f05f0f6f8",5.5,0.316898044478005
"aa3f87b0785a6f9d1719241f05f0f6f8",6,0.325973831396841
"aa3f87b0785a6f9d1719241f05f0f6f8",6.5,0.336340897283469
"aa3f87b0785a6f9d1719241f05f0f6f8",7,0.348045470159252
"aa3f87b0785a6f9d1719241f05f0f6f8",7.5,0.361133040170019
"aa3f87b0785a6f9d1719241f05f0f6f8",8,0.375645851511289
"aa3f87b0785a6f9d1719241f05f0f6f8",8.5,0.391619882094516
"aa3f87b0785a6f9d1719241f05f0f6f8",9,0.409081299136954
"aa3f87b0785a6f9d1719241f05f0f6f8",9.5,0.428042420866952
"aa3f87b0785a6f9d1719241f05f0f6f8",10,0.448497273451497
"cd0f803a7ce00be28ceb482bd6b7100f",0,0.565996455702715
"cd0f803a7ce00be28ceb482bd6b7100f",0.5,0.580088535561748
"cd0f803a7ce00be28ceb482bd6b7100f",1,0.590018869914589
"cd0f803a7ce00be28ceb482bd6b7100f",1.5,0.595852474800176
"cd0f803a7ce00be28ceb482bd6b7100f",2,0.597634872959275
"cd0f803a7ce00be28ceb482bd6b7100f",2.5,0.59538105249663
"cd0f803a7ce00be28ceb482bd6b7100f",3,0.589072145520192
"cd0f803a7ce00be28ceb482bd6b7100f",3.5,0.578659632268891
"cd0f803a7ce00be28ceb482bd6b7100f",4,0.564077314110207
"cd0f803a7ce00be28ceb482bd6b7100f",4.5,0.545261606237602
"cd0f803a7ce00be28ceb482bd6b7100f",5,0.522180633034554
"cd0f803a7ce00be28ceb482bd6b7100f",5.5,0.494871908268352
"cd0f803a7ce00be28ceb482bd6b7100f",6,0.463486829894674
"cd0f803a7ce00be28ceb482bd6b7100f",6.5,0.428337759826167
"cd0f803a7ce00be28ceb482bd6b7100f",7,0.389940376556535
"cd0f803a7ce00be28ceb482bd6b7100f",7.5,0.349041050230369
"cd0f803a7ce00be28ceb482bd6b7100f",8,0.306617429033704
"cd0f803a7ce00be28ceb482bd6b7100f",8.5,0.263841685192206
"cd0f803a7ce00be28ceb482bd6b7100f",9,0.222001144490445
"cd0f803a7ce00be28ceb482bd6b7100f",9.5,0.182380660225376
"cd0f803a7ce00be28ceb482bd6b7100f",10,0.14612372524536
"e3f6a550c10f4b20f090ec7e847bb8b1",0,0.362606680432394
"e3f6a550c10f4b20f090ec7e847bb8b1",0.5,0.357883029345674
"e3f6a550c10f4b20f090ec7e847bb8b1",1,0.354183751736214
"e3f6a550c10f4b20f090ec7e847bb8b1",1.5,0.351495423813674
"e3f6a550c10f4b20f090ec7e847bb8b1",2,0.349807941567387
"e3f6a550c10f4b20f090ec7e847bb8b1",2.5,0.349114813757677
"e3f6a550c10f4b20f090ec7e847bb8b1",3,0.349413341013974
"e3f6a550c10f4b20f090ec7e847bb8b1",3.5,0.350704688303433
"e3f6a550c10f4b20f090ec7e847bb8b1",4,0.35299385379776
"e3f6a550c10f4b20f090ec7e847bb8b1",4.5,0.356289532831159
"e3f6a550c10f4b20f090ec7e847bb8b1",5,0.360603871349436
"e3f6a550c10f4b20f090ec7e847bb8b1",5.5,0.365952099149092
"e3f6a550c10f4b20f090ec7e847bb8b1",6,0.372352029480602
"e3f6a550c10f4b20f090ec7e847bb8b1",6.5,0.379823408489524
"e3f6a550c10f4b20f090ec7e847bb8b1",7,0.388387095826949
"e3f6a550c10f4b20f090ec7e847bb8b1",7.5,0.398064057017881
"e3f6a550c10f4b20f090ec7e847bb8b1",8,0.408874149390681
"e3f6a550c10f4b20f090ec7e847bb8b1",8.5,0.42083468721172
"e3f6a550c10f4b20f090ec7e847bb8b1",9,0.433958778886602
"e3f6a550c10f4b20f090ec7e847bb8b1",9.5,0.448253440443419
"e3f6a550c10f4b20f090ec7e847bb8b1",10,0.463717505660785
"4733260f5d46f17b0101b77982ada91f",0,0.246467130542276
"4733260f5d46f17b0101b77982ada91f",0.5,0.257804053392246
"4733260f5d46f17b0101b77982ada91f",1,0.268787105798958
"4733260f5d46f17b0101b77982ada91f",1.5,0.279356326711942
"4733260f5d46f17b0101b77982ada91f",2,0.289456186842088
"4733260f5d46f17b0101b77982ada91f",2.5,0.299035838486819
"4733260f5d46f17b0101b77982ada91f",3,0.308049231027863
"4733260f5d46f17b0101b77982ada91f",3.5,0.316455109013214
"4733260f5d46f17b0101b77982ada91f",4,0.324216912327457
"4733260f5d46f17b0101b77982ada91f",4.5,0.33130259919772
"4733260f5d46f17b0101b77982ada91f",5,0.337684412878843
"4733260f5d46f17b0101b77982ada91f",5.5,0.343338612050321
"4733260f5d46f17b0101b77982ada91f",6,0.348245183482262
"4733260f5d46f17b0101b77982ada91f",6.5,0.352387553614149
"4733260f5d46f17b0101b77982ada91f",7,0.355752313532627
"4733260f5d46f17b0101b77982ada91f",7.5,0.358328969585625
"4733260f5d46f17b0101b77982ada91f",8,0.360109729639592
"4733260f5d46f17b0101b77982ada91f",8.5,0.361089332843584
"4733260f5d46f17b0101b77982ada91f",9,0.361264928739436
"4733260f5d46f17b0101b77982ada91f",9.5,0.360636009652553
"4733260f5d46f17b0101b77982ada91f",10,0.359204398490629
"96c3eb26349cfdc2385eb5cdaeb67a02",0,0.554332343949705
"96c3eb26349cfdc2385eb5cdaeb67a02",0.5,0.521102630263802
"96c3eb26349cfdc2385eb5cdaeb67a02",1,0.493567622044675
"96c3eb26349cfdc2385eb5cdaeb67a02",1.5,0.471931813641039
"96c3eb26349cfdc2385eb5cdaeb67a02",2,0.456236228884775
"96c3eb26349cfdc2385eb5cdaeb67a02",2.5,0.446444009101641
"96c3eb26349cfdc2385eb5cdaeb67a02",3,0.442503737058849
"96c3eb26349cfdc2385eb5cdaeb67a02",3.5,0.444388571978441
"96c3eb26349cfdc2385eb5cdaeb67a02",4,0.452111793014014
"96c3eb26349cfdc2385eb5cdaeb67a02",4.5,0.465719382181509
"96c3eb26349cfdc2385eb5cdaeb67a02",5,0.485259317080637
"96c3eb26349cfdc2385eb5cdaeb67a02",5.5,0.510726757099309
"96c3eb26349cfdc2385eb5cdaeb67a02",6,0.541985782981696
"96c3eb26349cfdc2385eb5cdaeb67a02",6.5,0.578673208928161
"96c3eb26349cfdc2385eb5cdaeb67a02",7,0.620098964374228
"96c3eb26349cfdc2385eb5cdaeb67a02",7.5,0.665169366231027
"96c3eb26349cfdc2385eb5cdaeb67a02",8,0.712369440749577
"96c3eb26349cfdc2385eb5cdaeb67a02",8.5,0.759839762452651
"96c3eb26349cfdc2385eb5cdaeb67a02",9,0.805563361993512
"96c3eb26349cfdc2385eb5cdaeb67a02",9.5,0.847638245474508
"96c3eb26349cfdc2385eb5cdaeb67a02",10,0.884565771282976
"c63f9f848314a9484aab580c977ee739",0,0.464578862978966
"c63f9f848314a9484aab580c977ee739",0.5,0.429392450192062
"c63f9f848314a9484aab580c977ee739",1,0.398964807691259
"c63f9f848314a9484aab580c977ee739",1.5,0.373258275821647
"c63f9f848314a9484aab580c977ee739",2,0.352112632023375
"c63f9f848314a9484aab580c977ee739",2.5,0.335309560569202
"c63f9f848314a9484aab580c977ee739",3,0.322621553278354
"c63f9f848314a9484aab580c977ee739",3.5,0.313846219048036
"c63f9f848314a9484aab580c977ee739",4,0.308828702720841
"c63f9f848314a9484aab580c977ee739",4.5,0.307475150625019
"c63f9f848314a9484aab580c977ee739",5,0.309759594504528
"c63f9f848314a9484aab580c977ee739",5.5,0.315725702618116
"c63f9f848314a9484aab580c977ee739",6,0.325483797934855
"c63f9f848314a9484aab580c977ee739",6.5,0.339202470528619
"c63f9f848314a9484aab580c977ee739",7,0.357093081383202
"c63f9f848314a9484aab580c977ee739",7.5,0.379384593924086
"c63f9f848314a9484aab580c977ee739",8,0.406285756772655
"c63f9f848314a9484aab580c977ee739",8.5,0.437932204490659
"c63f9f848314a9484aab580c977ee739",9,0.474318273475046
"c63f9f848314a9484aab580c977ee739",9.5,0.515217986177198
"c63f9f848314a9484aab580c977ee739",10,0.56010690692653
"d662c52335ad4c796b577dd8be60f446",0,0.388758961341571
"d662c52335ad4c796b577dd8be60f446",0.5,0.378748475986383
"d662c52335ad4c796b577dd8be60f446",1,0.370145710682044
"d662c52335ad4c796b577dd8be60f446",1.5,0.36291955726891
"d662c52335ad4c796b577dd8be60f446",2,0.35704077026378
"d662c52335ad4c796b577dd8be60f446",2.5,0.352483489856219
"d662c52335ad4c796b577dd8be60f446",3,0.34922641021997
"d662c52335ad4c796b577dd8be60f446",3.5,0.347253637966659
"d662c52335ad4c796b577dd8be60f446",4,0.346555278976622
"d662c52335ad4c796b577dd8be60f446",4.5,0.347127782608827
"d662c52335ad4c796b577dd8be60f446",5,0.348974061478063
"d662c52335ad4c796b577dd8be60f446",5.5,0.352103393344134
"d662c52335ad4c796b577dd8be60f446",6,0.356531099743784
"d662c52335ad4c796b577dd8be60f446",6.5,0.362277984302959
"d662c52335ad4c796b577dd8be60f446",7,0.369369502741736
"d662c52335ad4c796b577dd8be60f446",7.5,0.377834627153391
"d662c52335ad4c796b577dd8be60f446",8,0.387704360227471
"d662c52335ad4c796b577dd8be60f446",8.5,0.399009852114971
"d662c52335ad4c796b577dd8be60f446",9,0.411780075483879
"d662c52335ad4c796b577dd8be60f446",9.5,0.426039025313739
"d662c52335ad4c796b577dd8be60f446",10,0.441802431766337
"72786859fb5ee03cd81312cf0bb813e2",0,0.323076426800588
"72786859fb5ee03cd81312cf0bb813e2",0.5,0.334146600550626
"72786859fb5ee03cd81312cf0bb813e2",1,0.345459065660639
"72786859fb5ee03cd81312cf0bb813e2",1.5,0.357006748165372
"72786859fb5ee03cd81312cf0bb813e2",2,0.368781538983593
"72786859fb5ee03cd81312cf0bb813e2",2.5,0.38077428323054
"72786859fb5ee03cd81312cf0bb813e2",3,0.392974777229535
"72786859fb5ee03cd81312cf0bb813e2",3.5,0.405371773772518
"72786859fb5ee03cd81312cf0bb813e2",4,0.417952996100176
"72786859fb5ee03cd81312cf0bb813e2",4.5,0.430705160978566
"72786859fb5ee03cd81312cf0bb813e2",5,0.443614011141557
"72786859fb5ee03cd81312cf0bb813e2",5.5,0.456664357248443
"72786859fb5ee03cd81312cf0bb813e2",6,0.469840129375332
"72786859fb5ee03cd81312cf0bb813e2",6.5,0.483124437919761
"72786859fb5ee03cd81312cf0bb813e2",7,0.496499643652755
"72786859fb5ee03cd81312cf0bb813e2",7.5,0.509947436504248
"72786859fb5ee03cd81312cf0bb813e2",8,0.52344892251948
"72786859fb5ee03cd81312cf0bb813e2",8.5,0.536984718278931
"72786859fb5ee03cd81312cf0bb813e2",9,0.550535051936011
"72786859fb5ee03cd81312cf0bb813e2",9.5,0.564079869898367
"72786859fb5ee03cd81312cf0bb813e2",10,0.577598948063685
"9bc49c544c9377f4a4136d0ef7a15d5c",0,0.117810928632304
"9bc49c544c9377f4a4136d0ef7a15d5c",0.5,0.179458297985952
"9bc49c544c9377f4a4136d0ef7a15d5c",1,0.250696240429524
"9bc49c544c9377f4a4136d0ef7a15d5c",1.5,0.32450749053598
"9bc49c544c9377f4a4136d0ef7a15d5c",2,0.393987390411525
"9bc49c544c9377f4a4136d0ef7a15d5c",2.5,0.454032040272053
"9bc49c544c9377f4a4136d0ef7a15d5c",3,0.501768687221672
"9bc49c544c9377f4a4136d0ef7a15d5c",3.5,0.53608412690451
"9bc49c544c9377f4a4136d0ef7a15d5c",4,0.556855511229626
"9bc49c544c9377f4a4136d0ef7a15d5c",4.5,0.564287919517786
"9bc49c544c9377f4a4136d0ef7a15d5c",5,0.558505865373654
"9bc49c544c9377f4a4136d0ef7a15d5c",5.5,0.539410161250782
"9bc49c544c9377f4a4136d0ef7a15d5c",6,0.506789059415598
"9bc49c544c9377f4a4136d0ef7a15d5c",6.5,0.460692983408335
"9bc49c544c9377f4a4136d0ef7a15d5c",7,0.402069173137249
"9bc49c544c9377f4a4136d0ef7a15d5c",7.5,0.333533683068616
"9bc49c544c9377f4a4136d0ef7a15d5c",8,0.25991145262966
"9bc49c544c9377f4a4136d0ef7a15d5c",8.5,0.18794952890094
"9bc49c544c9377f4a4136d0ef7a15d5c",9,0.12477897614348
"9bc49c544c9377f4a4136d0ef7a15d5c",9.5,0.0755495611722469
"9bc49c544c9377f4a4136d0ef7a15d5c",10,0.0416814955280784
"2205bfaa12ababcc2abb1d3b52f6645f",0,0.366267286042397
"2205bfaa12ababcc2abb1d3b52f6645f",0.5,0.33659531922647
"2205bfaa12ababcc2abb1d3b52f6645f",1,0.308209307103628
"2205bfaa12ababcc2abb1d3b52f6645f",1.5,0.281210306439307
"2205bfaa12ababcc2abb1d3b52f6645f",2,0.255682401402829
"2205bfaa12ababcc2abb1d3b52f6645f",2.5,0.231690313221389
"2205bfaa12ababcc2abb1d3b52f6645f",3,0.209277357296402
"2205bfaa12ababcc2abb1d3b52f6645f",3.5,0.188464238820402
"2205bfaa12ababcc2abb1d3b52f6645f",4,0.169248955003047
"2205bfaa12ababcc2abb1d3b52f6645f",4.5,0.151607850148395
"2205bfaa12ababcc2abb1d3b52f6645f",5,0.135497689392597
"2205bfaa12ababcc2abb1d3b52f6645f",5.5,0.12085849927084
"2205bfaa12ababcc2abb1d3b52f6645f",6,0.107616871772289
"2205bfaa12ababcc2abb1d3b52f6645f",6.5,0.0956894330652352
"2205bfaa12ababcc2abb1d3b52f6645f",7,0.0849862213741586
"2205bfaa12ababcc2abb1d3b52f6645f",7.5,0.0754137820561699
"2205bfaa12ababcc2abb1d3b52f6645f",8,0.0668778561305632
"2205bfaa12ababcc2abb1d3b52f6645f",8.5,0.0592856005595221
"2205bfaa12ababcc2abb1d3b52f6645f",9,0.0525473286029921
"2205bfaa12ababcc2abb1d3b52f6645f",9.5,0.0465777947028524
"2205bfaa12ababcc2abb1d3b52f6645f",10,0.0412970713628605
"0550965e9ccdcd96dc30195526b22726",0,0.4703934576284
"0550965e9ccdcd96dc30195526b22726",0.5,0.37342240276953
"0550965e9ccdcd96dc30195526b22726",1,0.292690409210872
"0550965e9ccdcd96dc30195526b22726",1.5,0.22926669219459
"0550965e9ccdcd96dc30195526b22726",2,0.181617572172268
"0550965e9ccdcd96dc30195526b22726",2.5,0.147047306124035
"0550965e9ccdcd96dc30195526b22726",3,0.122741469415056
"0550965e9ccdcd96dc30195526b22726",3.5,0.10631506438121
"0550965e9ccdcd96dc30195526b22726",4,0.0959961205140258
"0550965e9ccdcd96dc30195526b22726",4.5,0.0906217351010129
"0550965e9ccdcd96dc30195526b22726",5,0.0895758018596829
"0550965e9ccdcd96dc30195526b22726",5.5,0.0927378405749711
"0550965e9ccdcd96dc30195526b22726",6,0.100471563561326
"0550965e9ccdcd96dc30195526b22726",6.5,0.113657978475061
"0550965e9ccdcd96dc30195526b22726",7,0.133757712855202
"0550965e9ccdcd96dc30195526b22726",7.5,0.162856268658525
"0550965e9ccdcd96dc30195526b22726",8,0.203594465601398
"0550965e9ccdcd96dc30195526b22726",8.5,0.25882550624418
"0550965e9ccdcd96dc30195526b22726",9,0.330826525261977
"0550965e9ccdcd96dc30195526b22726",9.5,0.420022248537105
"0550965e9ccdcd96dc30195526b22726",10,0.52350626452647
"42125966ddd426226b1e67a8143434e3",0,0.0710701780438453
"42125966ddd426226b1e67a8143434e3",0.5,0.106625569561239
"42125966ddd426226b1e67a8143434e3",1,0.148965640843991
"42125966ddd426226b1e67a8143434e3",1.5,0.194682753869802
"42125966ddd426226b1e67a8143434e3",2,0.239587258177097
"42125966ddd426226b1e67a8143434e3",2.5,0.279716934129058
"42125966ddd426226b1e67a8143434e3",3,0.311977579258992
"42125966ddd426226b1e67a8143434e3",3.5,0.334304888337423
"42125966ddd426226b1e67a8143434e3",4,0.345522110407565
"42125966ddd426226b1e67a8143434e3",4.5,0.345120320517702
"42125966ddd426226b1e67a8143434e3",5,0.333116777862043
"42125966ddd426226b1e67a8143434e3",5.5,0.310060320589173
"42125966ddd426226b1e67a8143434e3",6,0.277181475777697
"42125966ddd426226b1e67a8143434e3",6.5,0.236612898477701
"42125966ddd426226b1e67a8143434e3",7,0.191518483423827
"42125966ddd426226b1e67a8143434e3",7.5,0.145902312971984
"42125966ddd426226b1e67a8143434e3",8,0.10393462087964
"42125966ddd426226b1e67a8143434e3",8.5,0.0689316085113544
"42125966ddd426226b1e67a8143434e3",9,0.0425024792514975
"42125966ddd426226b1e67a8143434e3",9.5,0.0243940694916735
"42125966ddd426226b1e67a8143434e3",10,0.0130697524117826
"631e1d59bdbc08c1e50aa80ad137e5b6",0,0.124175868926256
"631e1d59bdbc08c1e50aa80ad137e5b6",0.5,0.171495187237998
"631e1d59bdbc08c1e50aa80ad137e5b6",1,0.221411945944688
"631e1d59bdbc08c1e50aa80ad137e5b6",1.5,0.269448882712519
"631e1d59bdbc08c1e50aa80ad137e5b6",2,0.311711436743548
"631e1d59bdbc08c1e50aa80ad137e5b6",2.5,0.345365769254448
"631e1d59bdbc08c1e50aa80ad137e5b6",3,0.368636587536717
"631e1d59bdbc08c1e50aa80ad137e5b6",3.5,0.38056627647997
"631e1d59bdbc08c1e50aa80ad137e5b6",4,0.380752272978212
"631e1d59bdbc08c1e50aa80ad137e5b6",4.5,0.36918878018183
"631e1d59bdbc08c1e50aa80ad137e5b6",5,0.346264191869697
"631e1d59bdbc08c1e50aa80ad137e5b6",5.5,0.312914945172638
"631e1d59bdbc08c1e50aa80ad137e5b6",6,0.270886312305366
"631e1d59bdbc08c1e50aa80ad137e5b6",6.5,0.222976821574872
"631e1d59bdbc08c1e50aa80ad137e5b6",7,0.173051905613122
"631e1d59bdbc08c1e50aa80ad137e5b6",7.5,0.125583525295416
"631e1d59bdbc08c1e50aa80ad137e5b6",8,0.0846580230466286
"631e1d59bdbc08c1e50aa80ad137e5b6",8.5,0.052830655919642
"631e1d59bdbc08c1e50aa80ad137e5b6",9,0.0305257477956574
"631e1d59bdbc08c1e50aa80ad137e5b6",9.5,0.0163798045166753
"631e1d59bdbc08c1e50aa80ad137e5b6",10,0.00819650877972441
"299b4e5f58a6bb6859e3bbad9cf89b88",0,0.347270414124543
"299b4e5f58a6bb6859e3bbad9cf89b88",0.5,0.263108091287033
"299b4e5f58a6bb6859e3bbad9cf89b88",1,0.199158582500279
"299b4e5f58a6bb6859e3bbad9cf89b88",1.5,0.153076293464839
"299b4e5f58a6bb6859e3bbad9cf89b88",2,0.121208700413819
"299b4e5f58a6bb6859e3bbad9cf89b88",2.5,0.100004317693912
"299b4e5f58a6bb6859e3bbad9cf89b88",3,0.0866746287050943
"299b4e5f58a6bb6859e3bbad9cf89b88",3.5,0.0793307798600042
"299b4e5f58a6bb6859e3bbad9cf89b88",4,0.0769023586148348
"299b4e5f58a6bb6859e3bbad9cf89b88",4.5,0.0790326374087646
"299b4e5f58a6bb6859e3bbad9cf89b88",5,0.0860346018161169
"299b4e5f58a6bb6859e3bbad9cf89b88",5.5,0.0989297702978318
"299b4e5f58a6bb6859e3bbad9cf89b88",6,0.119550677896147
"299b4e5f58a6bb6859e3bbad9cf89b88",6.5,0.150628068767038
"299b4e5f58a6bb6859e3bbad9cf89b88",7,0.19567677506002
"299b4e5f58a6bb6859e3bbad9cf89b88",7.5,0.258377280645098
"299b4e5f58a6bb6859e3bbad9cf89b88",8,0.341214996394533
"299b4e5f58a6bb6859e3bbad9cf89b88",8.5,0.443601132528491
"299b4e5f58a6bb6859e3bbad9cf89b88",9,0.560231869593165
"299b4e5f58a6bb6859e3bbad9cf89b88",9.5,0.680554382094673
"299b4e5f58a6bb6859e3bbad9cf89b88",10,0.790582565689197
"403ab69848c1e8b2b940c23625f291b2",0,0.737123840637826
"403ab69848c1e8b2b940c23625f291b2",0.5,0.716377414667867
"403ab69848c1e8b2b940c23625f291b2",1,0.697260836898909
"403ab69848c1e8b2b940c23625f291b2",1.5,0.680094114166071
"403ab69848c1e8b2b940c23625f291b2",2,0.665137945376618
"403ab69848c1e8b2b940c23625f291b2",2.5,0.652596934696243
"403ab69848c1e8b2b940c23625f291b2",3,0.642625434880329
"403ab69848c1e8b2b940c23625f291b2",3.5,0.635334475944749
"403ab69848c1e8b2b940c23625f291b2",4,0.630798488504413
"403ab69848c1e8b2b940c23625f291b2",4.5,0.629060846137557
"403ab69848c1e8b2b940c23625f291b2",5,0.630137562054899
"403ab69848c1e8b2b940c23625f291b2",5.5,0.634018753272258
"403ab69848c1e8b2b940c23625f291b2",6,0.640667730273677
"403ab69848c1e8b2b940c23625f291b2",6.5,0.650017799742256
"403ab69848c1e8b2b940c23625f291b2",7,0.661967107105315
"403ab69848c1e8b2b940c23625f291b2",7.5,0.676372114933326
"403ab69848c1e8b2b940c23625f291b2",8,0.693040617771371
"403ab69848c1e8b2b940c23625f291b2",8.5,0.711725512489814
"403ab69848c1e8b2b940c23625f291b2",9,0.732120819504594
"403ab69848c1e8b2b940c23625f291b2",9.5,0.753861591866538
"403ab69848c1e8b2b940c23625f291b2",10,0.776529240604332
"471bfebb664da0429df29bc53c1afe5a",0,0.0979660305579134
"471bfebb664da0429df29bc53c1afe5a",0.5,0.115231870708666
"471bfebb664da0429df29bc53c1afe5a",1,0.134144044751838
"471bfebb664da0429df29bc53c1afe5a",1.5,0.154558565051981
"471bfebb664da0429df29bc53c1afe5a",2,0.17627463320914
"471bfebb664da0429df29bc53c1afe5a",2.5,0.19904213299052
"471bfebb664da0429df29bc53c1afe5a",3,0.222572700512797
"471bfebb664da0429df29bc53c1afe5a",3.5,0.24655318177552
"471bfebb664da0429df29bc53c1afe5a",4,0.270660032216607
"471bfebb664da0429df29bc53c1afe5a",4.5,0.294573211665121
"471bfebb664da0429df29bc53c1afe5a",5,0.317988352478962
"471bfebb664da0429df29bc53c1afe5a",5.5,0.340626352837526
"471bfebb664da0429df29bc53c1afe5a",6,0.362239976661704
"471bfebb664da0429df29bc53c1afe5a",6.5,0.382617441446631
"471bfebb664da0429df29bc53c1afe5a",7,0.401583287719927
"471bfebb664da0429df29bc53c1afe5a",7.5,0.418997023718386
"471bfebb664da0429df29bc53c1afe5a",8,0.434750128839222
"471bfebb664da0429df29bc53c1afe5a",8.5,0.448762000115806
"471bfebb664da0429df29bc53c1afe5a",9,0.460975365775816
"471bfebb664da0429df29bc53c1afe5a",9.5,0.471351596965004
"471bfebb664da0429df29bc53c1afe5a",10,0.479866245991185
"a80ad82702e6c7526f8e8d9f6a5e0d15",0,0.0986072850109705
"a80ad82702e6c7526f8e8d9f6a5e0d15",0.5,0.108086733785064
"a80ad82702e6c7526f8e8d9f6a5e0d15",1,0.122626867415683
"a80ad82702e6c7526f8e8d9f6a5e0d15",1.5,0.143261195589061
"a80ad82702e6c7526f8e8d9f6a5e0d15",2,0.171169358278749
"a80ad82702e6c7526f8e8d9f6a5e0d15",2.5,0.207386036276455
"a80ad82702e6c7526f8e8d9f6a5e0d15",3,0.252326948985737
"a80ad82702e6c7526f8e8d9f6a5e0d15",3.5,0.305257011092881
"a80ad82702e6c7526f8e8d9f6a5e0d15",4,0.363998135364001
"a80ad82702e6c7526f8e8d9f6a5e0d15",4.5,0.42515400468617
"a80ad82702e6c7526f8e8d9f6a5e0d15",5,0.485036535006991
"a80ad82702e6c7526f8e8d9f6a5e0d15",5.5,0.541461236228456
"a80ad82702e6c7526f8e8d9f6a5e0d15",6,0.595460241216568
"a80ad82702e6c7526f8e8d9f6a5e0d15",6.5,0.651076481913205
"a80ad82702e6c7526f8e8d9f6a5e0d15",7,0.71319721240267
"a80ad82702e6c7526f8e8d9f6a5e0d15",7.5,0.783312730117507
"a80ad82702e6c7526f8e8d9f6a5e0d15",8,0.855741416569299
"a80ad82702e6c7526f8e8d9f6a5e0d15",8.5,0.919001493250917
"a80ad82702e6c7526f8e8d9f6a5e0d15",9,0.963117928991016
"a80ad82702e6c7526f8e8d9f6a5e0d15",9.5,0.986503386654837
"a80ad82702e6c7526f8e8d9f6a5e0d15",10,0.995837281493546
"28ee486b75638c016c5023b01b156de2",0,0.151220914151513
"28ee486b75638c016c5023b01b156de2",0.5,0.117968711973187
"28ee486b75638c016c5023b01b156de2",1,0.0940861045799849
"28ee486b75638c016c5023b01b156de2",1.5,0.0770745354389779
"28ee486b75638c016c5023b01b156de2",2,0.0650631275072423
"28ee486b75638c016c5023b01b156de2",2.5,0.0567228673522852
"28ee486b75638c016c5023b01b156de2",3,0.0511468128722685
"28ee486b75638c016c5023b01b156de2",3.5,0.0477445982737463
"28ee486b75638c016c5023b01b156de2",4,0.0461652516668501
"28ee486b75638c016c5023b01b156de2",4.5,0.0462487773351777
"28ee486b75638c016c5023b01b156de2",5,0.0480035858407998
"28ee486b75638c016c5023b01b156de2",5.5,0.0516076871229716
"28ee486b75638c016c5023b01b156de2",6,0.0574337675877398
"28ee486b75638c016c5023b01b156de2",6.5,0.0661004147268039
"28ee486b75638c016c5023b01b156de2",7,0.0785523240354714
"28ee486b75638c016c5023b01b156de2",7.5,0.0961682597375299
"28ee486b75638c016c5023b01b156de2",8,0.12088042451741
"28ee486b75638c016c5023b01b156de2",8.5,0.155251803379423
"28ee486b75638c016c5023b01b156de2",9,0.202387885080075
"28ee486b75638c016c5023b01b156de2",9.5,0.265465928586866
"28ee486b75638c016c5023b01b156de2",10,0.346628800939214
"ffd5547900c4848e5ec97977d144a3a0",0,0.167124807586911
"ffd5547900c4848e5ec97977d144a3a0",0.5,0.131706288425095
"ffd5547900c4848e5ec97977d144a3a0",1,0.105332469192372
"ffd5547900c4848e5ec97977d144a3a0",1.5,0.0858734039891746
"ffd5547900c4848e5ec97977d144a3a0",2,0.071604306487454
"ffd5547900c4848e5ec97977d144a3a0",2.5,0.0612127429251879
"ffd5547900c4848e5ec97977d144a3a0",3,0.0537400234304042
"ffd5547900c4848e5ec97977d144a3a0",3.5,0.0485078422233645
"ffd5547900c4848e5ec97977d144a3a0",4,0.045052954980631
"ffd5547900c4848e5ec97977d144a3a0",4.5,0.043077226636589
"ffd5547900c4848e5ec97977d144a3a0",5,0.0424136335798346
"ffd5547900c4848e5ec97977d144a3a0",5.5,0.043006716766474
"ffd5547900c4848e5ec97977d144a3a0",6,0.0449060265618161
"ffd5547900c4848e5ec97977d144a3a0",6.5,0.0482719809097513
"ffd5547900c4848e5ec97977d144a3a0",7,0.0533946557942878
"ffd5547900c4848e5ec97977d144a3a0",7.5,0.0607269323004478
"ffd5547900c4848e5ec97977d144a3a0",8,0.070933540884667
"ffd5547900c4848e5ec97977d144a3a0",8.5,0.0849556274615965
"ffd5547900c4848e5ec97977d144a3a0",9,0.104084069952212
"ffd5547900c4848e5ec97977d144a3a0",9.5,0.130019927238626
"ffd5547900c4848e5ec97977d144a3a0",10,0.164872903394032
"70fde0a7dd9eaae9b3de8329d3ee3235",0,0.6411809310122
"70fde0a7dd9eaae9b3de8329d3ee3235",0.5,0.576540162148744
"70fde0a7dd9eaae9b3de8329d3ee3235",1,0.521236553175483
"70fde0a7dd9eaae9b3de8329d3ee3235",1.5,0.47722797098079
"70fde0a7dd9eaae9b3de8329d3ee3235",2,0.445426976029313
"70fde0a7dd9eaae9b3de8329d3ee3235",2.5,0.426078802205084
"70fde0a7dd9eaae9b3de8329d3ee3235",3,0.41914568402838
"70fde0a7dd9eaae9b3de8329d3ee3235",3.5,0.424577861777911
"70fde0a7dd9eaae9b3de8329d3ee3235",4,0.442415971535702
"70fde0a7dd9eaae9b3de8329d3ee3235",4.5,0.472710615591764
"70fde0a7dd9eaae9b3de8329d3ee3235",5,0.515269953389395
"70fde0a7dd9eaae9b3de8329d3ee3235",5.5,0.569284109038461
"70fde0a7dd9eaae9b3de8329d3ee3235",6,0.632938049237451
"70fde0a7dd9eaae9b3de8329d3ee3235",6.5,0.703166152750222
"70fde0a7dd9eaae9b3de8329d3ee3235",7,0.775588342465343
"70fde0a7dd9eaae9b3de8329d3ee3235",7.5,0.84444878424979
"70fde0a7dd9eaae9b3de8329d3ee3235",8,0.903038501907138
"70fde0a7dd9eaae9b3de8329d3ee3235",8.5,0.94618631908063
"70fde0a7dd9eaae9b3de8329d3ee3235",9,0.973416100451047
"70fde0a7dd9eaae9b3de8329d3ee3235",9.5,0.988362276262087
"70fde0a7dd9eaae9b3de8329d3ee3235",10,0.995508959873886
"c80c32fdfbe6a060339f6de0278f5401",0,0.397277266636543
"c80c32fdfbe6a060339f6de0278f5401",0.5,0.377302651695706
"c80c32fdfbe6a060339f6de0278f5401",1,0.359423112785374
"c80c32fdfbe6a060339f6de0278f5401",1.5,0.343578247787074
"c80c32fdfbe6a060339f6de0278f5401",2,0.329694199998197
"c80c32fdfbe6a060339f6de0278f5401",2.5,0.317690943624964
"c80c32fdfbe6a060339f6de0278f5401",3,0.307488103755774
"c80c32fdfbe6a060339f6de0278f5401",3.5,0.299009458254379
"c80c32fdfbe6a060339f6de0278f5401",4,0.292186317219226
"c80c32fdfbe6a060339f6de0278f5401",4.5,0.28695998578495
"c80c32fdfbe6a060339f6de0278f5401",5,0.283283501994409
"c80c32fdfbe6a060339f6de0278f5401",5.5,0.28112281363775
"c80c32fdfbe6a060339f6de0278f5401",6,0.280457523330712
"c80c32fdfbe6a060339f6de0278f5401",6.5,0.281281293867334
"c80c32fdfbe6a060339f6de0278f5401",7,0.283601968128504
"c80c32fdfbe6a060339f6de0278f5401",7.5,0.287441420268246
"c80c32fdfbe6a060339f6de0278f5401",8,0.29283511747263
"c80c32fdfbe6a060339f6de0278f5401",8.5,0.299831334000092
"c80c32fdfbe6a060339f6de0278f5401",9,0.308489921460484
"c80c32fdfbe6a060339f6de0278f5401",9.5,0.318880502200969
"c80c32fdfbe6a060339f6de0278f5401",10,0.331079918522973
"c7d8fe0391908128c86e149c313eac51",0,0.404916564657283
"c7d8fe0391908128c86e149c313eac51",0.5,0.372804207065093
"c7d8fe0391908128c86e149c313eac51",1,0.345939212063535
"c7d8fe0391908128c86e149c313eac51",1.5,0.324053297279429
"c7d8fe0391908128c86e149c313eac51",2,0.306826706442164
"c7d8fe0391908128c86e149c313eac51",2.5,0.29394669486531
"c7d8fe0391908128c86e149c313eac51",3,0.285146019901808
"c7d8fe0391908128c86e149c313eac51",3.5,0.280226417951204
"c7d8fe0391908128c86e149c313eac51",4,0.279071733035032
"c7d8fe0391908128c86e149c313eac51",4.5,0.281654162099741
"c7d8fe0391908128c86e149c313eac51",5,0.288035603977834
"c7d8fe0391908128c86e149c313eac51",5.5,0.298364580647479
"c7d8fe0391908128c86e149c313eac51",6,0.312867683526431
"c7d8fe0391908128c86e149c313eac51",6.5,0.331832982451867
"c7d8fe0391908128c86e149c313eac51",7,0.355581418754115
"c7d8fe0391908128c86e149c313eac51",7.5,0.384421244136136
"c7d8fe0391908128c86e149c313eac51",8,0.418580850104381
"c7d8fe0391908128c86e149c313eac51",8.5,0.458118149749707
"c7d8fe0391908128c86e149c313eac51",9,0.502811546526295
"c7d8fe0391908128c86e149c313eac51",9.5,0.552049190893048
"c7d8fe0391908128c86e149c313eac51",10,0.604747708794689
"cb4e6dd12f7443594f6218ac02ad3f59",0,0.31777246804661
"cb4e6dd12f7443594f6218ac02ad3f59",0.5,0.34609378788033
"cb4e6dd12f7443594f6218ac02ad3f59",1,0.374010012300341
"cb4e6dd12f7443594f6218ac02ad3f59",1.5,0.401235440538241
"cb4e6dd12f7443594f6218ac02ad3f59",2,0.427520617930593
"cb4e6dd12f7443594f6218ac02ad3f59",2.5,0.452655733378433
"cb4e6dd12f7443594f6218ac02ad3f59",3,0.476471376319737
"cb4e6dd12f7443594f6218ac02ad3f59",3.5,0.498837129944201
"cb4e6dd12f7443594f6218ac02ad3f59",4,0.519658533685133
"cb4e6dd12f7443594f6218ac02ad3f59",4.5,0.538872940971917
"cb4e6dd12f7443594f6218ac02ad3f59",5,0.556444747394887
"cb4e6dd12f7443594f6218ac02ad3f59",5.5,0.572360387596169
"cb4e6dd12f7443594f6218ac02ad3f59",6,0.586623411232703
"cb4e6dd12f7443594f6218ac02ad3f59",6.5,0.599249860760771
"cb4e6dd12f7443594f6218ac02ad3f59",7,0.610264094580678
"cb4e6dd12f7443594f6218ac02ad3f59",7.5,0.619695133010777
"cb4e6dd12f7443594f6218ac02ad3f59",8,0.627573553622867
"cb4e6dd12f7443594f6218ac02ad3f59",8.5,0.633928926568031
"cb4e6dd12f7443594f6218ac02ad3f59",9,0.63878775818253
"cb4e6dd12f7443594f6218ac02ad3f59",9.5,0.642171900193384
"cb4e6dd12f7443594f6218ac02ad3f59",10,0.64409737982786
"cd918dec2b3412a349d8c5ea90d36ce1",0,0.252388973015185
"cd918dec2b3412a349d8c5ea90d36ce1",0.5,0.264812840314119
"cd918dec2b3412a349d8c5ea90d36ce1",1,0.276701250368708
"cd918dec2b3412a349d8c5ea90d36ce1",1.5,0.287971532784062
"cd918dec2b3412a349d8c5ea90d36ce1",2,0.298548910384101
"cd918dec2b3412a349d8c5ea90d36ce1",2.5,0.308366710124674
"cd918dec2b3412a349d8c5ea90d36ce1",3,0.317366324756485
"cd918dec2b3412a349d8c5ea90d36ce1",3.5,0.325496974815882
"cd918dec2b3412a349d8c5ea90d36ce1",4,0.33271532317379
"cd918dec2b3412a349d8c5ea90d36ce1",4.5,0.338984993552892
"cd918dec2b3412a349d8c5ea90d36ce1",5,0.344276041015926
"cd918dec2b3412a349d8c5ea90d36ce1",5.5,0.348564417296492
"cd918dec2b3412a349d8c5ea90d36ce1",6,0.351831467738236
"cd918dec2b3412a349d8c5ea90d36ce1",6.5,0.354063490116063
"cd918dec2b3412a349d8c5ea90d36ce1",7,0.355251379140396
"cd918dec2b3412a349d8c5ea90d36ce1",7.5,0.355390374225697
"cd918dec2b3412a349d8c5ea90d36ce1",8,0.354479922219767
"cd918dec2b3412a349d8c5ea90d36ce1",8.5,0.352523661205643
"cd918dec2b3412a349d8c5ea90d36ce1",9,0.349529526085828
"cd918dec2b3412a349d8c5ea90d36ce1",9.5,0.345509971279138
"cd918dec2b3412a349d8c5ea90d36ce1",10,0.340482300337859
"ac75458cbab6ce95f3aedfc67b26f003",0,0.269665094206141
"ac75458cbab6ce95f3aedfc67b26f003",0.5,0.281471173687121
"ac75458cbab6ce95f3aedfc67b26f003",1,0.292194456466853
"ac75458cbab6ce95f3aedfc67b26f003",1.5,0.301736753297702
"ac75458cbab6ce95f3aedfc67b26f003",2,0.310015497685461
"ac75458cbab6ce95f3aedfc67b26f003",2.5,0.316962936176894
"ac75458cbab6ce95f3aedfc67b26f003",3,0.322525112927069
"ac75458cbab6ce95f3aedfc67b26f003",3.5,0.326660800824873
"ac75458cbab6ce95f3aedfc67b26f003",4,0.329340508258755
"ac75458cbab6ce95f3aedfc67b26f003",4.5,0.33054566400907
"ac75458cbab6ce95f3aedfc67b26f003",5,0.330268055192749
"ac75458cbab6ce95f3aedfc67b26f003",5.5,0.328509565965251
"ac75458cbab6ce95f3aedfc67b26f003",6,0.325282238175233
"ac75458cbab6ce95f3aedfc67b26f003",6.5,0.320608649104856
"ac75458cbab6ce95f3aedfc67b26f003",7,0.314522575256158
"ac75458cbab6ce95f3aedfc67b26f003",7.5,0.307069884372179
"ac75458cbab6ce95f3aedfc67b26f003",8,0.29830957044589
"ac75458cbab6ce95f3aedfc67b26f003",8.5,0.288314819059802
"ac75458cbab6ce95f3aedfc67b26f003",9,0.277173964727024
"ac75458cbab6ce95f3aedfc67b26f003",9.5,0.264991180845175
"ac75458cbab6ce95f3aedfc67b26f003",10,0.251886730399422
"5366b537b3d03dacdd6dce40f7fba523",0,0.661394396976301
"5366b537b3d03dacdd6dce40f7fba523",0.5,0.608602534380724
"5366b537b3d03dacdd6dce40f7fba523",1,0.560496349092004
"5366b537b3d03dacdd6dce40f7fba523",1.5,0.518591510754177
"5366b537b3d03dacdd6dce40f7fba523",2,0.483741665158147
"5366b537b3d03dacdd6dce40f7fba523",2.5,0.456298619554626
"5366b537b3d03dacdd6dce40f7fba523",3,0.436302154887881
"5366b537b3d03dacdd6dce40f7fba523",3.5,0.423648105576594
"5366b537b3d03dacdd6dce40f7fba523",4,0.418212635998363
"5366b537b3d03dacdd6dce40f7fba523",4.5,0.419928841515424
"5366b537b3d03dacdd6dce40f7fba523",5,0.428818733884644
"5366b537b3d03dacdd6dce40f7fba523",5.5,0.444983213781285
"5366b537b3d03dacdd6dce40f7fba523",6,0.468549126493525
"5366b537b3d03dacdd6dce40f7fba523",6.5,0.499569939670135
"5366b537b3d03dacdd6dce40f7fba523",7,0.537879116016351
"5366b537b3d03dacdd6dce40f7fba523",7.5,0.582907240425346
"5366b537b3d03dacdd6dce40f7fba523",8,0.633497983373165
"5366b537b3d03dacdd6dce40f7fba523",8.5,0.687789742654574
"5366b537b3d03dacdd6dce40f7fba523",9,0.743251836479298
"5366b537b3d03dacdd6dce40f7fba523",9.5,0.796946247087401
"5366b537b3d03dacdd6dce40f7fba523",10,0.846004395317842
"fe6413f1e2b8b21e955060386ea3d2f3",0,0.287578215301421
"fe6413f1e2b8b21e955060386ea3d2f3",0.5,0.286898453875092
"fe6413f1e2b8b21e955060386ea3d2f3",1,0.287647436801302
"fe6413f1e2b8b21e955060386ea3d2f3",1.5,0.289831729222307
"fe6413f1e2b8b21e955060386ea3d2f3",2,0.293470290717865
"fe6413f1e2b8b21e955060386ea3d2f3",2.5,0.2985940801036
"fe6413f1e2b8b21e955060386ea3d2f3",3,0.305245348946639
"fe6413f1e2b8b21e955060386ea3d2f3",3.5,0.313476546821522
"fe6413f1e2b8b21e955060386ea3d2f3",4,0.323348731760405
"fe6413f1e2b8b21e955060386ea3d2f3",4.5,0.334929352496203
"fe6413f1e2b8b21e955060386ea3d2f3",5,0.348289248386586
"fe6413f1e2b8b21e955060386ea3d2f3",5.5,0.363498703862493
"fe6413f1e2b8b21e955060386ea3d2f3",6,0.38062240484796
"fe6413f1e2b8b21e955060386ea3d2f3",6.5,0.399713185277525
"fe6413f1e2b8b21e955060386ea3d2f3",7,0.420804534690297
"fe6413f1e2b8b21e955060386ea3d2f3",7.5,0.443901974625737
"fe6413f1e2b8b21e955060386ea3d2f3",8,0.468973609721419
"fe6413f1e2b8b21e955060386ea3d2f3",8.5,0.49594041660417
"fe6413f1e2b8b21e955060386ea3d2f3",9,0.524667130321003
"fe6413f1e2b8b21e955060386ea3d2f3",9.5,0.554954880721254
"fe6413f1e2b8b21e955060386ea3d2f3",10,0.586536949668303
"e9fc75c9481c895152f3eda959f18adb",0,0.343667392907036
"e9fc75c9481c895152f3eda959f18adb",0.5,0.347842083045182
"e9fc75c9481c895152f3eda959f18adb",1,0.35201764827777
"e9fc75c9481c895152f3eda959f18adb",1.5,0.35619320669033
"e9fc75c9481c895152f3eda959f18adb",2,0.360367882016151
"e9fc75c9481c895152f3eda959f18adb",2.5,0.364540804291449
"e9fc75c9481c895152f3eda959f18adb",3,0.368711110493561
"e9fc75c9481c895152f3eda959f18adb",3.5,0.372877945161288
"e9fc75c9481c895152f3eda959f18adb",4,0.377040460996637
"e9fc75c9481c895152f3eda959f18adb",4.5,0.381197819447179
"e9fc75c9481c895152f3eda959f18adb",5,0.385349191268408
"e9fc75c9481c895152f3eda959f18adb",5.5,0.389493757065448
"e9fc75c9481c895152f3eda959f18adb",6,0.393630707813583
"e9fc75c9481c895152f3eda959f18adb",6.5,0.397759245357125
"e9fc75c9481c895152f3eda959f18adb",7,0.401878582886158
"e9fc75c9481c895152f3eda959f18adb",7.5,0.405987945390846
"e9fc75c9481c895152f3eda959f18adb",8,0.410086570092947
"e9fc75c9481c895152f3eda959f18adb",8.5,0.414173706854312
"e9fc75c9481c895152f3eda959f18adb",9,0.418248618562183
"e9fc75c9481c895152f3eda959f18adb",9.5,0.422310581491128
"e9fc75c9481c895152f3eda959f18adb",10,0.42635888564158
"412bfdf0b2ed931d88862ff52ed39306",0,0.533646765732603
"412bfdf0b2ed931d88862ff52ed39306",0.5,0.543844660357539
"412bfdf0b2ed931d88862ff52ed39306",1,0.552862298725089
"412bfdf0b2ed931d88862ff52ed39306",1.5,0.560705621311386
"412bfdf0b2ed931d88862ff52ed39306",2,0.567382857960419
"412bfdf0b2ed931d88862ff52ed39306",2.5,0.57290325120989
"412bfdf0b2ed931d88862ff52ed39306",3,0.577275987843403
"412bfdf0b2ed931d88862ff52ed39306",3.5,0.580509332821239
"412bfdf0b2ed931d88862ff52ed39306",4,0.582609956704517
"412bfdf0b2ed931d88862ff52ed39306",4.5,0.5835824470176
"412bfdf0b2ed931d88862ff52ed39306",5,0.583428995098451
"412bfdf0b2ed931d88862ff52ed39306",5.5,0.582149252333395
"412bfdf0b2ed931d88862ff52ed39306",6,0.57974035279026
"412bfdf0b2ed931d88862ff52ed39306",6.5,0.576197102727733
"412bfdf0b2ed931d88862ff52ed39306",7,0.571512340868487
"412bfdf0b2ed931d88862ff52ed39306",7.5,0.565677476274667
"412bfdf0b2ed931d88862ff52ed39306",8,0.558683212721627
"412bfdf0b2ed931d88862ff52ed39306",8.5,0.5505204691423
"412bfdf0b2ed931d88862ff52ed39306",9,0.54118150446019
"412bfdf0b2ed931d88862ff52ed39306",9.5,0.530661251337383
"412bfdf0b2ed931d88862ff52ed39306",10,0.518958856406594
"4d805abd8790a38c0dd2ff8751ef930b",0,0.320085445218763
"4d805abd8790a38c0dd2ff8751ef930b",0.5,0.320276836871327
"4d805abd8790a38c0dd2ff8751ef930b",1,0.320807341592735
"4d805abd8790a38c0dd2ff8751ef930b",1.5,0.321677837817648
"4d805abd8790a38c0dd2ff8751ef930b",2,0.322889758564744
"4d805abd8790a38c0dd2ff8751ef930b",2.5,0.324445081491363
"4d805abd8790a38c0dd2ff8751ef930b",3,0.32634631479696
"4d805abd8790a38c0dd2ff8751ef930b",3.5,0.328596478709207
"4d805abd8790a38c0dd2ff8751ef930b",4,0.331199082214591
"4d805abd8790a38c0dd2ff8751ef930b",4.5,0.334158094625996
"4d805abd8790a38c0dd2ff8751ef930b",5,0.337477911513809
"4d805abd8790a38c0dd2ff8751ef930b",5.5,0.341163314466224
"4d805abd8790a38c0dd2ff8751ef930b",6,0.345219424090229
"4d805abd8790a38c0dd2ff8751ef930b",6.5,0.34965164561951
"4d805abd8790a38c0dd2ff8751ef930b",7,0.354465606461906
"4d805abd8790a38c0dd2ff8751ef930b",7.5,0.359667085000196
"4d805abd8790a38c0dd2ff8751ef930b",8,0.365261929959749
"4d805abd8790a38c0dd2ff8751ef930b",8.5,0.371255969679195
"4d805abd8790a38c0dd2ff8751ef930b",9,0.377654910670409
"4d805abd8790a38c0dd2ff8751ef930b",9.5,0.384464224937272
"4d805abd8790a38c0dd2ff8751ef930b",10,0.391689025644205
"1fd7bf523afe46a8bf9be68b2f834e89",0,0.364100285323636
"1fd7bf523afe46a8bf9be68b2f834e89",0.5,0.350992292248845
"1fd7bf523afe46a8bf9be68b2f834e89",1,0.34012565477644
"1fd7bf523afe46a8bf9be68b2f834e89",1.5,0.331419606336642
"1fd7bf523afe46a8bf9be68b2f834e89",2,0.324802113405795
"1fd7bf523afe46a8bf9be68b2f834e89",2.5,0.320214171221766
"1fd7bf523afe46a8bf9be68b2f834e89",3,0.317612761596547
"1fd7bf523afe46a8bf9be68b2f834e89",3.5,0.316972737590362
"1fd7bf523afe46a8bf9be68b2f834e89",4,0.318287829350343
"1fd7bf523afe46a8bf9be68b2f834e89",4.5,0.321570884467162
"1fd7bf523afe46a8bf9be68b2f834e89",5,0.326853371044088
"1fd7bf523afe46a8bf9be68b2f834e89",5.5,0.334184085671827
"1fd7bf523afe46a8bf9be68b2f834e89",6,0.343626924314658
"1fd7bf523afe46a8bf9be68b2f834e89",6.5,0.355257495859008
"1fd7bf523afe46a8bf9be68b2f834e89",7,0.369158293558654
"1fd7bf523afe46a8bf9be68b2f834e89",7.5,0.385412102528719
"1fd7bf523afe46a8bf9be68b2f834e89",8,0.404093333210582
"1fd7bf523afe46a8bf9be68b2f834e89",8.5,0.425257061017457
"1fd7bf523afe46a8bf9be68b2f834e89",9,0.448925756686374
"1fd7bf523afe46a8bf9be68b2f834e89",9.5,0.475074043933884
"1fd7bf523afe46a8bf9be68b2f834e89",10,0.503612337651862
"fa04f82b092a77994edb4b7e9e9c7df3",0,0.485227992629078
"fa04f82b092a77994edb4b7e9e9c7df3",0.5,0.504599183555213
"fa04f82b092a77994edb4b7e9e9c7df3",1,0.521914476709775
"fa04f82b092a77994edb4b7e9e9c7df3",1.5,0.537143079860255
"fa04f82b092a77994edb4b7e9e9c7df3",2,0.550278104773732
"fa04f82b092a77994edb4b7e9e9c7df3",2.5,0.561328832795348
"fa04f82b092a77994edb4b7e9e9c7df3",3,0.570313970395021
"fa04f82b092a77994edb4b7e9e9c7df3",3.5,0.577256030885439
"fa04f82b092a77994edb4b7e9e9c7df3",4,0.582176865307737
"fa04f82b092a77994edb4b7e9e9c7df3",4.5,0.585094300607847
"fa04f82b092a77994edb4b7e9e9c7df3",5,0.586019816888125
"fa04f82b092a77994edb4b7e9e9c7df3",5.5,0.584957197245017
"fa04f82b092a77994edb4b7e9e9c7df3",6,0.58190210394157
"fa04f82b092a77994edb4b7e9e9c7df3",6.5,0.576842565207543
"fa04f82b092a77994edb4b7e9e9c7df3",7,0.569760390659023
"fa04f82b092a77994edb4b7e9e9c7df3",7.5,0.560633563401695
"fa04f82b092a77994edb4b7e9e9c7df3",8,0.549439676121667
"fa04f82b092a77994edb4b7e9e9c7df3",8.5,0.536160478580997
"fa04f82b092a77994edb4b7e9e9c7df3",9,0.520787575280551
"fa04f82b092a77994edb4b7e9e9c7df3",9.5,0.503329244139437
"fa04f82b092a77994edb4b7e9e9c7df3",10,0.483818230212556
"f49d3798381f3986465826ecd34f17b1",0,0.0502949175496155
"f49d3798381f3986465826ecd34f17b1",0.5,0.0838400355857889
"f49d3798381f3986465826ecd34f17b1",1,0.129294215467455
"f49d3798381f3986465826ecd34f17b1",1.5,0.184815049957236
"f49d3798381f3986465826ecd34f17b1",2,0.246277251901701
"f49d3798381f3986465826ecd34f17b1",2.5,0.308463508175181
"f49d3798381f3986465826ecd34f17b1",3,0.366434077748839
"f49d3798381f3986465826ecd34f17b1",3.5,0.41642680614443
"f49d3798381f3986465826ecd34f17b1",4,0.456100772328166
"f49d3798381f3986465826ecd34f17b1",4.5,0.484294714129412
"f49d3798381f3986465826ecd34f17b1",5,0.500589200722906
"f49d3798381f3986465826ecd34f17b1",5.5,0.504901489705452
"f49d3798381f3986465826ecd34f17b1",6,0.497229549638741
"f49d3798381f3986465826ecd34f17b1",6.5,0.477582774662917
"f49d3798381f3986465826ecd34f17b1",7,0.446104894486266
"f49d3798381f3986465826ecd34f17b1",7.5,0.403377950860751
"f49d3798381f3986465826ecd34f17b1",8,0.350853006830545
"f49d3798381f3986465826ecd34f17b1",8.5,0.291260660705637
"f49d3798381f3986465826ecd34f17b1",9,0.228744955996491
"f49d3798381f3986465826ecd34f17b1",9.5,0.168441929019897
"f49d3798381f3986465826ecd34f17b1",10,0.11540862356323
"eeef2d3ee5a5f698ecf863b0d523f3b4",0,0.339748265055827
"eeef2d3ee5a5f698ecf863b0d523f3b4",0.5,0.271087725048182
"eeef2d3ee5a5f698ecf863b0d523f3b4",1,0.219047315729892
"eeef2d3ee5a5f698ecf863b0d523f3b4",1.5,0.182176024508025
"eeef2d3ee5a5f698ecf863b0d523f3b4",2,0.15802157956807
"eeef2d3ee5a5f698ecf863b0d523f3b4",2.5,0.144281014658925
"eeef2d3ee5a5f698ecf863b0d523f3b4",3,0.139406310500082
"eeef2d3ee5a5f698ecf863b0d523f3b4",3.5,0.142809816905268
"eeef2d3ee5a5f698ecf863b0d523f3b4",4,0.15490386472401
"eeef2d3ee5a5f698ecf863b0d523f3b4",4.5,0.177075111150409
"eeef2d3ee5a5f698ecf863b0d523f3b4",5,0.211522752083983
"eeef2d3ee5a5f698ecf863b0d523f3b4",5.5,0.260741636183107
"eeef2d3ee5a5f698ecf863b0d523f3b4",6,0.326459284076544
"eeef2d3ee5a5f698ecf863b0d523f3b4",6.5,0.40832747558958
"eeef2d3ee5a5f698ecf863b0d523f3b4",7,0.503368820093379
"eeef2d3ee5a5f698ecf863b0d523f3b4",7.5,0.606551995074351
"eeef2d3ee5a5f698ecf863b0d523f3b4",8,0.710967152380764
"eeef2d3ee5a5f698ecf863b0d523f3b4",8.5,0.807566486282058
"eeef2d3ee5a5f698ecf863b0d523f3b4",9,0.887325172413694
"eeef2d3ee5a5f698ecf863b0d523f3b4",9.5,0.943938776771626
"eeef2d3ee5a5f698ecf863b0d523f3b4",10,0.976587768272767
"256d59473c34b02c3e6c046bb812c0bd",0,0.379344533891273
"256d59473c34b02c3e6c046bb812c0bd",0.5,0.333925945856592
"256d59473c34b02c3e6c046bb812c0bd",1,0.292449863898546
"256d59473c34b02c3e6c046bb812c0bd",1.5,0.255091868264687
"256d59473c34b02c3e6c046bb812c0bd",2,0.22186385396487
"256d59473c34b02c3e6c046bb812c0bd",2.5,0.192641708861709
"256d59473c34b02c3e6c046bb812c0bd",3,0.16719714897308
"256d59473c34b02c3e6c046bb812c0bd",3.5,0.145230764242613
"256d59473c34b02c3e6c046bb812c0bd",4,0.126402981225733
"256d59473c34b02c3e6c046bb812c0bd",4.5,0.110360332990703
"256d59473c34b02c3e6c046bb812c0bd",5,0.0967556729245525
"256d59473c34b02c3e6c046bb812c0bd",5.5,0.0852621931908354
"256d59473c34b02c3e6c046bb812c0bd",6,0.0755819566054452
"256d59473c34b02c3e6c046bb812c0bd",6.5,0.0674500584207129
"256d59473c34b02c3e6c046bb812c0bd",7,0.060635605576354
"256d59473c34b02c3e6c046bb812c0bd",7.5,0.0549405769351719
"256d59473c34b02c3e6c046bb812c0bd",8,0.0501974216878141
"256d59473c34b02c3e6c046bb812c0bd",8.5,0.0462660346055912
"256d59473c34b02c3e6c046bb812c0bd",9,0.0430305521575547
"256d59473c34b02c3e6c046bb812c0bd",9.5,0.0403962568365962
"256d59473c34b02c3e6c046bb812c0bd",10,0.0382867601405402
"405816d453d22ed54e3a641d83be47da",0,0.384605766281627
"405816d453d22ed54e3a641d83be47da",0.5,0.433741022656682
"405816d453d22ed54e3a641d83be47da",1,0.473617153052993
"405816d453d22ed54e3a641d83be47da",1.5,0.503280395827309
"405816d453d22ed54e3a641d83be47da",2,0.522323280673916
"405816d453d22ed54e3a641d83be47da",2.5,0.530630368994874
"405816d453d22ed54e3a641d83be47da",3,0.528188688873704
"405816d453d22ed54e3a641d83be47da",3.5,0.514999654644325
"405816d453d22ed54e3a641d83be47da",4,0.491105256388013
"405816d453d22ed54e3a641d83be47da",4.5,0.456725028516314
"405816d453d22ed54e3a641d83be47da",5,0.412481354625118
"405816d453d22ed54e3a641d83be47da",5.5,0.359663060511226
"405816d453d22ed54e3a641d83be47da",6,0.300456223396969
"405816d453d22ed54e3a641d83be47da",6.5,0.23808117224916
"405816d453d22ed54e3a641d83be47da",7,0.176767711362075
"405816d453d22ed54e3a641d83be47da",7.5,0.121345061017629
"405816d453d22ed54e3a641d83be47da",8,0.0761134035075993
"405816d453d22ed54e3a641d83be47da",8.5,0.0432881612056526
"405816d453d22ed54e3a641d83be47da",9,0.0222640905060889
"405816d453d22ed54e3a641d83be47da",9.5,0.0103890454872735
"405816d453d22ed54e3a641d83be47da",10,0.0044374044263782
"02ec28912a3d70e55c7b7328bbeceda4",0,0.627158041353177
"02ec28912a3d70e55c7b7328bbeceda4",0.5,0.659910797153178
"02ec28912a3d70e55c7b7328bbeceda4",1,0.682558879561838
"02ec28912a3d70e55c7b7328bbeceda4",1.5,0.695604646332778
"02ec28912a3d70e55c7b7328bbeceda4",2,0.69943895354592
"02ec28912a3d70e55c7b7328bbeceda4",2.5,0.694191101681694
"02ec28912a3d70e55c7b7328bbeceda4",3,0.679685784416071
"02ec28912a3d70e55c7b7328bbeceda4",3.5,0.655502164587079
"02ec28912a3d70e55c7b7328bbeceda4",4,0.621141356801525
"02ec28912a3d70e55c7b7328bbeceda4",4.5,0.576305050763634
"02ec28912a3d70e55c7b7328bbeceda4",5,0.521249300707819
"02ec28912a3d70e55c7b7328bbeceda4",5.5,0.457109814251701
"02ec28912a3d70e55c7b7328bbeceda4",6,0.386062715730696
"02ec28912a3d70e55c7b7328bbeceda4",6.5,0.311281808013772
"02ec28912a3d70e55c7b7328bbeceda4",7,0.236834098528819
"02ec28912a3d70e55c7b7328bbeceda4",7.5,0.167582304466171
"02ec28912a3d70e55c7b7328bbeceda4",8,0.10863923069445
"02ec28912a3d70e55c7b7328bbeceda4",8.5,0.0638276918434024
"02ec28912a3d70e55c7b7328bbeceda4",9,0.0339150320105939
"02ec28912a3d70e55c7b7328bbeceda4",9.5,0.0164198213264146
"02ec28912a3d70e55c7b7328bbeceda4",10,0.00733360113539819
"30a6f6d0aa88679e879c11187a8966ac",0,0.539861122900529
"30a6f6d0aa88679e879c11187a8966ac",0.5,0.479731405351905
"30a6f6d0aa88679e879c11187a8966ac",1,0.427458211796087
"30a6f6d0aa88679e879c11187a8966ac",1.5,0.383664870378936
"30a6f6d0aa88679e879c11187a8966ac",2,0.348256675364156
"30a6f6d0aa88679e879c11187a8966ac",2.5,0.32074598772399
"30a6f6d0aa88679e879c11187a8966ac",3,0.300507881629702
"30a6f6d0aa88679e879c11187a8966ac",3.5,0.286951786366166
"30a6f6d0aa88679e879c11187a8966ac",4,0.279623393152113
"30a6f6d0aa88679e879c11187a8966ac",4.5,0.278258416499459
"30a6f6d0aa88679e879c11187a8966ac",5,0.282806226800686
"30a6f6d0aa88679e879c11187a8966ac",5.5,0.293433808971033
"30a6f6d0aa88679e879c11187a8966ac",6,0.310512027807492
"30a6f6d0aa88679e879c11187a8966ac",6.5,0.334577636395547
"30a6f6d0aa88679e879c11187a8966ac",7,0.366256275507976
"30a6f6d0aa88679e879c11187a8966ac",7.5,0.406125694987589
"30a6f6d0aa88679e879c11187a8966ac",8,0.454499569064654
"30a6f6d0aa88679e879c11187a8966ac",8.5,0.511129715169963
"30a6f6d0aa88679e879c11187a8966ac",9,0.574869095252041
"30a6f6d0aa88679e879c11187a8966ac",9.5,0.643411002181504
"30a6f6d0aa88679e879c11187a8966ac",10,0.713289151881815
"09a4daa4de42df59da7065a016efec93",0,0.723811944535757
"09a4daa4de42df59da7065a016efec93",0.5,0.703369541250687
"09a4daa4de42df59da7065a016efec93",1,0.685571995826269
"09a4daa4de42df59da7065a016efec93",1.5,0.670780563126416
"09a4daa4de42df59da7065a016efec93",2,0.659265066861037
"09a4daa4de42df59da7065a016efec93",2.5,0.651215199190327
"09a4daa4de42df59da7065a016efec93",3,0.646752529363545
"09a4daa4de42df59da7065a016efec93",3.5,0.64594044246829
"09a4daa4de42df59da7065a016efec93",4,0.648790161397309
"09a4daa4de42df59da7065a016efec93",4.5,0.655261880366778
"09a4daa4de42df59da7065a016efec93",5,0.665260837925219
"09a4daa4de42df59da7065a016efec93",5.5,0.678628939866944
"09a4daa4de42df59da7065a016efec93",6,0.695133380492927
"09a4daa4de42df59da7065a016efec93",6.5,0.714454627245197
"09a4daa4de42df59da7065a016efec93",7,0.73617704204542
"09a4daa4de42df59da7065a016efec93",7.5,0.759786074606038
"09a4daa4de42df59da7065a016efec93",8,0.784675999556211
"09a4daa4de42df59da7065a016efec93",8.5,0.810171165049301
"09a4daa4de42df59da7065a016efec93",9,0.835561440214239
"09a4daa4de42df59da7065a016efec93",9.5,0.860149206508784
"09a4daa4de42df59da7065a016efec93",10,0.883301657999277
"8ba37f691cb03f9c50198ff1fa490cbc",0,0.06779872741542
"8ba37f691cb03f9c50198ff1fa490cbc",0.5,0.0814568815901602
"8ba37f691cb03f9c50198ff1fa490cbc",1,0.0974678467457412
"8ba37f691cb03f9c50198ff1fa490cbc",1.5,0.11608219593278
"8ba37f691cb03f9c50198ff1fa490cbc",2,0.137521949607847
"8ba37f691cb03f9c50198ff1fa490cbc",2.5,0.161960272597142
"8ba37f691cb03f9c50198ff1fa490cbc",3,0.189500159490742
"8ba37f691cb03f9c50198ff1fa490cbc",3.5,0.220154717393632
"8ba37f691cb03f9c50198ff1fa490cbc",4,0.253832112315162
"8ba37f691cb03f9c50198ff1fa490cbc",4.5,0.29032805016268
"8ba37f691cb03f9c50198ff1fa490cbc",5,0.329327673162153
"8ba37f691cb03f9c50198ff1fa490cbc",5.5,0.370417104812518
"8ba37f691cb03f9c50198ff1fa490cbc",6,0.413103013323195
"8ba37f691cb03f9c50198ff1fa490cbc",6.5,0.456837098996556
"8ba37f691cb03f9c50198ff1fa490cbc",7,0.501041875189051
"8ba37f691cb03f9c50198ff1fa490cbc",7.5,0.545134692362503
"8ba37f691cb03f9c50198ff1fa490cbc",8,0.588548373162672
"8ba37f691cb03f9c50198ff1fa490cbc",8.5,0.630748438172949
"8ba37f691cb03f9c50198ff1fa490cbc",9,0.671247981536434
"8ba37f691cb03f9c50198ff1fa490cbc",9.5,0.709621350254224
"8ba37f691cb03f9c50198ff1fa490cbc",10,0.745516947230872
"8e6b7c5ecf2372fce1b1718d63354ceb",0,0.464420003898741
"8e6b7c5ecf2372fce1b1718d63354ceb",0.5,0.384591855202641
"8e6b7c5ecf2372fce1b1718d63354ceb",1,0.316297511782107
"8e6b7c5ecf2372fce1b1718d63354ceb",1.5,0.264317244574377
"8e6b7c5ecf2372fce1b1718d63354ceb",2,0.22946863804009
"8e6b7c5ecf2372fce1b1718d63354ceb",2.5,0.210481956819208
"8e6b7c5ecf2372fce1b1718d63354ceb",3,0.205981283179235
"8e6b7c5ecf2372fce1b1718d63354ceb",3.5,0.21556787489408
"8e6b7c5ecf2372fce1b1718d63354ceb",4,0.240057525844198
"8e6b7c5ecf2372fce1b1718d63354ceb",4.5,0.28096355415515
"8e6b7c5ecf2372fce1b1718d63354ceb",5,0.339067930837518
"8e6b7c5ecf2372fce1b1718d63354ceb",5.5,0.4122757853432
"8e6b7c5ecf2372fce1b1718d63354ceb",6,0.494330056204673
"8e6b7c5ecf2372fce1b1718d63354ceb",6.5,0.576874645288342
"8e6b7c5ecf2372fce1b1718d63354ceb",7,0.655565641232871
"8e6b7c5ecf2372fce1b1718d63354ceb",7.5,0.735290673305968
"8e6b7c5ecf2372fce1b1718d63354ceb",8,0.823486465582128
"8e6b7c5ecf2372fce1b1718d63354ceb",8.5,0.910690791567773
"8e6b7c5ecf2372fce1b1718d63354ceb",9,0.968320346950771
"8e6b7c5ecf2372fce1b1718d63354ceb",9.5,0.991558680138321
"8e6b7c5ecf2372fce1b1718d63354ceb",10,0.998127282805644
"c3d5d225d13f1dee5d28b269b2a3e610",0,0.849721299041793
"c3d5d225d13f1dee5d28b269b2a3e610",0.5,0.841474602414729
"c3d5d225d13f1dee5d28b269b2a3e610",1,0.834582532209104
"c3d5d225d13f1dee5d28b269b2a3e610",1.5,0.829213202753672
"c3d5d225d13f1dee5d28b269b2a3e610",2,0.825496354260441
"c3d5d225d13f1dee5d28b269b2a3e610",2.5,0.823521027653618
"c3d5d225d13f1dee5d28b269b2a3e610",3,0.823334257238576
"c3d5d225d13f1dee5d28b269b2a3e610",3.5,0.824940479332189
"c3d5d225d13f1dee5d28b269b2a3e610",4,0.828301480110002
"c3d5d225d13f1dee5d28b269b2a3e610",4.5,0.8333368653855
"c3d5d225d13f1dee5d28b269b2a3e610",5,0.839925197740319
"c3d5d225d13f1dee5d28b269b2a3e610",5.5,0.847906081216313
"c3d5d225d13f1dee5d28b269b2a3e610",6,0.857083550374737
"c3d5d225d13f1dee5d28b269b2a3e610",6.5,0.867231112105572
"c3d5d225d13f1dee5d28b269b2a3e610",7,0.878098677132369
"c3d5d225d13f1dee5d28b269b2a3e610",7.5,0.889421402179496
"c3d5d225d13f1dee5d28b269b2a3e610",8,0.900930165688932
"c3d5d225d13f1dee5d28b269b2a3e610",8.5,0.912363069392612
"c3d5d225d13f1dee5d28b269b2a3e610",9,0.923477066368869
"c3d5d225d13f1dee5d28b269b2a3e610",9.5,0.934058640921707
"c3d5d225d13f1dee5d28b269b2a3e610",10,0.943932467140275
"86d80008f392e9bf1a57af4d4126c538",0,0.937960453143137
"86d80008f392e9bf1a57af4d4126c538",0.5,0.91985017004228
"86d80008f392e9bf1a57af4d4126c538",1,0.900429439508099
"86d80008f392e9bf1a57af4d4126c538",1.5,0.880887048961637
"86d80008f392e9bf1a57af4d4126c538",2,0.862557181781108
"86d80008f392e9bf1a57af4d4126c538",2.5,0.846750724598676
"86d80008f392e9bf1a57af4d4126c538",3,0.834608310594899
"86d80008f392e9bf1a57af4d4126c538",3.5,0.826997167191342
"86d80008f392e9bf1a57af4d4126c538",4,0.824452520332231
"86d80008f392e9bf1a57af4d4126c538",4.5,0.827151455543288
"86d80008f392e9bf1a57af4d4126c538",5,0.834906118105948
"86d80008f392e9bf1a57af4d4126c538",5.5,0.847170956967255
"86d80008f392e9bf1a57af4d4126c538",6,0.863069614482882
"86d80008f392e9bf1a57af4d4126c538",6.5,0.881454701123175
"86d80008f392e9bf1a57af4d4126c538",7,0.901012347014717
"86d80008f392e9bf1a57af4d4126c538",7.5,0.920410231328306
"86d80008f392e9bf1a57af4d4126c538",8,0.93846636142088
"86d80008f392e9bf1a57af4d4126c538",8.5,0.954297639798191
"86d80008f392e9bf1a57af4d4126c538",9,0.967405871063482
"86d80008f392e9bf1a57af4d4126c538",9.5,0.977679090362073
"86d80008f392e9bf1a57af4d4126c538",10,0.985317589690544
"16989be5fac814f2ac4685a2e898f926",0,0.971858436607213
"16989be5fac814f2ac4685a2e898f926",0.5,0.959430825999292
"16989be5fac814f2ac4685a2e898f926",1,0.943298078137567
"16989be5fac814f2ac4685a2e898f926",1.5,0.923205772486126
"16989be5fac814f2ac4685a2e898f926",2,0.89920073242995
"16989be5fac814f2ac4685a2e898f926",2.5,0.871659820681417
"16989be5fac814f2ac4685a2e898f926",3,0.841259370835058
"16989be5fac814f2ac4685a2e898f926",3.5,0.808900481900452
"16989be5fac814f2ac4685a2e898f926",4,0.775614496501725
"16989be5fac814f2ac4685a2e898f926",4.5,0.742469258013416
"16989be5fac814f2ac4685a2e898f926",5,0.710488720167422
"16989be5fac814f2ac4685a2e898f926",5.5,0.68059242290201
"16989be5fac814f2ac4685a2e898f926",6,0.653557687869056
"16989be5fac814f2ac4685a2e898f926",6.5,0.630004350525616
"16989be5fac814f2ac4685a2e898f926",7,0.610398787577193
"16989be5fac814f2ac4685a2e898f926",7.5,0.595071578777456
"16989be5fac814f2ac4685a2e898f926",8,0.584242088596819
"16989be5fac814f2ac4685a2e898f926",8.5,0.578043628821431
"16989be5fac814f2ac4685a2e898f926",9,0.576544174381291
"16989be5fac814f2ac4685a2e898f926",9.5,0.579759243132464
"16989be5fac814f2ac4685a2e898f926",10,0.587655118224901
"8e03dfd5f98fe1ce5837a0659174478d",0,0.269898496000221
"8e03dfd5f98fe1ce5837a0659174478d",0.5,0.30447700217422
"8e03dfd5f98fe1ce5837a0659174478d",1,0.335892976836104
"8e03dfd5f98fe1ce5837a0659174478d",1.5,0.363135002237865
"8e03dfd5f98fe1ce5837a0659174478d",2,0.385470642625634
"8e03dfd5f98fe1ce5837a0659174478d",2.5,0.402411527583046
"8e03dfd5f98fe1ce5837a0659174478d",3,0.413659217515364
"8e03dfd5f98fe1ce5837a0659174478d",3.5,0.419051179165509
"8e03dfd5f98fe1ce5837a0659174478d",4,0.418519777784951
"8e03dfd5f98fe1ce5837a0659174478d",4.5,0.41207138063246
"8e03dfd5f98fe1ce5837a0659174478d",5,0.399788448922881
"8e03dfd5f98fe1ce5837a0659174478d",5.5,0.381854351095074
"8e03dfd5f98fe1ce5837a0659174478d",6,0.358597371907877
"8e03dfd5f98fe1ce5837a0659174478d",6.5,0.330545895054041
"8e03dfd5f98fe1ce5837a0659174478d",7,0.298480686307115
"8e03dfd5f98fe1ce5837a0659174478d",7.5,0.263463941578747
"8e03dfd5f98fe1ce5837a0659174478d",8,0.226821851114743
"8e03dfd5f98fe1ce5837a0659174478d",8.5,0.190062881790921
"8e03dfd5f98fe1ce5837a0659174478d",9,0.154731123776081
"8e03dfd5f98fe1ce5837a0659174478d",9.5,0.1222198138042
"8e03dfd5f98fe1ce5837a0659174478d",10,0.0935928766663332
"4ea416696b8274c8ca1c6af6b2c45bd1",0,0.314573018577616
"4ea416696b8274c8ca1c6af6b2c45bd1",0.5,0.323280628124544
"4ea416696b8274c8ca1c6af6b2c45bd1",1,0.330733901347686
"4ea416696b8274c8ca1c6af6b2c45bd1",1.5,0.336882109599695
"4ea416696b8274c8ca1c6af6b2c45bd1",2,0.341685642630789
"4ea416696b8274c8ca1c6af6b2c45bd1",2.5,0.345114992620441
"4ea416696b8274c8ca1c6af6b2c45bd1",3,0.347149878623593
"4ea416696b8274c8ca1c6af6b2c45bd1",3.5,0.347778579217111
"4ea416696b8274c8ca1c6af6b2c45bd1",4,0.346997520339819
"4ea416696b8274c8ca1c6af6b2c45bd1",4.5,0.344811145560093
"4ea416696b8274c8ca1c6af6b2c45bd1",5,0.341232077078487
"4ea416696b8274c8ca1c6af6b2c45bd1",5.5,0.336281557136913
"4ea416696b8274c8ca1c6af6b2c45bd1",6,0.329990140511362
"4ea416696b8274c8ca1c6af6b2c45bd1",6.5,0.322398588895474
"4ea416696b8274c8ca1c6af6b2c45bd1",7,0.31355889708814
"4ea416696b8274c8ca1c6af6b2c45bd1",7.5,0.303535359422494
"4ea416696b8274c8ca1c6af6b2c45bd1",8,0.292405564037647
"4ea416696b8274c8ca1c6af6b2c45bd1",8.5,0.280261184513223
"4ea416696b8274c8ca1c6af6b2c45bd1",9,0.267208426046352
"4ea416696b8274c8ca1c6af6b2c45bd1",9.5,0.25336798038792
"4ea416696b8274c8ca1c6af6b2c45bd1",10,0.238874353979515
"f1a61c274d5c9c058410aef11e92a4c9",0,0.544561673775192
"f1a61c274d5c9c058410aef11e92a4c9",0.5,0.51117292353682
"f1a61c274d5c9c058410aef11e92a4c9",1,0.481696214206828
"f1a61c274d5c9c058410aef11e92a4c9",1.5,0.456329023089735
"f1a61c274d5c9c058410aef11e92a4c9",2,0.435129754419491
"f1a61c274d5c9c058410aef11e92a4c9",2.5,0.41806718214989
"f1a61c274d5c9c058410aef11e92a4c9",3,0.405063390273558
"f1a61c274d5c9c058410aef11e92a4c9",3.5,0.396027718433001
"f1a61c274d5c9c058410aef11e92a4c9",4,0.390881451924829
"f1a61c274d5c9c058410aef11e92a4c9",4.5,0.389574067858995
"f1a61c274d5c9c058410aef11e92a4c9",5,0.392092078554074
"f1a61c274d5c9c058410aef11e92a4c9",5.5,0.398461225914477
"f1a61c274d5c9c058410aef11e92a4c9",6,0.408742235759905
"f1a61c274d5c9c058410aef11e92a4c9",6.5,0.423019735840419
"f1a61c274d5c9c058410aef11e92a4c9",7,0.44138345432592
"f1a61c274d5c9c058410aef11e92a4c9",7.5,0.463900659923928
"f1a61c274d5c9c058410aef11e92a4c9",8,0.490579263371383
"f1a61c274d5c9c058410aef11e92a4c9",8.5,0.521322409972181
"f1a61c274d5c9c058410aef11e92a4c9",9,0.555878028768539
"f1a61c274d5c9c058410aef11e92a4c9",9.5,0.593790615403628
"f1a61c274d5c9c058410aef11e92a4c9",10,0.634366753586994
"107dbe79f6b760c87d5e6b75a77a95cb",0,0.33803730631137
"107dbe79f6b760c87d5e6b75a77a95cb",0.5,0.343383112886861
"107dbe79f6b760c87d5e6b75a77a95cb",1,0.347654748024129
"107dbe79f6b760c87d5e6b75a77a95cb",1.5,0.350832401235133
"107dbe79f6b760c87d5e6b75a77a95cb",2,0.35290185788439
"107dbe79f6b760c87d5e6b75a77a95cb",2.5,0.353854102512476
"107dbe79f6b760c87d5e6b75a77a95cb",3,0.3536850511951
"107dbe79f6b760c87d5e6b75a77a95cb",3.5,0.352395425974068
"107dbe79f6b760c87d5e6b75a77a95cb",4,0.349990777259579
"107dbe79f6b760c87d5e6b75a77a95cb",4.5,0.346481653161241
"107dbe79f6b760c87d5e6b75a77a95cb",5,0.341883907727568
"107dbe79f6b760c87d5e6b75a77a95cb",5.5,0.336219132838661
"107dbe79f6b760c87d5e6b75a77a95cb",6,0.329515190845943
"107dbe79f6b760c87d5e6b75a77a95cb",6.5,0.321806816946971
"107dbe79f6b760c87d5e6b75a77a95cb",7,0.313136251854743
"107dbe79f6b760c87d5e6b75a77a95cb",7.5,0.303553856920645
"107dbe79f6b760c87d5e6b75a77a95cb",8,0.293118656099671
"107dbe79f6b760c87d5e6b75a77a95cb",8.5,0.281898742865139
"107dbe79f6b760c87d5e6b75a77a95cb",9,0.269971486472711
"107dbe79f6b760c87d5e6b75a77a95cb",9.5,0.257423472066034
"107dbe79f6b760c87d5e6b75a77a95cb",10,0.244350114230866
"66c8da676b47580940c2e1583707b2ff",0,0.270590254791106
"66c8da676b47580940c2e1583707b2ff",0.5,0.265653293699393
"66c8da676b47580940c2e1583707b2ff",1,0.262924824090263
"66c8da676b47580940c2e1583707b2ff",1.5,0.26236273790447
"66c8da676b47580940c2e1583707b2ff",2,0.263958278764476
"66c8da676b47580940c2e1583707b2ff",2.5,0.267736229916463
"66c8da676b47580940c2e1583707b2ff",3,0.273754370087756
"66c8da676b47580940c2e1583707b2ff",3.5,0.282102054771072
"66c8da676b47580940c2e1583707b2ff",4,0.292897584069354
"66c8da676b47580940c2e1583707b2ff",4.5,0.306283817261226
"66c8da676b47580940c2e1583707b2ff",5,0.322421298871028
"66c8da676b47580940c2e1583707b2ff",5.5,0.341478000709542
"66c8da676b47580940c2e1583707b2ff",6,0.363614717110696
"66c8da676b47580940c2e1583707b2ff",6.5,0.38896527044253
"66c8da676b47580940c2e1583707b2ff",7,0.417611119595244
"66c8da676b47580940c2e1583707b2ff",7.5,0.449550856937867
"66c8da676b47580940c2e1583707b2ff",8,0.484666526181432
"66c8da676b47580940c2e1583707b2ff",8.5,0.52269064670935
"66c8da676b47580940c2e1583707b2ff",9,0.563179968411826
"66c8da676b47580940c2e1583707b2ff",9.5,0.605503618613622
"66c8da676b47580940c2e1583707b2ff",10,0.648853443528481
"2ea5e2af535193cd5ee01d634291af6b",0,0.624636402082007
"2ea5e2af535193cd5ee01d634291af6b",0.5,0.589357925866615
"2ea5e2af535193cd5ee01d634291af6b",1,0.557652657260495
"2ea5e2af535193cd5ee01d634291af6b",1.5,0.530020930552564
"2ea5e2af535193cd5ee01d634291af6b",2,0.506763569692107
"2ea5e2af535193cd5ee01d634291af6b",2.5,0.488031433126851
"2ea5e2af535193cd5ee01d634291af6b",3,0.473876334306856
"2ea5e2af535193cd5ee01d634291af6b",3.5,0.464295758030555
"2ea5e2af535193cd5ee01d634291af6b",4,0.459267602738411
"2ea5e2af535193cd5ee01d634291af6b",4.5,0.458773687562134
"2ea5e2af535193cd5ee01d634291af6b",5,0.462811982598183
"2ea5e2af535193cd5ee01d634291af6b",5.5,0.471397804278627
"2ea5e2af535193cd5ee01d634291af6b",6,0.484554009333076
"2ea5e2af535193cd5ee01d634291af6b",6.5,0.502289964535012
"2ea5e2af535193cd5ee01d634291af6b",7,0.524569207169837
"2ea5e2af535193cd5ee01d634291af6b",7.5,0.551266690781912
"2ea5e2af535193cd5ee01d634291af6b",8,0.582118720178895
"2ea5e2af535193cd5ee01d634291af6b",8.5,0.616672235340818
"2ea5e2af535193cd5ee01d634291af6b",9,0.654244478968716
"2ea5e2af535193cd5ee01d634291af6b",9.5,0.693907719104437
"2ea5e2af535193cd5ee01d634291af6b",10,0.734513999432824
"df2fadb416f9b62e708aded091f8e5de",0,0.35375452766607
"df2fadb416f9b62e708aded091f8e5de",0.5,0.346076737985071
"df2fadb416f9b62e708aded091f8e5de",1,0.340318596265924
"df2fadb416f9b62e708aded091f8e5de",1.5,0.336437570241944
"df2fadb416f9b62e708aded091f8e5de",2,0.334403578863246
"df2fadb416f9b62e708aded091f8e5de",2.5,0.334200407576171
"df2fadb416f9b62e708aded091f8e5de",3,0.335826419868007
"df2fadb416f9b62e708aded091f8e5de",3.5,0.33929462717953
"df2fadb416f9b62e708aded091f8e5de",4,0.344632123457002
"df2fadb416f9b62e708aded091f8e5de",4.5,0.351878834495807
"df2fadb416f9b62e708aded091f8e5de",5,0.361085478555892
"df2fadb416f9b62e708aded091f8e5de",5.5,0.372310587321641
"df2fadb416f9b62e708aded091f8e5de",6,0.38561640123015
"df2fadb416f9b62e708aded091f8e5de",6.5,0.401063439955656
"df2fadb416f9b62e708aded091f8e5de",7,0.418703570929873
"df2fadb416f9b62e708aded091f8e5de",7.5,0.438571473586552
"df2fadb416f9b62e708aded091f8e5de",8,0.460674543912349
"df2fadb416f9b62e708aded091f8e5de",8.5,0.484981519605229
"df2fadb416f9b62e708aded091f8e5de",9,0.511410436602665
"df2fadb416f9b62e708aded091f8e5de",9.5,0.539816936295887
"df2fadb416f9b62e708aded091f8e5de",10,0.569984376997543
"2044ce9f171b6d12ebe53998d1faf994",0,0.336455438246913
"2044ce9f171b6d12ebe53998d1faf994",0.5,0.335984751947033
"2044ce9f171b6d12ebe53998d1faf994",1,0.336146208924663
"2044ce9f171b6d12ebe53998d1faf994",1.5,0.336940256796053
"2044ce9f171b6d12ebe53998d1faf994",2,0.33836908721953
"2044ce9f171b6d12ebe53998d1faf994",2.5,0.340436603104643
"2044ce9f171b6d12ebe53998d1faf994",3,0.343148358627412
"2044ce9f171b6d12ebe53998d1faf994",3.5,0.346511470230826
"2044ce9f171b6d12ebe53998d1faf994",4,0.350534496021741
"2044ce9f171b6d12ebe53998d1faf994",4.5,0.355227280257738
"2044ce9f171b6d12ebe53998d1faf994",5,0.360600758977231
"2044ce9f171b6d12ebe53998d1faf994",5.5,0.366666722298798
"2044ce9f171b6d12ebe53998d1faf994",6,0.373437528548643
"2044ce9f171b6d12ebe53998d1faf994",6.5,0.380925765227172
"2044ce9f171b6d12ebe53998d1faf994",7,0.389143851969759
"2044ce9f171b6d12ebe53998d1faf994",7.5,0.398103581178261
"2044ce9f171b6d12ebe53998d1faf994",8,0.407815592995029
"2044ce9f171b6d12ebe53998d1faf994",8.5,0.418288782863259
"2044ce9f171b6d12ebe53998d1faf994",9,0.429529642168249
"2044ce9f171b6d12ebe53998d1faf994",9.5,0.441541535473724
"2044ce9f171b6d12ebe53998d1faf994",10,0.45432392171771
"f07a4576924650fd9a66f728a9453690",0,0.496507939044067
"f07a4576924650fd9a66f728a9453690",0.5,0.512750484463196
"f07a4576924650fd9a66f728a9453690",1,0.526069503107973
"f07a4576924650fd9a66f728a9453690",1.5,0.536463063469825
"f07a4576924650fd9a66f728a9453690",2,0.543943704519432
"f07a4576924650fd9a66f728a9453690",2.5,0.548528057883001
"f07a4576924650fd9a66f728a9453690",3,0.550229453539686
"f07a4576924650fd9a66f728a9453690",3.5,0.549053443875014
"f07a4576924650fd9a66f728a9453690",4,0.544996156134323
"f07a4576924650fd9a66f728a9453690",4.5,0.538045430363484
"f07a4576924650fd9a66f728a9453690",5,0.528184773044956
"f07a4576924650fd9a66f728a9453690",5.5,0.515400211771586
"f07a4576924650fd9a66f728a9453690",6,0.499690128173853
"f07a4576924650fd9a66f728a9453690",6.5,0.481078026885112
"f07a4576924650fd9a66f728a9453690",7,0.459627919980405
"f07a4576924650fd9a66f728a9453690",7.5,0.435461533367165
"f07a4576924650fd9a66f728a9453690",8,0.408775872656672
"f07a4576924650fd9a66f728a9453690",8.5,0.379858886281037
"f07a4576924650fd9a66f728a9453690",9,0.349100197987473
"f07a4576924650fd9a66f728a9453690",9.5,0.316993427591191
"f07a4576924650fd9a66f728a9453690",10,0.284126832668389
"54da24a2f7439e9ccfcecb9c0ffab1c3",0,0.455580617492162
"54da24a2f7439e9ccfcecb9c0ffab1c3",0.5,0.426227006314174
"54da24a2f7439e9ccfcecb9c0ffab1c3",1,0.40068861143727
"54da24a2f7439e9ccfcecb9c0ffab1c3",1.5,0.378916744043691
"54da24a2f7439e9ccfcecb9c0ffab1c3",2,0.360796001567974
"54da24a2f7439e9ccfcecb9c0ffab1c3",2.5,0.346179437561143
"54da24a2f7439e9ccfcecb9c0ffab1c3",3,0.334915712994835
"54da24a2f7439e9ccfcecb9c0ffab1c3",3.5,0.326868802419022
"54da24a2f7439e9ccfcecb9c0ffab1c3",4,0.321931479503094
"54da24a2f7439e9ccfcecb9c0ffab1c3",4.5,0.320033906992548
"54da24a2f7439e9ccfcecb9c0ffab1c3",5,0.321148438837342
"54da24a2f7439e9ccfcecb9c0ffab1c3",5.5,0.325291366668127
"54da24a2f7439e9ccfcecb9c0ffab1c3",6,0.332521900789987
"54da24a2f7439e9ccfcecb9c0ffab1c3",6.5,0.342938214722666
"54da24a2f7439e9ccfcecb9c0ffab1c3",7,0.356669931980529
"54da24a2f7439e9ccfcecb9c0ffab1c3",7.5,0.373866034389491
"54da24a2f7439e9ccfcecb9c0ffab1c3",8,0.394676900564806
"54da24a2f7439e9ccfcecb9c0ffab1c3",8.5,0.419229181543405
"54da24a2f7439e9ccfcecb9c0ffab1c3",9,0.447592703048507
"54da24a2f7439e9ccfcecb9c0ffab1c3",9.5,0.479739816936659
"54da24a2f7439e9ccfcecb9c0ffab1c3",10,0.515499831577246
"c38403f439beaf4f8ac6572ea9e65fc6",0,0.39544920777651
"c38403f439beaf4f8ac6572ea9e65fc6",0.5,0.364729078298356
"c38403f439beaf4f8ac6572ea9e65fc6",1,0.339194791602273
"c38403f439beaf4f8ac6572ea9e65fc6",1.5,0.318558331916541
"c38403f439beaf4f8ac6572ea9e65fc6",2,0.302497278851356
"c38403f439beaf4f8ac6572ea9e65fc6",2.5,0.290707739462928
"c38403f439beaf4f8ac6572ea9e65fc6",3,0.282938567252633
"c38403f439beaf4f8ac6572ea9e65fc6",3.5,0.279011849192278
"c38403f439beaf4f8ac6572ea9e65fc6",4,0.278834043989011
"c38403f439beaf4f8ac6572ea9e65fc6",4.5,0.282400859614877
"c38403f439beaf4f8ac6572ea9e65fc6",5,0.289797461940981
"c38403f439beaf4f8ac6572ea9e65fc6",5.5,0.301194086808185
"c38403f439beaf4f8ac6572ea9e65fc6",6,0.316835608529811
"c38403f439beaf4f8ac6572ea9e65fc6",6.5,0.337022115361126
"c38403f439beaf4f8ac6572ea9e65fc6",7,0.362076213028916
"c38403f439beaf4f8ac6572ea9e65fc6",7.5,0.392292079695444
"c38403f439beaf4f8ac6572ea9e65fc6",8,0.427862142973195
"c38403f439beaf4f8ac6572ea9e65fc6",8.5,0.468781014539613
"c38403f439beaf4f8ac6572ea9e65fc6",9,0.514734398875836
"c38403f439beaf4f8ac6572ea9e65fc6",9.5,0.564993281816144
"c38403f439beaf4f8ac6572ea9e65fc6",10,0.618347772775197
"eabca4cf5628c7849ac574f0cc5e3581",0,0.50683692935785
"eabca4cf5628c7849ac574f0cc5e3581",0.5,0.515304757840683
"eabca4cf5628c7849ac574f0cc5e3581",1,0.52260596293699
"eabca4cf5628c7849ac574f0cc5e3581",1.5,0.528741136185157
"eabca4cf5628c7849ac574f0cc5e3581",2,0.533712687429474
"eabca4cf5628c7849ac574f0cc5e3581",2.5,0.537523849238746
"eabca4cf5628c7849ac574f0cc5e3581",3,0.540177874207435
"eabca4cf5628c7849ac574f0cc5e3581",3.5,0.541677423757662
"eabca4cf5628c7849ac574f0cc5e3581",4,0.542024145297886
"eabca4cf5628c7849ac574f0cc5e3581",4.5,0.541218434491168
"eabca4cf5628c7849ac574f0cc5e3581",5,0.539259380418167
"eabca4cf5628c7849ac574f0cc5e3581",5.5,0.536144893083991
"eabca4cf5628c7849ac574f0cc5e3581",6,0.531872014526743
"eabca4cf5628c7849ac574f0cc5e3581",6.5,0.526437416256971
"eabca4cf5628c7849ac574f0cc5e3581",7,0.519838086399048
"eabca4cf5628c7849ac574f0cc5e3581",7.5,0.512072209205498
"eabca4cf5628c7849ac574f0cc5e3581",8,0.503140237042563
"eabca4cf5628c7849ac574f0cc5e3581",8.5,0.493046149968066
"eabca4cf5628c7849ac574f0cc5e3581",9,0.48179889015147
"eabca4cf5628c7849ac574f0cc5e3581",9.5,0.469413947247784
"eabca4cf5628c7849ac574f0cc5e3581",10,0.455915056283343
"9fb92bceb65a98a44413627366db6a5f",0,0.102342465835218
"9fb92bceb65a98a44413627366db6a5f",0.5,0.150745982184065
"9fb92bceb65a98a44413627366db6a5f",1,0.205664479439222
"9fb92bceb65a98a44413627366db6a5f",1.5,0.26185316336801
"9fb92bceb65a98a44413627366db6a5f",2,0.314032723791529
"9fb92bceb65a98a44413627366db6a5f",2.5,0.358036766227781
"9fb92bceb65a98a44413627366db6a5f",3,0.391157534629536
"9fb92bceb65a98a44413627366db6a5f",3.5,0.411916791100188
"9fb92bceb65a98a44413627366db6a5f",4,0.419647178882445
"9fb92bceb65a98a44413627366db6a5f",4.5,0.414152282986811
"9fb92bceb65a98a44413627366db6a5f",5,0.395568796889771
"9fb92bceb65a98a44413627366db6a5f",5.5,0.364465039391486
"9fb92bceb65a98a44413627366db6a5f",6,0.322152177162065
"9fb92bceb65a98a44413627366db6a5f",6.5,0.27110390103872
"9fb92bceb65a98a44413627366db6a5f",7,0.215243275726158
"9fb92bceb65a98a44413627366db6a5f",7.5,0.159720326382025
"9fb92bceb65a98a44413627366db6a5f",8,0.109894897096801
"9fb92bceb65a98a44413627366db6a5f",8.5,0.0697795647834937
"9fb92bceb65a98a44413627366db6a5f",9,0.0408612597486051
"9fb92bceb65a98a44413627366db6a5f",9.5,0.0221253398231352
"9fb92bceb65a98a44413627366db6a5f",10,0.0111261530250298
"5728075f67a49815b4a412abc1f7cec5",0,0.417283265876965
"5728075f67a49815b4a412abc1f7cec5",0.5,0.330763280342633
"5728075f67a49815b4a412abc1f7cec5",1,0.261895190161813
"5728075f67a49815b4a412abc1f7cec5",1.5,0.209826197280775
"5728075f67a49815b4a412abc1f7cec5",2,0.172058965432325
"5728075f67a49815b4a412abc1f7cec5",2.5,0.145734185360162
"5728075f67a49815b4a412abc1f7cec5",3,0.128362980392246
"5728075f67a49815b4a412abc1f7cec5",3.5,0.118109903039825
"5728075f67a49815b4a412abc1f7cec5",4,0.113833630332854
"5728075f67a49815b4a412abc1f7cec5",4.5,0.115048078668631
"5728075f67a49815b4a412abc1f7cec5",5,0.121891816750005
"5728075f67a49815b4a412abc1f7cec5",5.5,0.135137615702929
"5728075f67a49815b4a412abc1f7cec5",6,0.15623346367937
"5728075f67a49815b4a412abc1f7cec5",6.5,0.187321038319447
"5728075f67a49815b4a412abc1f7cec5",7,0.231111477171562
"5728075f67a49815b4a412abc1f7cec5",7.5,0.290426331594387
"5728075f67a49815b4a412abc1f7cec5",8,0.367217140897927
"5728075f67a49815b4a412abc1f7cec5",8.5,0.461088110819332
"5728075f67a49815b4a412abc1f7cec5",9,0.567769924974059
"5728075f67a49815b4a412abc1f7cec5",9.5,0.678462110037483
"5728075f67a49815b4a412abc1f7cec5",10,0.781264388123293
"3e4d980cf0ebd0d996bb36013b4daa02",0,0.710455232709149
"3e4d980cf0ebd0d996bb36013b4daa02",0.5,0.608055661723693
"3e4d980cf0ebd0d996bb36013b4daa02",1,0.510399130239101
"3e4d980cf0ebd0d996bb36013b4daa02",1.5,0.425327820087655
"3e4d980cf0ebd0d996bb36013b4daa02",2,0.356388845001077
"3e4d980cf0ebd0d996bb36013b4daa02",2.5,0.303881748240554
"3e4d980cf0ebd0d996bb36013b4daa02",3,0.266399137333807
"3e4d980cf0ebd0d996bb36013b4daa02",3.5,0.242065429583576
"3e4d980cf0ebd0d996bb36013b4daa02",4,0.229282373555001
"3e4d980cf0ebd0d996bb36013b4daa02",4.5,0.227093768740693
"3e4d980cf0ebd0d996bb36013b4daa02",5,0.235328031265317
"3e4d980cf0ebd0d996bb36013b4daa02",5.5,0.254618812619862
"3e4d980cf0ebd0d996bb36013b4daa02",6,0.286321562440785
"3e4d980cf0ebd0d996bb36013b4daa02",6.5,0.332259724859982
"3e4d980cf0ebd0d996bb36013b4daa02",7,0.394160463002486
"3e4d980cf0ebd0d996bb36013b4daa02",7.5,0.4726262752729
"3e4d980cf0ebd0d996bb36013b4daa02",8,0.565664697370021
"3e4d980cf0ebd0d996bb36013b4daa02",8.5,0.667291928446987
"3e4d980cf0ebd0d996bb36013b4daa02",9,0.767369034843531
"3e4d980cf0ebd0d996bb36013b4daa02",9.5,0.854038675099563
"3e4d980cf0ebd0d996bb36013b4daa02",10,0.918716970931592
"f08ad085ef850c4333bfcee425a333c6",0,0.184780149898499
"f08ad085ef850c4333bfcee425a333c6",0.5,0.264329226561811
"f08ad085ef850c4333bfcee425a333c6",1,0.346193474914957
"f08ad085ef850c4333bfcee425a333c6",1.5,0.422082121100698
"f08ad085ef850c4333bfcee425a333c6",2,0.486370248540727
"f08ad085ef850c4333bfcee425a333c6",2.5,0.536243043035014
"f08ad085ef850c4333bfcee425a333c6",3,0.57086539245869
"f08ad085ef850c4333bfcee425a333c6",3.5,0.59038146523039
"f08ad085ef850c4333bfcee425a333c6",4,0.595139957750993
"f08ad085ef850c4333bfcee425a333c6",4.5,0.585255423745882
"f08ad085ef850c4333bfcee425a333c6",5,0.560502889675338
"f08ad085ef850c4333bfcee425a333c6",5.5,0.520537654452134
"f08ad085ef850c4333bfcee425a333c6",6,0.465453812063197
"f08ad085ef850c4333bfcee425a333c6",6.5,0.396660953264998
"f08ad085ef850c4333bfcee425a333c6",7,0.317890337888507
"f08ad085ef850c4333bfcee425a333c6",7.5,0.235795192782375
"f08ad085ef850c4333bfcee425a333c6",8,0.159234419895385
"f08ad085ef850c4333bfcee425a333c6",8.5,0.0966083902815649
"f08ad085ef850c4333bfcee425a333c6",9,0.0523480254921214
"f08ad085ef850c4333bfcee425a333c6",9.5,0.0254140520992571
"f08ad085ef850c4333bfcee425a333c6",10,0.0111609420348233
"97d710f69695594d82e0edf625b11998",0,0.209217251175361
"97d710f69695594d82e0edf625b11998",0.5,0.307445959209123
"97d710f69695594d82e0edf625b11998",1,0.406549182532716
"97d710f69695594d82e0edf625b11998",1.5,0.495533611839241
"97d710f69695594d82e0edf625b11998",2,0.568153336832754
"97d710f69695594d82e0edf625b11998",2.5,0.622392789868538
"97d710f69695594d82e0edf625b11998",3,0.658700395793861
"97d710f69695594d82e0edf625b11998",3.5,0.678342736248976
"97d710f69695594d82e0edf625b11998",4,0.68233230838988
"97d710f69695594d82e0edf625b11998",4.5,0.670902903602223
"97d710f69695594d82e0edf625b11998",5,0.643410131625672
"97d710f69695594d82e0edf625b11998",5.5,0.598623234296838
"97d710f69695594d82e0edf625b11998",6,0.535497153233086
"97d710f69695594d82e0edf625b11998",6.5,0.454535376121781
"97d710f69695594d82e0edf625b11998",7,0.359599203925561
"97d710f69695594d82e0edf625b11998",7.5,0.259305969333556
"97d710f69695594d82e0edf625b11998",8,0.16623872848435
"97d710f69695594d82e0edf625b11998",8.5,0.0925909916194141
"97d710f69695594d82e0edf625b11998",9,0.0441860458600325
"97d710f69695594d82e0edf625b11998",9.5,0.0181164665950434
"97d710f69695594d82e0edf625b11998",10,0.00649821344988203
"a511f78437888a49b044245713292406",0,0.82957939907546
"a511f78437888a49b044245713292406",0.5,0.777801922114344
"a511f78437888a49b044245713292406",1,0.725746398827819
"a511f78437888a49b044245713292406",1.5,0.677310658378659
"a511f78437888a49b044245713292406",2,0.635570141886604
"a511f78437888a49b044245713292406",2.5,0.602589375807964
"a511f78437888a49b044245713292406",3,0.579562354209379
"a511f78437888a49b044245713292406",3.5,0.567080491846402
"a511f78437888a49b044245713292406",4,0.565379143841086
"a511f78437888a49b044245713292406",4.5,0.574485711659137
"a511f78437888a49b044245713292406",5,0.594240439800729
"a511f78437888a49b044245713292406",5.5,0.624186733708347
"a511f78437888a49b044245713292406",6,0.663350135044372
"a511f78437888a49b044245713292406",6.5,0.709964717745718
"a511f78437888a49b044245713292406",7,0.761272083020024
"a511f78437888a49b044245713292406",7.5,0.813585283573192
"a511f78437888a49b044245713292406",8,0.862791227789269
"a511f78437888a49b044245713292406",8.5,0.905256846725452
"a511f78437888a49b044245713292406",9,0.938762378394732
"a511f78437888a49b044245713292406",9.5,0.96293269219143
"a511f78437888a49b044245713292406",10,0.978936339255531
"a13a09c02b8648dc6e2f495e93e580d0",0,0.299579379496121
"a13a09c02b8648dc6e2f495e93e580d0",0.5,0.29362034655866
"a13a09c02b8648dc6e2f495e93e580d0",1,0.290959175314627
"a13a09c02b8648dc6e2f495e93e580d0",1.5,0.291547054634261
"a13a09c02b8648dc6e2f495e93e580d0",2,0.295394850837307
"a13a09c02b8648dc6e2f495e93e580d0",2.5,0.302572515208396
"a13a09c02b8648dc6e2f495e93e580d0",3,0.313205030954901
"a13a09c02b8648dc6e2f495e93e580d0",3.5,0.32746406758072
"a13a09c02b8648dc6e2f495e93e580d0",4,0.345553865211085
"a13a09c02b8648dc6e2f495e93e580d0",4.5,0.367689390449139
"a13a09c02b8648dc6e2f495e93e580d0",5,0.394064695426773
"a13a09c02b8648dc6e2f495e93e580d0",5.5,0.424809999708686
"a13a09c02b8648dc6e2f495e93e580d0",6,0.459937708196791
"a13a09c02b8648dc6e2f495e93e580d0",6.5,0.499280711114127
"a13a09c02b8648dc6e2f495e93e580d0",7,0.542430841273424
"a13a09c02b8648dc6e2f495e93e580d0",7.5,0.588690475589619
"a13a09c02b8648dc6e2f495e93e580d0",8,0.637054123730183
"a13a09c02b8648dc6e2f495e93e580d0",8.5,0.686236826558028
"a13a09c02b8648dc6e2f495e93e580d0",9,0.734759876390124
"a13a09c02b8648dc6e2f495e93e580d0",9.5,0.781091110645589
"a13a09c02b8648dc6e2f495e93e580d0",10,0.823819348272651
"559bdf8e6ea3a8eee446253a665d738d",0,0.0915762413400057
"559bdf8e6ea3a8eee446253a665d738d",0.5,0.0835485529719897
"559bdf8e6ea3a8eee446253a665d738d",1,0.0777806989458665
"559bdf8e6ea3a8eee446253a665d738d",1.5,0.0739295686949853
"559bdf8e6ea3a8eee446253a665d738d",2,0.0717682029607601
"559bdf8e6ea3a8eee446253a665d738d",2.5,0.0711702597585208
"559bdf8e6ea3a8eee446253a665d738d",3,0.0721009399140267
"559bdf8e6ea3a8eee446253a665d738d",3.5,0.0746144372566635
"559bdf8e6ea3a8eee446253a665d738d",4,0.078857900250038
"559bdf8e6ea3a8eee446253a665d738d",4.5,0.0850819198292787
"559bdf8e6ea3a8eee446253a665d738d",5,0.0936574186943745
"559bdf8e6ea3a8eee446253a665d738d",5.5,0.105098169627071
"559bdf8e6ea3a8eee446253a665d738d",6,0.120086500144575
"559bdf8e6ea3a8eee446253a665d738d",6.5,0.139496288916227
"559bdf8e6ea3a8eee446253a665d738d",7,0.164401213603605
"559bdf8e6ea3a8eee446253a665d738d",7.5,0.196046870861045
"559bdf8e6ea3a8eee446253a665d738d",8,0.235754345642859
"559bdf8e6ea3a8eee446253a665d738d",8.5,0.284716489941499
"559bdf8e6ea3a8eee446253a665d738d",9,0.343660937420407
"559bdf8e6ea3a8eee446253a665d738d",9.5,0.41240508617314
"559bdf8e6ea3a8eee446253a665d738d",10,0.48942333470839
"0766b5877d10236fd78e7d5ecead635f",0,0.797823259145372
"0766b5877d10236fd78e7d5ecead635f",0.5,0.699433354426145
"0766b5877d10236fd78e7d5ecead635f",1,0.597109634756997
"0766b5877d10236fd78e7d5ecead635f",1.5,0.502356135491013
"0766b5877d10236fd78e7d5ecead635f",2,0.422482477721973
"0766b5877d10236fd78e7d5ecead635f",2.5,0.360225873390656
"0766b5877d10236fd78e7d5ecead635f",3,0.315240174927409
"0766b5877d10236fd78e7d5ecead635f",3.5,0.285886626857603
"0766b5877d10236fd78e7d5ecead635f",4,0.270487373814647
"0766b5877d10236fd78e7d5ecead635f",4.5,0.267979089376581
"0766b5877d10236fd78e7d5ecead635f",5,0.278177058000258
"0766b5877d10236fd78e7d5ecead635f",5.5,0.301812303478183
"0766b5877d10236fd78e7d5ecead635f",6,0.340370171196409
"0766b5877d10236fd78e7d5ecead635f",6.5,0.395617760340941
"0766b5877d10236fd78e7d5ecead635f",7,0.468607330907631
"0766b5877d10236fd78e7d5ecead635f",7.5,0.558051605489997
"0766b5877d10236fd78e7d5ecead635f",8,0.658553323344995
"0766b5877d10236fd78e7d5ecead635f",8.5,0.760045936019405
"0766b5877d10236fd78e7d5ecead635f",9,0.849942442083537
"0766b5877d10236fd78e7d5ecead635f",9.5,0.918047620310905
"0766b5877d10236fd78e7d5ecead635f",10,0.961356218368227
"df0cf1c507d973f5a0b661b3d11334a3",0,0.829729994655762
"df0cf1c507d973f5a0b661b3d11334a3",0.5,0.833008461891816
"df0cf1c507d973f5a0b661b3d11334a3",1,0.835593130448509
"df0cf1c507d973f5a0b661b3d11334a3",1.5,0.837508104737349
"df0cf1c507d973f5a0b661b3d11334a3",2,0.838771330930252
"df0cf1c507d973f5a0b661b3d11334a3",2.5,0.839394685744239
"df0cf1c507d973f5a0b661b3d11334a3",3,0.839384040695238
"df0cf1c507d973f5a0b661b3d11334a3",3.5,0.838739295456528
"df0cf1c507d973f5a0b661b3d11334a3",4,0.83745437727996
"df0cf1c507d973f5a0b661b3d11334a3",4.5,0.835517206531332
"df0cf1c507d973f5a0b661b3d11334a3",5,0.832909631488524
"df0cf1c507d973f5a0b661b3d11334a3",5.5,0.829607338885304
"df0cf1c507d973f5a0b661b3d11334a3",6,0.825579750489506
"df0cf1c507d973f5a0b661b3d11334a3",6.5,0.820789920514966
"df0cf1c507d973f5a0b661b3d11334a3",7,0.815194454109057
"df0cf1c507d973f5a0b661b3d11334a3",7.5,0.808743473736528
"df0cf1c507d973f5a0b661b3d11334a3",8,0.801380668152012
"df0cf1c507d973f5a0b661b3d11334a3",8.5,0.793043467881463
"df0cf1c507d973f5a0b661b3d11334a3",9,0.783663401621865
"df0cf1c507d973f5a0b661b3d11334a3",9.5,0.773166699372002
"df0cf1c507d973f5a0b661b3d11334a3",10,0.761475219704
"2b6446c0b78c4756922f5076fb5dfe61",0,0.91820473397804
"2b6446c0b78c4756922f5076fb5dfe61",0.5,0.904195290544213
"2b6446c0b78c4756922f5076fb5dfe61",1,0.89003709973822
"2b6446c0b78c4756922f5076fb5dfe61",1.5,0.876238265991997
"2b6446c0b78c4756922f5076fb5dfe61",2,0.863318499618256
"2b6446c0b78c4756922f5076fb5dfe61",2.5,0.85177522712722
"2b6446c0b78c4756922f5076fb5dfe61",3,0.842054803377631
"2b6446c0b78c4756922f5076fb5dfe61",3.5,0.834530699328242
"2b6446c0b78c4756922f5076fb5dfe61",4,0.829488752426693
"2b6446c0b78c4756922f5076fb5dfe61",4.5,0.82711832940403
"2b6446c0b78c4756922f5076fb5dfe61",5,0.827507755190397
"2b6446c0b78c4756922f5076fb5dfe61",5.5,0.830642552192972
"2b6446c0b78c4756922f5076fb5dfe61",6,0.836405712260369
"2b6446c0b78c4756922f5076fb5dfe61",6.5,0.844580133080014
"2b6446c0b78c4756922f5076fb5dfe61",7,0.85485422219527
"2b6446c0b78c4756922f5076fb5dfe61",7.5,0.866832237459857
"2b6446c0b78c4756922f5076fb5dfe61",8,0.880050946077313
"2b6446c0b78c4756922f5076fb5dfe61",8.5,0.89400347657828
"2b6446c0b78c4756922f5076fb5dfe61",9,0.908169814346486
"2b6446c0b78c4756922f5076fb5dfe61",9.5,0.922051525292255
"2b6446c0b78c4756922f5076fb5dfe61",10,0.935206537551434
"1d74664847cbb9501f2efff74d88031f",0,0.0475624621823308
"1d74664847cbb9501f2efff74d88031f",0.5,0.0673011768504597
"1d74664847cbb9501f2efff74d88031f",1,0.0899160380537486
"1d74664847cbb9501f2efff74d88031f",1.5,0.113706944514806
"1d74664847cbb9501f2efff74d88031f",2,0.136556965506888
"1d74664847cbb9501f2efff74d88031f",2.5,0.156311103959384
"1d74664847cbb9501f2efff74d88031f",3,0.171107440126108
"1d74664847cbb9501f2efff74d88031f",3.5,0.179588335997888
"1d74664847cbb9501f2efff74d88031f",4,0.180998019432525
"1d74664847cbb9501f2efff74d88031f",4.5,0.175212725840225
"1d74664847cbb9501f2efff74d88031f",5,0.162743833894695
"1d74664847cbb9501f2efff74d88031f",5.5,0.144721582553091
"1d74664847cbb9501f2efff74d88031f",6,0.122829763413067
"1d74664847cbb9501f2efff74d88031f",6.5,0.0991427798238537
"1d74664847cbb9501f2efff74d88031f",7,0.0758373687299433
"1d74664847cbb9501f2efff74d88031f",7.5,0.0548184050739667
"1d74664847cbb9501f2efff74d88031f",8,0.0373776469590448
"1d74664847cbb9501f2efff74d88031f",8.5,0.0240263877891866
"1d74664847cbb9501f2efff74d88031f",9,0.0145664157839652
"1d74664847cbb9501f2efff74d88031f",9.5,0.00833829245594646
"1d74664847cbb9501f2efff74d88031f",10,0.00451257253916439
"bb27f91f4e80646f7bd9194555f373a0",0,0.470447031035831
"bb27f91f4e80646f7bd9194555f373a0",0.5,0.445603463133398
"bb27f91f4e80646f7bd9194555f373a0",1,0.422804929544924
"bb27f91f4e80646f7bd9194555f373a0",1.5,0.402079216445553
"bb27f91f4e80646f7bd9194555f373a0",2,0.383416853205691
"bb27f91f4e80646f7bd9194555f373a0",2.5,0.366781073258011
"bb27f91f4e80646f7bd9194555f373a0",3,0.352116792728935
"bb27f91f4e80646f7bd9194555f373a0",3.5,0.339358325710754
"bb27f91f4e80646f7bd9194555f373a0",4,0.328435758655889
"bb27f91f4e80646f7bd9194555f373a0",4.5,0.319280041934585
"bb27f91f4e80646f7bd9194555f373a0",5,0.311826934519928
"bb27f91f4e80646f7bd9194555f373a0",5.5,0.306019971859465
"bb27f91f4e80646f7bd9194555f373a0",6,0.301812630634306
"bb27f91f4e80646f7bd9194555f373a0",6.5,0.299169848342198
"bb27f91f4e80646f7bd9194555f373a0",7,0.298069028621606
"bb27f91f4e80646f7bd9194555f373a0",7.5,0.298500630389863
"bb27f91f4e80646f7bd9194555f373a0",8,0.300468403435073
"bb27f91f4e80646f7bd9194555f373a0",8.5,0.303989296738976
"bb27f91f4e80646f7bd9194555f373a0",9,0.309093029216618
"bb27f91f4e80646f7bd9194555f373a0",9.5,0.315821276046204
"bb27f91f4e80646f7bd9194555f373a0",10,0.324226387789321
"77e5fb470b02d64fb3dd8fc5d13d7925",0,0.268987409912284
"77e5fb470b02d64fb3dd8fc5d13d7925",0.5,0.273324848010816
"77e5fb470b02d64fb3dd8fc5d13d7925",1,0.278372387495822
"77e5fb470b02d64fb3dd8fc5d13d7925",1.5,0.284151675250127
"77e5fb470b02d64fb3dd8fc5d13d7925",2,0.290686592801004
"77e5fb470b02d64fb3dd8fc5d13d7925",2.5,0.298002949937009
"77e5fb470b02d64fb3dd8fc5d13d7925",3,0.306128096248354
"77e5fb470b02d64fb3dd8fc5d13d7925",3.5,0.315090435728467
"77e5fb470b02d64fb3dd8fc5d13d7925",4,0.324918828919729
"77e5fb470b02d64fb3dd8fc5d13d7925",4.5,0.335641867187592
"77e5fb470b02d64fb3dd8fc5d13d7925",5,0.347287004879776
"77e5fb470b02d64fb3dd8fc5d13d7925",5.5,0.359879537741777
"77e5fb470b02d64fb3dd8fc5d13d7925",6,0.373441420425461
"77e5fb470b02d64fb3dd8fc5d13d7925",6.5,0.38798992265885
"77e5fb470b02d64fb3dd8fc5d13d7925",7,0.403536133009847
"77e5fb470b02d64fb3dd8fc5d13d7925",7.5,0.420083331416792
"77e5fb470b02d64fb3dd8fc5d13d7925",8,0.437625266791126
"77e5fb470b02d64fb3dd8fc5d13d7925",8.5,0.456144393690021
"77e5fb470b02d64fb3dd8fc5d13d7925",9,0.475610141502938
"77e5fb470b02d64fb3dd8fc5d13d7925",9.5,0.495977309402493
"77e5fb470b02d64fb3dd8fc5d13d7925",10,0.517184698435143
"9b31a157897e11445baac0c60436205f",0,0.591726083034825
"9b31a157897e11445baac0c60436205f",0.5,0.553332369269571
"9b31a157897e11445baac0c60436205f",1,0.519162376131951
"9b31a157897e11445baac0c60436205f",1.5,0.489675711997871
"9b31a157897e11445baac0c60436205f",2,0.465099791356883
"9b31a157897e11445baac0c60436205f",2.5,0.445500093762186
"9b31a157897e11445baac0c60436205f",3,0.430846785462264
"9b31a157897e11445baac0c60436205f",3.5,0.421069876846724
"9b31a157897e11445baac0c60436205f",4,0.416100063006459
"9b31a157897e11445baac0c60436205f",4.5,0.415895215108545
"9b31a157897e11445baac0c60436205f",5,0.420453497235527
"9b31a157897e11445baac0c60436205f",5.5,0.429813901134444
"9b31a157897e11445baac0c60436205f",6,0.444044235734596
"9b31a157897e11445baac0c60436205f",6.5,0.463215829704025
"9b31a157897e11445baac0c60436205f",7,0.487363950539244
"9b31a157897e11445baac0c60436205f",7.5,0.516433822591877
"9b31a157897e11445baac0c60436205f",8,0.550214770024058
"9b31a157897e11445baac0c60436205f",8.5,0.588269802774928
"9b31a157897e11445baac0c60436205f",9,0.629874479921822
"9b31a157897e11445baac0c60436205f",9.5,0.673985182844222
"9b31a157897e11445baac0c60436205f",10,0.719259241746679
"eb4109800459a85c866ed44227f1d1dd",0,0.18043850151657
"eb4109800459a85c866ed44227f1d1dd",0.5,0.186578592582622
"eb4109800459a85c866ed44227f1d1dd",1,0.193372585966246
"eb4109800459a85c866ed44227f1d1dd",1.5,0.200860329158334
"eb4109800459a85c866ed44227f1d1dd",2,0.209084322657559
"eb4109800459a85c866ed44227f1d1dd",2.5,0.218089419799472
"eb4109800459a85c866ed44227f1d1dd",3,0.22792240540895
"eb4109800459a85c866ed44227f1d1dd",3.5,0.238631428494097
"eb4109800459a85c866ed44227f1d1dd",4,0.250265263002909
"eb4109800459a85c866ed44227f1d1dd",4.5,0.262872370740885
"eb4109800459a85c866ed44227f1d1dd",5,0.276499742481132
"eb4109800459a85c866ed44227f1d1dd",5.5,0.291191497759013
"eb4109800459a85c866ed44227f1d1dd",6,0.306987231546724
"eb4109800459a85c866ed44227f1d1dd",6.5,0.323920107635241
"eb4109800459a85c866ed44227f1d1dd",7,0.342014714649152
"eb4109800459a85c866ed44227f1d1dd",7.5,0.361284721419211
"eb4109800459a85c866ed44227f1d1dd",8,0.381730393679555
"eb4109800459a85c866ed44227f1d1dd",8.5,0.403336062792882
"eb4109800459a85c866ed44227f1d1dd",9,0.426067667624566
"eb4109800459a85c866ed44227f1d1dd",9.5,0.449870520014495
"eb4109800459a85c866ed44227f1d1dd",10,0.474667468852191
"700b09b3d484bce9cbe7525c44b03ee8",0,0.209036898177219
"700b09b3d484bce9cbe7525c44b03ee8",0.5,0.214687682469697
"700b09b3d484bce9cbe7525c44b03ee8",1,0.221046493999178
"700b09b3d484bce9cbe7525c44b03ee8",1.5,0.228149261070211
"700b09b3d484bce9cbe7525c44b03ee8",2,0.236034732292306
"700b09b3d484bce9cbe7525c44b03ee8",2.5,0.244744133175108
"700b09b3d484bce9cbe7525c44b03ee8",3,0.254320701736841
"700b09b3d484bce9cbe7525c44b03ee8",3.5,0.264809078249441
"700b09b3d484bce9cbe7525c44b03ee8",4,0.276254523034557
"700b09b3d484bce9cbe7525c44b03ee8",4.5,0.288701936273808
"700b09b3d484bce9cbe7525c44b03ee8",5,0.302194655680135
"700b09b3d484bce9cbe7525c44b03ee8",5.5,0.316773012267819
"700b09b3d484bce9cbe7525c44b03ee8",6,0.332472632086985
"700b09b3d484bce9cbe7525c44b03ee8",6.5,0.349322483378529
"700b09b3d484bce9cbe7525c44b03ee8",7,0.3673426847643
"700b09b3d484bce9cbe7525c44b03ee8",7.5,0.38654211116061
"700b09b3d484bce9cbe7525c44b03ee8",8,0.406915859984481
"700b09b3d484bce9cbe7525c44b03ee8",8.5,0.428442670138651
"700b09b3d484bce9cbe7525c44b03ee8",9,0.451082418569814
"700b09b3d484bce9cbe7525c44b03ee8",9.5,0.474773851210129
"700b09b3d484bce9cbe7525c44b03ee8",10,0.499432733068145
"7104c2b438448b771cffb77cb29ac0fc",0,0.360149539254994
"7104c2b438448b771cffb77cb29ac0fc",0.5,0.379089777087547
"7104c2b438448b771cffb77cb29ac0fc",1,0.398170383297096
"7104c2b438448b771cffb77cb29ac0fc",1.5,0.417329121130245
"7104c2b438448b771cffb77cb29ac0fc",2,0.436504293004156
"7104c2b438448b771cffb77cb29ac0fc",2.5,0.455635486857063
"7104c2b438448b771cffb77cb29ac0fc",3,0.474664264503776
"7104c2b438448b771cffb77cb29ac0fc",3.5,0.493534778577265
"7104c2b438448b771cffb77cb29ac0fc",4,0.5121943080452
"7104c2b438448b771cffb77cb29ac0fc",4.5,0.530593705743816
"7104c2b438448b771cffb77cb29ac0fc",5,0.548687754694155
"7104c2b438448b771cffb77cb29ac0fc",5.5,0.566435433016586
"7104c2b438448b771cffb77cb29ac0fc",6,0.583800089937418
"7104c2b438448b771cffb77cb29ac0fc",6.5,0.60074953762314
"7104c2b438448b771cffb77cb29ac0fc",7,0.617256065355303
"7104c2b438448b771cffb77cb29ac0fc",7.5,0.633296383872453
"7104c2b438448b771cffb77cb29ac0fc",8,0.648851508578093
"7104c2b438448b771cffb77cb29ac0fc",8.5,0.66390659078373
"7104c2b438448b771cffb77cb29ac0fc",9,0.678450706273463
"7104c2b438448b771cffb77cb29ac0fc",9.5,0.692476610295373
"7104c2b438448b771cffb77cb29ac0fc",10,0.705980467661978
"92a4038dc8d70f533c39a1283f00c877",0,0.195821957409496
"92a4038dc8d70f533c39a1283f00c877",0.5,0.215074975791728
"92a4038dc8d70f533c39a1283f00c877",1,0.23408796165891
"92a4038dc8d70f533c39a1283f00c877",1.5,0.252576853692142
"92a4038dc8d70f533c39a1283f00c877",2,0.270273984956319
"92a4038dc8d70f533c39a1283f00c877",2.5,0.286935018021074
"92a4038dc8d70f533c39a1283f00c877",3,0.302343444371489
"92a4038dc8d70f533c39a1283f00c877",3.5,0.316312760221985
"92a4038dc8d70f533c39a1283f00c877",4,0.328686655905434
"92a4038dc8d70f533c39a1283f00c877",4.5,0.339337689216501
"92a4038dc8d70f533c39a1283f00c877",5,0.348164961051233
"92a4038dc8d70f533c39a1283f00c877",5.5,0.355091293438803
"92a4038dc8d70f533c39a1283f00c877",6,0.360060348875297
"92a4038dc8d70f533c39a1283f00c877",6.5,0.363034047056648
"92a4038dc8d70f533c39a1283f00c877",7,0.363990546550812
"92a4038dc8d70f533c39a1283f00c877",7.5,0.362922974024295
"92a4038dc8d70f533c39a1283f00c877",8,0.359839005780876
"92a4038dc8d70f533c39a1283f00c877",8.5,0.354761334513243
"92a4038dc8d70f533c39a1283f00c877",9,0.347728984520378
"92a4038dc8d70f533c39a1283f00c877",9.5,0.338799366538782
"92a4038dc8d70f533c39a1283f00c877",10,0.328050885084327
"68105949e2b7e33c090753ca72434c71",0,0.401762133598172
"68105949e2b7e33c090753ca72434c71",0.5,0.380306296895855
"68105949e2b7e33c090753ca72434c71",1,0.362326155664867
"68105949e2b7e33c090753ca72434c71",1.5,0.347687899384728
"68105949e2b7e33c090753ca72434c71",2,0.336251475615733
"68105949e2b7e33c090753ca72434c71",2.5,0.32788856968151
"68105949e2b7e33c090753ca72434c71",3,0.322495145032146
"68105949e2b7e33c090753ca72434c71",3.5,0.319999640893849
"68105949e2b7e33c090753ca72434c71",4,0.320367781952257
"68105949e2b7e33c090753ca72434c71",4.5,0.323604670497543
"68105949e2b7e33c090753ca72434c71",5,0.329754483206599
"68105949e2b7e33c090753ca72434c71",5.5,0.338897724606513
"68105949e2b7e33c090753ca72434c71",6,0.351145622050139
"68105949e2b7e33c090753ca72434c71",6.5,0.366630910085723
"68105949e2b7e33c090753ca72434c71",7,0.385493995097613
"68105949e2b7e33c090753ca72434c71",7.5,0.407863404703012
"68105949e2b7e33c090753ca72434c71",8,0.433829654705754
"68105949e2b7e33c090753ca72434c71",8.5,0.463412400631429
"68105949e2b7e33c090753ca72434c71",9,0.496522172967124
"68105949e2b7e33c090753ca72434c71",9.5,0.53292020771279
"68105949e2b7e33c090753ca72434c71",10,0.572182670167215
"37730e1f0aafd615c8b16abe71153ea5",0,0.438794132985111
"37730e1f0aafd615c8b16abe71153ea5",0.5,0.464882605980324
"37730e1f0aafd615c8b16abe71153ea5",1,0.488038675736036
"37730e1f0aafd615c8b16abe71153ea5",1.5,0.508120589718949
"37730e1f0aafd615c8b16abe71153ea5",2,0.525058549642883
"37730e1f0aafd615c8b16abe71153ea5",2.5,0.538832674412408
"37730e1f0aafd615c8b16abe71153ea5",3,0.54945324908834
"37730e1f0aafd615c8b16abe71153ea5",3.5,0.556944393342228
"37730e1f0aafd615c8b16abe71153ea5",4,0.561331565336087
"37730e1f0aafd615c8b16abe71153ea5",4.5,0.562632903930986
"37730e1f0aafd615c8b16abe71153ea5",5,0.560854246757584
"37730e1f0aafd615c8b16abe71153ea5",5.5,0.555987667377674
"37730e1f0aafd615c8b16abe71153ea5",6,0.548013476468385
"37730e1f0aafd615c8b16abe71153ea5",6.5,0.536905761320775
"37730e1f0aafd615c8b16abe71153ea5",7,0.522641629400985
"37730e1f0aafd615c8b16abe71153ea5",7.5,0.505214305993287
"37730e1f0aafd615c8b16abe71153ea5",8,0.484650037069337
"37730e1f0aafd615c8b16abe71153ea5",8.5,0.461028291080487
"37730e1f0aafd615c8b16abe71153ea5",9,0.434503986821826
"37730e1f0aafd615c8b16abe71153ea5",9.5,0.40532941901659
"37730e1f0aafd615c8b16abe71153ea5",10,0.373872361183993
"dd99dda898750e12cec91e9d7e541523",0,0.408165366379179
"dd99dda898750e12cec91e9d7e541523",0.5,0.378286759041586
"dd99dda898750e12cec91e9d7e541523",1,0.35316992460465
"dd99dda898750e12cec91e9d7e541523",1.5,0.332597107983311
"dd99dda898750e12cec91e9d7e541523",2,0.316308391452592
"dd99dda898750e12cec91e9d7e541523",2.5,0.30404785065997
"dd99dda898750e12cec91e9d7e541523",3,0.295594845243217
"dd99dda898750e12cec91e9d7e541523",3.5,0.290783805741532
"dd99dda898750e12cec91e9d7e541523",4,0.289515756737657
"dd99dda898750e12cec91e9d7e541523",4.5,0.291764050422703
"dd99dda898750e12cec91e9d7e541523",5,0.297575774865662
"dd99dda898750e12cec91e9d7e541523",5.5,0.307069227440477
"dd99dda898750e12cec91e9d7e541523",6,0.320426762240756
"dd99dda898750e12cec91e9d7e541523",6.5,0.337881255089653
"dd99dda898750e12cec91e9d7e541523",7,0.359693462013945
"dd99dda898750e12cec91e9d7e541523",7.5,0.386116908859655
"dd99dda898750e12cec91e9d7e541523",8,0.417347116417555
"dd99dda898750e12cec91e9d7e541523",8.5,0.453453694772418
"dd99dda898750e12cec91e9d7e541523",9,0.494298035082184
"dd99dda898750e12cec91e9d7e541523",9.5,0.539446533445536
"dd99dda898750e12cec91e9d7e541523",10,0.588098713800984
"eaa4e5d1eecfe39e94e47f8c6c750107",0,0.437859159691231
"eaa4e5d1eecfe39e94e47f8c6c750107",0.5,0.418920745263751
"eaa4e5d1eecfe39e94e47f8c6c750107",1,0.403297586482216
"eaa4e5d1eecfe39e94e47f8c6c750107",1.5,0.390914801258029
"eaa4e5d1eecfe39e94e47f8c6c750107",2,0.381690947882594
"eaa4e5d1eecfe39e94e47f8c6c750107",2.5,0.375552868786073
"eaa4e5d1eecfe39e94e47f8c6c750107",3,0.372446059144233
"eaa4e5d1eecfe39e94e47f8c6c750107",3.5,0.3723411784285
"eaa4e5d1eecfe39e94e47f8c6c750107",4,0.375237215727515
"eaa4e5d1eecfe39e94e47f8c6c750107",4.5,0.381161595001582
"eaa4e5d1eecfe39e94e47f8c6c750107",5,0.39016723023666
"eaa4e5d1eecfe39e94e47f8c6c750107",5.5,0.402326262628251
"eaa4e5d1eecfe39e94e47f8c6c750107",6,0.41771998177156
"eaa4e5d1eecfe39e94e47f8c6c750107",6.5,0.436424314672157
"eaa4e5d1eecfe39e94e47f8c6c750107",7,0.45849035122907
"eaa4e5d1eecfe39e94e47f8c6c750107",7.5,0.483919781586904
"eaa4e5d1eecfe39e94e47f8c6c750107",8,0.512635975769256
"eaa4e5d1eecfe39e94e47f8c6c750107",8.5,0.544452817103275
"eaa4e5d1eecfe39e94e47f8c6c750107",9,0.579045237953244
"eaa4e5d1eecfe39e94e47f8c6c750107",9.5,0.615927355406606
"eaa4e5d1eecfe39e94e47f8c6c750107",10,0.654445462777318
"71dffb1410ab098e4ce47c556c642ca5",0,0.311143470204869
"71dffb1410ab098e4ce47c556c642ca5",0.5,0.330476049155008
"71dffb1410ab098e4ce47c556c642ca5",1,0.348518747046129
"71dffb1410ab098e4ce47c556c642ca5",1.5,0.36508896645052
"71dffb1410ab098e4ce47c556c642ca5",2,0.380037504961978
"71dffb1410ab098e4ce47c556c642ca5",2.5,0.393246004328636
"71dffb1410ab098e4ce47c556c642ca5",3,0.40462334122471
"71dffb1410ab098e4ce47c556c642ca5",3.5,0.414101507888582
"71dffb1410ab098e4ce47c556c642ca5",4,0.421631444388796
"71dffb1410ab098e4ce47c556c642ca5",4.5,0.427179183313239
"71dffb1410ab098e4ce47c556c642ca5",5,0.430722570247392
"71dffb1410ab098e4ce47c556c642ca5",5.5,0.432248739788559
"71dffb1410ab098e4ce47c556c642ca5",6,0.431752460660821
"71dffb1410ab098e4ce47c556c642ca5",6.5,0.429235413453727
"71dffb1410ab098e4ce47c556c642ca5",7,0.424706426090876
"71dffb1410ab098e4ce47c556c642ca5",7.5,0.418182659015684
"71dffb1410ab098e4ce47c556c642ca5",8,0.409691697221474
"71dffb1410ab098e4ce47c556c642ca5",8.5,0.399274462839283
"71dffb1410ab098e4ce47c556c642ca5",9,0.386988804436907
"71dffb1410ab098e4ce47c556c642ca5",9.5,0.372913544343523
"71dffb1410ab098e4ce47c556c642ca5",10,0.35715267409041
"fb6d3ce42e8604b2f54dcbb8b521b991",0,0.472339720277965
"fb6d3ce42e8604b2f54dcbb8b521b991",0.5,0.520060125802718
"fb6d3ce42e8604b2f54dcbb8b521b991",1,0.556994943849437
"fb6d3ce42e8604b2f54dcbb8b521b991",1.5,0.582608556919382
"fb6d3ce42e8604b2f54dcbb8b521b991",2,0.596822428817303
"fb6d3ce42e8604b2f54dcbb8b521b991",2.5,0.599707746050687
"fb6d3ce42e8604b2f54dcbb8b521b991",3,0.591289434629297
"fb6d3ce42e8604b2f54dcbb8b521b991",3.5,0.571504743459411
"fb6d3ce42e8604b2f54dcbb8b521b991",4,0.540322665576162
"fb6d3ce42e8604b2f54dcbb8b521b991",4.5,0.498003408749279
"fb6d3ce42e8604b2f54dcbb8b521b991",5,0.445424130044674
"fb6d3ce42e8604b2f54dcbb8b521b991",5.5,0.384322195508617
"fb6d3ce42e8604b2f54dcbb8b521b991",6,0.317316950204112
"fb6d3ce42e8604b2f54dcbb8b521b991",6.5,0.247813730899106
"fb6d3ce42e8604b2f54dcbb8b521b991",7,0.180125006202355
"fb6d3ce42e8604b2f54dcbb8b521b991",7.5,0.119553421110363
"fb6d3ce42e8604b2f54dcbb8b521b991",8,0.0712074785797802
"fb6d3ce42e8604b2f54dcbb8b521b991",8.5,0.0376010870933621
"fb6d3ce42e8604b2f54dcbb8b521b991",9,0.0175133341098475
"fb6d3ce42e8604b2f54dcbb8b521b991",9.5,0.00723518799088086
"fb6d3ce42e8604b2f54dcbb8b521b991",10,0.00269375053728639
"51947909f45c06ecfc129a5ada0fff8b",0,0.733753627357614
"51947909f45c06ecfc129a5ada0fff8b",0.5,0.715818656583489
"51947909f45c06ecfc129a5ada0fff8b",1,0.694384794710435
"51947909f45c06ecfc129a5ada0fff8b",1.5,0.669298028289528
"51947909f45c06ecfc129a5ada0fff8b",2,0.640463819398502
"51947909f45c06ecfc129a5ada0fff8b",2.5,0.607874042854206
"51947909f45c06ecfc129a5ada0fff8b",3,0.571627402848534
"51947909f45c06ecfc129a5ada0fff8b",3.5,0.531939234433551
"51947909f45c06ecfc129a5ada0fff8b",4,0.489141111285331
"51947909f45c06ecfc129a5ada0fff8b",4.5,0.443677946579139
"51947909f45c06ecfc129a5ada0fff8b",5,0.396116536069246
"51947909f45c06ecfc129a5ada0fff8b",5.5,0.34717840018557
"51947909f45c06ecfc129a5ada0fff8b",6,0.297795395333127
"51947909f45c06ecfc129a5ada0fff8b",6.5,0.249158685401294
"51947909f45c06ecfc129a5ada0fff8b",7,0.202702978999055
"51947909f45c06ecfc129a5ada0fff8b",7.5,0.159967308990012
"51947909f45c06ecfc129a5ada0fff8b",8,0.122328504306695
"51947909f45c06ecfc129a5ada0fff8b",8.5,0.0906972943088458
"51947909f45c06ecfc129a5ada0fff8b",9,0.0653238603095997
"51947909f45c06ecfc129a5ada0fff8b",9.5,0.045813700042772
"51947909f45c06ecfc129a5ada0fff8b",10,0.0313341839378304
"339fc33968e30817ad291b527695487c",0,0.89492741897342
"339fc33968e30817ad291b527695487c",0.5,0.873916354447349
"339fc33968e30817ad291b527695487c",1,0.84801941485924
"339fc33968e30817ad291b527695487c",1.5,0.816753556545345
"339fc33968e30817ad291b527695487c",2,0.779986794098851
"339fc33968e30817ad291b527695487c",2.5,0.73811391324502
"339fc33968e30817ad291b527695487c",3,0.692155386687502
"339fc33968e30817ad291b527695487c",3.5,0.643696648893937
"339fc33968e30817ad291b527695487c",4,0.594620412265756
"339fc33968e30817ad291b527695487c",4.5,0.546659677783168
"339fc33968e30817ad291b527695487c",5,0.500887412946996
"339fc33968e30817ad291b527695487c",5.5,0.457336702810244
"339fc33968e30817ad291b527695487c",6,0.414946292496106
"339fc33968e30817ad291b527695487c",6.5,0.37187359652491
"339fc33968e30817ad291b527695487c",7,0.326105878524767
"339fc33968e30817ad291b527695487c",7.5,0.276350767974552
"339fc33968e30817ad291b527695487c",8,0.222978401922894
"339fc33968e30817ad291b527695487c",8.5,0.168538013585034
"339fc33968e30817ad291b527695487c",9,0.117460316214086
"339fc33968e30817ad291b527695487c",9.5,0.074613743277579
"339fc33968e30817ad291b527695487c",10,0.0431042889885298
"5d3150df6e1d0725bbc5c4045af22507",0,0.0736125734745958
"5d3150df6e1d0725bbc5c4045af22507",0.5,0.112322814545032
"5d3150df6e1d0725bbc5c4045af22507",1,0.158513526873218
"5d3150df6e1d0725bbc5c4045af22507",1.5,0.208119993148894
"5d3150df6e1d0725bbc5c4045af22507",2,0.256314920405579
"5d3150df6e1d0725bbc5c4045af22507",2.5,0.298726261462079
"5d3150df6e1d0725bbc5c4045af22507",3,0.332106063431932
"5d3150df6e1d0725bbc5c4045af22507",3.5,0.354405655427046
"5d3150df6e1d0725bbc5c4045af22507",4,0.364531562128574
"5d3150df6e1d0725bbc5c4045af22507",4.5,0.362062959911309
"5d3150df6e1d0725bbc5c4045af22507",5,0.347098026355552
"5d3150df6e1d0725bbc5c4045af22507",5.5,0.320292687120914
"5d3150df6e1d0725bbc5c4045af22507",6,0.283077142838804
"5d3150df6e1d0725bbc5c4045af22507",6.5,0.23795008973062
"5d3150df6e1d0725bbc5c4045af22507",7,0.188635964582108
"5d3150df6e1d0725bbc5c4045af22507",7.5,0.139801262106336
"5d3150df6e1d0725bbc5c4045af22507",8,0.0961363421991428
"5d3150df6e1d0725bbc5c4045af22507",8.5,0.0610580402230712
"5d3150df6e1d0725bbc5c4045af22507",9,0.0357817170120572
"5d3150df6e1d0725bbc5c4045af22507",9.5,0.0193911605179179
"5d3150df6e1d0725bbc5c4045af22507",10,0.00975569795637969
"6b2aa1825371372d75e41fe4ef52b039",0,0.40875302236151
"6b2aa1825371372d75e41fe4ef52b039",0.5,0.49086208128554
"6b2aa1825371372d75e41fe4ef52b039",1,0.56218772029871
"6b2aa1825371372d75e41fe4ef52b039",1.5,0.61896547308657
"6b2aa1825371372d75e41fe4ef52b039",2,0.659534871095138
"6b2aa1825371372d75e41fe4ef52b039",2.5,0.683912191973282
"6b2aa1825371372d75e41fe4ef52b039",3,0.692694896441272
"6b2aa1825371372d75e41fe4ef52b039",3.5,0.686214686295967
"6b2aa1825371372d75e41fe4ef52b039",4,0.664220735423154
"6b2aa1825371372d75e41fe4ef52b039",4.5,0.626113520227165
"6b2aa1825371372d75e41fe4ef52b039",5,0.571718701678631
"6b2aa1825371372d75e41fe4ef52b039",5.5,0.50238642523128
"6b2aa1825371372d75e41fe4ef52b039",6,0.421598777922955
"6b2aa1825371372d75e41fe4ef52b039",6.5,0.334049394788772
"6b2aa1825371372d75e41fe4ef52b039",7,0.244304329894802
"6b2aa1825371372d75e41fe4ef52b039",7.5,0.158660150668904
"6b2aa1825371372d75e41fe4ef52b039",8,0.0876410165148467
"6b2aa1825371372d75e41fe4ef52b039",8.5,0.0398583738849272
"6b2aa1825371372d75e41fe4ef52b039",9,0.0146161706113592
"6b2aa1825371372d75e41fe4ef52b039",9.5,0.0043916411810373
"6b2aa1825371372d75e41fe4ef52b039",10,0.00113221353045782
"acc0267f6cd2a2c972c545e272f1a1fd",0,0.410800615042798
"acc0267f6cd2a2c972c545e272f1a1fd",0.5,0.324643898032036
"acc0267f6cd2a2c972c545e272f1a1fd",1,0.254751389423468
"acc0267f6cd2a2c972c545e272f1a1fd",1.5,0.200727750767848
"acc0267f6cd2a2c972c545e272f1a1fd",2,0.160533939761673
"acc0267f6cd2a2c972c545e272f1a1fd",2.5,0.131559879549378
"acc0267f6cd2a2c972c545e272f1a1fd",3,0.111330570332419
"acc0267f6cd2a2c972c545e272f1a1fd",3.5,0.097844660300159
"acc0267f6cd2a2c972c545e272f1a1fd",4,0.0896638968949963
"acc0267f6cd2a2c972c545e272f1a1fd",4.5,0.0858852554458438
"acc0267f6cd2a2c972c545e272f1a1fd",5,0.0860861021284618
"acc0267f6cd2a2c972c545e272f1a1fd",5.5,0.0902889688015399
"acc0267f6cd2a2c972c545e272f1a1fd",6,0.0989635820167799
"acc0267f6cd2a2c972c545e272f1a1fd",6.5,0.113065283905533
"acc0267f6cd2a2c972c545e272f1a1fd",7,0.13408987669258
"acc0267f6cd2a2c972c545e272f1a1fd",7.5,0.164094457775511
"acc0267f6cd2a2c972c545e272f1a1fd",8,0.205588935393689
"acc0267f6cd2a2c972c545e272f1a1fd",8.5,0.261164123526985
"acc0267f6cd2a2c972c545e272f1a1fd",9,0.332745032148253
"acc0267f6cd2a2c972c545e272f1a1fd",9.5,0.420488204719473
"acc0267f6cd2a2c972c545e272f1a1fd",10,0.521550440206756
"c176e5b03d8760c83653340228d8209d",0,0.739727265718573
"c176e5b03d8760c83653340228d8209d",0.5,0.714997301500951
"c176e5b03d8760c83653340228d8209d",1,0.692166807194595
"c176e5b03d8760c83653340228d8209d",1.5,0.671714466458062
"c176e5b03d8760c83653340228d8209d",2,0.654022260878878
"c176e5b03d8760c83653340228d8209d",2.5,0.639380937905802
"c176e5b03d8760c83653340228d8209d",3,0.628001268722482
"c176e5b03d8760c83653340228d8209d",3.5,0.620027534800763
"c176e5b03d8760c83653340228d8209d",4,0.61555034945422
"c176e5b03d8760c83653340228d8209d",4.5,0.614616736031679
"c176e5b03d8760c83653340228d8209d",5,0.617236147632935
"c176e5b03d8760c83653340228d8209d",5.5,0.623381753257746
"c176e5b03d8760c83653340228d8209d",6,0.632986855946921
"c176e5b03d8760c83653340228d8209d",6.5,0.645936825754188
"c176e5b03d8760c83653340228d8209d",7,0.662057510938298
"c176e5b03d8760c83653340228d8209d",7.5,0.681101791161263
"c176e5b03d8760c83653340228d8209d",8,0.702736740654033
"c176e5b03d8760c83653340228d8209d",8.5,0.726534647885754
"c176e5b03d8760c83653340228d8209d",9,0.751971627222923
"c176e5b03d8760c83653340228d8209d",9.5,0.778437388550909
"c176e5b03d8760c83653340228d8209d",10,0.805258543467958
"c0d57bec2ffb90bc6291e132ecb80eda",0,0.804706350601359
"c0d57bec2ffb90bc6291e132ecb80eda",0.5,0.779800559988168
"c0d57bec2ffb90bc6291e132ecb80eda",1,0.756111726534339
"c0d57bec2ffb90bc6291e132ecb80eda",1.5,0.734348428739423
"c0d57bec2ffb90bc6291e132ecb80eda",2,0.715119142114017
"c0d57bec2ffb90bc6291e132ecb80eda",2.5,0.698918127524968
"c0d57bec2ffb90bc6291e132ecb80eda",3,0.686125181797772
"c0d57bec2ffb90bc6291e132ecb80eda",3.5,0.67701421926492
"c0d57bec2ffb90bc6291e132ecb80eda",4,0.67176548230816
"c0d57bec2ffb90bc6291e132ecb80eda",4.5,0.670476998959416
"c0d57bec2ffb90bc6291e132ecb80eda",5,0.673172172312158
"c0d57bec2ffb90bc6291e132ecb80eda",5.5,0.6798017502198
"c0d57bec2ffb90bc6291e132ecb80eda",6,0.690239752736209
"c0d57bec2ffb90bc6291e132ecb80eda",6.5,0.704274244780686
"c0d57bec2ffb90bc6291e132ecb80eda",7,0.721595186464191
"c0d57bec2ffb90bc6291e132ecb80eda",7.5,0.741782948374838
"c0d57bec2ffb90bc6291e132ecb80eda",8,0.764302239666963
"c0d57bec2ffb90bc6291e132ecb80eda",8.5,0.788506735097155
"c0d57bec2ffb90bc6291e132ecb80eda",9,0.813659024190929
"c0d57bec2ffb90bc6291e132ecb80eda",9.5,0.838968155464787
"c0d57bec2ffb90bc6291e132ecb80eda",10,0.863643008276404
"d0692cdba6d54bcc7c82cf05a7532f9b",0,0.651464572934536
"d0692cdba6d54bcc7c82cf05a7532f9b",0.5,0.72793076510402
"d0692cdba6d54bcc7c82cf05a7532f9b",1,0.788204341115086
"d0692cdba6d54bcc7c82cf05a7532f9b",1.5,0.833924663201836
"d0692cdba6d54bcc7c82cf05a7532f9b",2,0.867661772534363
"d0692cdba6d54bcc7c82cf05a7532f9b",2.5,0.892056322731662
"d0692cdba6d54bcc7c82cf05a7532f9b",3,0.909375742406063
"d0692cdba6d54bcc7c82cf05a7532f9b",3.5,0.921373052279189
"d0692cdba6d54bcc7c82cf05a7532f9b",4,0.929305741174637
"d0692cdba6d54bcc7c82cf05a7532f9b",4.5,0.934011437726058
"d0692cdba6d54bcc7c82cf05a7532f9b",5,0.935984772055646
"d0692cdba6d54bcc7c82cf05a7532f9b",5.5,0.935431920509817
"d0692cdba6d54bcc7c82cf05a7532f9b",6,0.932295215805838
"d0692cdba6d54bcc7c82cf05a7532f9b",6.5,0.92624615646367
"d0692cdba6d54bcc7c82cf05a7532f9b",7,0.916647189139408
"d0692cdba6d54bcc7c82cf05a7532f9b",7.5,0.902485749043276
"d0692cdba6d54bcc7c82cf05a7532f9b",8,0.882293554536645
"d0692cdba6d54bcc7c82cf05a7532f9b",8.5,0.854086556180983
"d0692cdba6d54bcc7c82cf05a7532f9b",9,0.815400894701957
"d0692cdba6d54bcc7c82cf05a7532f9b",9.5,0.763549231563087
"d0692cdba6d54bcc7c82cf05a7532f9b",10,0.696240283788741
"47796a23ddaef97745fc442aaa14dfcf",0,0.169018662424183
"47796a23ddaef97745fc442aaa14dfcf",0.5,0.13495574589235
"47796a23ddaef97745fc442aaa14dfcf",1,0.109539241696752
"47796a23ddaef97745fc442aaa14dfcf",1.5,0.0907513888865011
"47796a23ddaef97745fc442aaa14dfcf",2,0.0769756610635903
"47796a23ddaef97745fc442aaa14dfcf",2.5,0.0669899170340363
"47796a23ddaef97745fc442aaa14dfcf",3,0.0599072409809522
"47796a23ddaef97745fc442aaa14dfcf",3.5,0.0551077063717755
"47796a23ddaef97745fc442aaa14dfcf",4,0.0521797709124261
"47796a23ddaef97745fc442aaa14dfcf",4.5,0.0508771597576558
"47796a23ddaef97745fc442aaa14dfcf",5,0.0510917111055581
"47796a23ddaef97745fc442aaa14dfcf",5.5,0.0528411758225424
"47796a23ddaef97745fc442aaa14dfcf",6,0.0562712302126106
"47796a23ddaef97745fc442aaa14dfcf",6.5,0.0616718357733958
"47796a23ddaef97745fc442aaa14dfcf",7,0.0695088619818606
"47796a23ddaef97745fc442aaa14dfcf",7.5,0.0804718060924958
"47796a23ddaef97745fc442aaa14dfcf",8,0.0955361262995956
"47796a23ddaef97745fc442aaa14dfcf",8.5,0.116031616657529
"47796a23ddaef97745fc442aaa14dfcf",9,0.143692465719698
"47796a23ddaef97745fc442aaa14dfcf",9.5,0.180636330787194
"47796a23ddaef97745fc442aaa14dfcf",10,0.229181343403909
"cbd51314fd1630167dcedf735adddb47",0,0.928183857699597
"cbd51314fd1630167dcedf735adddb47",0.5,0.906715574005857
"cbd51314fd1630167dcedf735adddb47",1,0.883733514742068
"cbd51314fd1630167dcedf735adddb47",1.5,0.860699592985114
"cbd51314fd1630167dcedf735adddb47",2,0.839212185318383
"cbd51314fd1630167dcedf735adddb47",2.5,0.820796664259896
"cbd51314fd1630167dcedf735adddb47",3,0.806741558257129
"cbd51314fd1630167dcedf735adddb47",3.5,0.798000002528193
"cbd51314fd1630167dcedf735adddb47",4,0.795146463358949
"cbd51314fd1630167dcedf735adddb47",4.5,0.798364960554244
"cbd51314fd1630167dcedf735adddb47",5,0.807447809357222
"cbd51314fd1630167dcedf735adddb47",5.5,0.821797131834495
"cbd51314fd1630167dcedf735adddb47",6,0.840437848563833
"cbd51314fd1630167dcedf735adddb47",6.5,0.862063668341137
"cbd51314fd1630167dcedf735adddb47",7,0.885139531490378
"cbd51314fd1630167dcedf735adddb47",7.5,0.908069117396288
"cbd51314fd1630167dcedf735adddb47",8,0.929405673090249
"cbd51314fd1630167dcedf735adddb47",8.5,0.948052723281683
"cbd51314fd1630167dcedf735adddb47",9,0.963390827796755
"cbd51314fd1630167dcedf735adddb47",9.5,0.975290732817271
"cbd51314fd1630167dcedf735adddb47",10,0.984020119805265
"8e9a53d7044eb168375ada7afe2f7a23",0,0.932682988746223
"8e9a53d7044eb168375ada7afe2f7a23",0.5,0.920150777594618
"8e9a53d7044eb168375ada7afe2f7a23",1,0.90462300308742
"8e9a53d7044eb168375ada7afe2f7a23",1.5,0.885458692582015
"8e9a53d7044eb168375ada7afe2f7a23",2,0.861956731460647
"8e9a53d7044eb168375ada7afe2f7a23",2.5,0.833404789434594
"8e9a53d7044eb168375ada7afe2f7a23",3,0.799160531271498
"8e9a53d7044eb168375ada7afe2f7a23",3.5,0.758764072852792
"8e9a53d7044eb168375ada7afe2f7a23",4,0.712065836348182
"8e9a53d7044eb168375ada7afe2f7a23",4.5,0.659334609363007
"8e9a53d7044eb168375ada7afe2f7a23",5,0.601298710239683
"8e9a53d7044eb168375ada7afe2f7a23",5.5,0.53908863622069
"8e9a53d7044eb168375ada7afe2f7a23",6,0.474102722218776
"8e9a53d7044eb168375ada7afe2f7a23",6.5,0.407880113590806
"8e9a53d7044eb168375ada7afe2f7a23",7,0.342071073123497
"8e9a53d7044eb168375ada7afe2f7a23",7.5,0.278501593558497
"8e9a53d7044eb168375ada7afe2f7a23",8,0.219198573213953
"8e9a53d7044eb168375ada7afe2f7a23",8.5,0.16621198547472
"8e9a53d7044eb168375ada7afe2f7a23",9,0.121212121329259
"8e9a53d7044eb168375ada7afe2f7a23",9.5,0.0850519348960182
"8e9a53d7044eb168375ada7afe2f7a23",10,0.0575660459689199
"1edd1298759175e540fd86d91fc4a81f",0,0.364532851741495
"1edd1298759175e540fd86d91fc4a81f",0.5,0.366476241617252
"1edd1298759175e540fd86d91fc4a81f",1,0.367315967519961
"1edd1298759175e540fd86d91fc4a81f",1.5,0.367048910012515
"1edd1298759175e540fd86d91fc4a81f",2,0.365676057821122
"1edd1298759175e540fd86d91fc4a81f",2.5,0.363202542886308
"1edd1298759175e540fd86d91fc4a81f",3,0.359637819028829
"1edd1298759175e540fd86d91fc4a81f",3.5,0.354995977331961
"1edd1298759175e540fd86d91fc4a81f",4,0.349296185465799
"1edd1298759175e540fd86d91fc4a81f",4.5,0.342563231810443
"1edd1298759175e540fd86d91fc4a81f",5,0.334828148273909
"1edd1298759175e540fd86d91fc4a81f",5.5,0.326128878185792
"1edd1298759175e540fd86d91fc4a81f",6,0.316510947793662
"1edd1298759175e540fd86d91fc4a81f",6.5,0.306028092126627
"1edd1298759175e540fd86d91fc4a81f",7,0.294742778986353
"1edd1298759175e540fd86d91fc4a81f",7.5,0.282726569484367
"1edd1298759175e540fd86d91fc4a81f",8,0.270060250965902
"1edd1298759175e540fd86d91fc4a81f",8.5,0.256833679555402
"1edd1298759175e540fd86d91fc4a81f",9,0.243145276098472
"1edd1298759175e540fd86d91fc4a81f",9.5,0.229101131891237
"1edd1298759175e540fd86d91fc4a81f",10,0.21481369972531
"05f230fe7eb4518aa15d8dd8a9255b50",0,0.309697530279855
"05f230fe7eb4518aa15d8dd8a9255b50",0.5,0.298285189673573
"05f230fe7eb4518aa15d8dd8a9255b50",1,0.289750806663785
"05f230fe7eb4518aa15d8dd8a9255b50",1.5,0.283970939128733
"05f230fe7eb4518aa15d8dd8a9255b50",2,0.280857281487433
"05f230fe7eb4518aa15d8dd8a9255b50",2.5,0.280360720473035
"05f230fe7eb4518aa15d8dd8a9255b50",3,0.282473324934636
"05f230fe7eb4518aa15d8dd8a9255b50",3.5,0.287228650231838
"05f230fe7eb4518aa15d8dd8a9255b50",4,0.294700418470233
"05f230fe7eb4518aa15d8dd8a9255b50",4.5,0.304999315019451
"05f230fe7eb4518aa15d8dd8a9255b50",5,0.318267328419685
"05f230fe7eb4518aa15d8dd8a9255b50",5.5,0.334668774993642
"05f230fe7eb4518aa15d8dd8a9255b50",6,0.354376936207974
"05f230fe7eb4518aa15d8dd8a9255b50",6.5,0.377555178293574
"05f230fe7eb4518aa15d8dd8a9255b50",7,0.404331645298547
"05f230fe7eb4518aa15d8dd8a9255b50",7.5,0.434767277267564
"05f230fe7eb4518aa15d8dd8a9255b50",8,0.468818157154394
"05f230fe7eb4518aa15d8dd8a9255b50",8.5,0.506295100181475
"05f230fe7eb4518aa15d8dd8a9255b50",9,0.546825831419014
"05f230fe7eb4518aa15d8dd8a9255b50",9.5,0.589827586898528
"05f230fe7eb4518aa15d8dd8a9255b50",10,0.634499659453545
"fbb761902402701bea6c7ee76bbda487",0,0.564048688708289
"fbb761902402701bea6c7ee76bbda487",0.5,0.532298024946426
"fbb761902402701bea6c7ee76bbda487",1,0.505376407201016
"fbb761902402701bea6c7ee76bbda487",1.5,0.483504737441441
"fbb761902402701bea6c7ee76bbda487",2,0.466757932073486
"fbb761902402701bea6c7ee76bbda487",2.5,0.455129165955525
"fbb761902402701bea6c7ee76bbda487",3,0.448580863187226
"fbb761902402701bea6c7ee76bbda487",3.5,0.44708004207554
"fbb761902402701bea6c7ee76bbda487",4,0.450617946590381
"fbb761902402701bea6c7ee76bbda487",4.5,0.459214503892581
"fbb761902402701bea6c7ee76bbda487",5,0.472907789628456
"fbb761902402701bea6c7ee76bbda487",5.5,0.491728107168772
"fbb761902402701bea6c7ee76bbda487",6,0.515656227068706
"fbb761902402701bea6c7ee76bbda487",6.5,0.544566547813968
"fbb761902402701bea6c7ee76bbda487",7,0.578159136954142
"fbb761902402701bea6c7ee76bbda487",7.5,0.615890103314312
"fbb761902402701bea6c7ee76bbda487",8,0.656916767410654
"fbb761902402701bea6c7ee76bbda487",8.5,0.700080015724533
"fbb761902402701bea6c7ee76bbda487",9,0.743946465194607
"fbb761902402701bea6c7ee76bbda487",9.5,0.786922792952345
"fbb761902402701bea6c7ee76bbda487",10,0.827432643526069
"13eb158569ee63ba4730b2ecf117d03c",0,0.299464646540587
"13eb158569ee63ba4730b2ecf117d03c",0.5,0.309047136119268
"13eb158569ee63ba4730b2ecf117d03c",1,0.317950748267796
"13eb158569ee63ba4730b2ecf117d03c",1.5,0.326132624786459
"13eb158569ee63ba4730b2ecf117d03c",2,0.333555520782749
"13eb158569ee63ba4730b2ecf117d03c",2.5,0.340187487353608
"13eb158569ee63ba4730b2ecf117d03c",3,0.346001507486405
"13eb158569ee63ba4730b2ecf117d03c",3.5,0.35097511194
"13eb158569ee63ba4730b2ecf117d03c",4,0.355089998806069
"13eb158569ee63ba4730b2ecf117d03c",4.5,0.358331677059639
"13eb158569ee63ba4730b2ecf117d03c",5,0.36068915093147
"13eb158569ee63ba4730b2ecf117d03c",5.5,0.362154658538979
"13eb158569ee63ba4730b2ecf117d03c",6,0.362723474991173
"13eb158569ee63ba4730b2ecf117d03c",6.5,0.362393787167302
"13eb158569ee63ba4730b2ecf117d03c",7,0.36116664454011
"13eb158569ee63ba4730b2ecf117d03c",7.5,0.359045987717658
"13eb158569ee63ba4730b2ecf117d03c",8,0.356038753735104
"13eb158569ee63ba4730b2ecf117d03c",8.5,0.352155054453361
"13eb158569ee63ba4730b2ecf117d03c",9,0.347408421634492
"13eb158569ee63ba4730b2ecf117d03c",9.5,0.341816109301415
"13eb158569ee63ba4730b2ecf117d03c",10,0.335399440821866
"ab78c0a0cd6f6bda69f065bf8980b8d3",0,0.237128516846438
"ab78c0a0cd6f6bda69f065bf8980b8d3",0.5,0.227389891958167
"ab78c0a0cd6f6bda69f065bf8980b8d3",1,0.220841397093864
"ab78c0a0cd6f6bda69f065bf8980b8d3",1.5,0.21730960022494
"ab78c0a0cd6f6bda69f065bf8980b8d3",2,0.216698642027464
"ab78c0a0cd6f6bda69f065bf8980b8d3",2.5,0.218991779544914
"ab78c0a0cd6f6bda69f065bf8980b8d3",3,0.224251611612329
"ab78c0a0cd6f6bda69f065bf8980b8d3",3.5,0.232619169210991
"ab78c0a0cd6f6bda69f065bf8980b8d3",4,0.244311179826376
"ab78c0a0cd6f6bda69f065bf8980b8d3",4.5,0.259613892579109
"ab78c0a0cd6f6bda69f065bf8980b8d3",5,0.278870860942012
"ab78c0a0cd6f6bda69f065bf8980b8d3",5.5,0.302461111344209
"ab78c0a0cd6f6bda69f065bf8980b8d3",6,0.330763460143998
"ab78c0a0cd6f6bda69f065bf8980b8d3",6.5,0.364102930719658
"ab78c0a0cd6f6bda69f065bf8980b8d3",7,0.402677091352456
"ab78c0a0cd6f6bda69f065bf8980b8d3",7.5,0.44646457216699
"ab78c0a0cd6f6bda69f065bf8980b8d3",8,0.495125435989089
"ab78c0a0cd6f6bda69f065bf8980b8d3",8.5,0.547912578201414
"ab78c0a0cd6f6bda69f065bf8980b8d3",9,0.603622030983244
"ab78c0a0cd6f6bda69f065bf8980b8d3",9.5,0.660613252903291
"ab78c0a0cd6f6bda69f065bf8980b8d3",10,0.71692313121521
"3a2d67df382c650d0f27c54718d1ed87",0,0.640909798229748
"3a2d67df382c650d0f27c54718d1ed87",0.5,0.576277775550438
"3a2d67df382c650d0f27c54718d1ed87",1,0.518850561029021
"3a2d67df382c650d0f27c54718d1ed87",1.5,0.470644449012275
"3a2d67df382c650d0f27c54718d1ed87",2,0.432509537616186
"3a2d67df382c650d0f27c54718d1ed87",2.5,0.404533711363179
"3a2d67df382c650d0f27c54718d1ed87",3,0.386442921559733
"3a2d67df382c650d0f27c54718d1ed87",3.5,0.377906325668664
"3a2d67df382c650d0f27c54718d1ed87",4,0.378726043781927
"3a2d67df382c650d0f27c54718d1ed87",4.5,0.38892223465671
"3a2d67df382c650d0f27c54718d1ed87",5,0.408725083068404
"3a2d67df382c650d0f27c54718d1ed87",5.5,0.438472406589688
"3a2d67df382c650d0f27c54718d1ed87",6,0.478399994943678
"3a2d67df382c650d0f27c54718d1ed87",6.5,0.528316791233646
"3a2d67df382c650d0f27c54718d1ed87",7,0.587194728118373
"3a2d67df382c650d0f27c54718d1ed87",7.5,0.652780774480262
"3a2d67df382c650d0f27c54718d1ed87",8,0.721433057679808
"3a2d67df382c650d0f27c54718d1ed87",8.5,0.788421727161737
"3a2d67df382c650d0f27c54718d1ed87",9,0.848816561225775
"3a2d67df382c650d0f27c54718d1ed87",9.5,0.898754478853588
"3a2d67df382c650d0f27c54718d1ed87",10,0.936488972298715
"ac465b73e46a99bb5c1bd7c2d3f53472",0,0.420948956176516
"ac465b73e46a99bb5c1bd7c2d3f53472",0.5,0.398926037974233
"ac465b73e46a99bb5c1bd7c2d3f53472",1,0.380178473014747
"ac465b73e46a99bb5c1bd7c2d3f53472",1.5,0.364608378484313
"ac465b73e46a99bb5c1bd7c2d3f53472",2,0.352101625912313
"ac465b73e46a99bb5c1bd7c2d3f53472",2.5,0.34254545518275
"ac465b73e46a99bb5c1bd7c2d3f53472",3,0.335841355251909
"ac465b73e46a99bb5c1bd7c2d3f53472",3.5,0.331913973150842
"ac465b73e46a99bb5c1bd7c2d3f53472",4,0.330716818058689
"ac465b73e46a99bb5c1bd7c2d3f53472",4.5,0.332235377593411
"ac465b73e46a99bb5c1bd7c2d3f53472",5,0.336488033305068
"ac465b73e46a99bb5c1bd7c2d3f53472",5.5,0.343524896626873
"ac465b73e46a99bb5c1bd7c2d3f53472",6,0.353424411725917
"ac465b73e46a99bb5c1bd7c2d3f53472",6.5,0.366287308545165
"ac465b73e46a99bb5c1bd7c2d3f53472",7,0.382227265860096
"ac465b73e46a99bb5c1bd7c2d3f53472",7.5,0.401357508311001
"ac465b73e46a99bb5c1bd7c2d3f53472",8,0.42377259141297
"ac465b73e46a99bb5c1bd7c2d3f53472",8.5,0.449524936529307
"ac465b73e46a99bb5c1bd7c2d3f53472",9,0.478596396171862
"ac465b73e46a99bb5c1bd7c2d3f53472",9.5,0.510866368007308
"ac465b73e46a99bb5c1bd7c2d3f53472",10,0.546079734268942
"e49114f6ca83bfe7f5f60fba042bd86b",0,0.412950110579546
"e49114f6ca83bfe7f5f60fba042bd86b",0.5,0.390217399585398
"e49114f6ca83bfe7f5f60fba042bd86b",1,0.371293549935716
"e49114f6ca83bfe7f5f60fba042bd86b",1.5,0.356040040224575
"e49114f6ca83bfe7f5f60fba042bd86b",2,0.344308076295559
"e49114f6ca83bfe7f5f60fba042bd86b",2.5,0.335961256040425
"e49114f6ca83bfe7f5f60fba042bd86b",3,0.3308912118874
"e49114f6ca83bfe7f5f60fba042bd86b",3.5,0.329027623893804
"e49114f6ca83bfe7f5f60fba042bd86b",4,0.330343803537221
"e49114f6ca83bfe7f5f60fba042bd86b",4.5,0.334858646510166
"e49114f6ca83bfe7f5f60fba042bd86b",5,0.342635259190974
"e49114f6ca83bfe7f5f60fba042bd86b",5.5,0.353776043026538
"e49114f6ca83bfe7f5f60fba042bd86b",6,0.368413519164359
"e49114f6ca83bfe7f5f60fba042bd86b",6.5,0.386695751586079
"e49114f6ca83bfe7f5f60fba042bd86b",7,0.408764986766393
"e49114f6ca83bfe7f5f60fba042bd86b",7.5,0.434728251392989
"e49114f6ca83bfe7f5f60fba042bd86b",8,0.464619396900619
"e49114f6ca83bfe7f5f60fba042bd86b",8.5,0.498353745506244
"e49114f6ca83bfe7f5f60fba042bd86b",9,0.535679268627847
"e49114f6ca83bfe7f5f60fba042bd86b",9.5,0.576131943825441
"e49114f6ca83bfe7f5f60fba042bd86b",10,0.619006726872448
"3984f5a60a7edf96c1ea404cfdb8793c",0,0.63327431999529
"3984f5a60a7edf96c1ea404cfdb8793c",0.5,0.631452859133093
"3984f5a60a7edf96c1ea404cfdb8793c",1,0.628869166343268
"3984f5a60a7edf96c1ea404cfdb8793c",1.5,0.625517003140259
"3984f5a60a7edf96c1ea404cfdb8793c",2,0.621388578798368
"3984f5a60a7edf96c1ea404cfdb8793c",2.5,0.616474772205964
"3984f5a60a7edf96c1ea404cfdb8793c",3,0.610765413616028
"3984f5a60a7edf96c1ea404cfdb8793c",3.5,0.604249631478478
"3984f5a60a7edf96c1ea404cfdb8793c",4,0.59691626980915
"3984f5a60a7edf96c1ea404cfdb8793c",4.5,0.588754381391831
"3984f5a60a7edf96c1ea404cfdb8793c",5,0.579753801403526
"3984f5a60a7edf96c1ea404cfdb8793c",5.5,0.569905804666892
"3984f5a60a7edf96c1ea404cfdb8793c",6,0.559203847528284
"3984f5a60a7edf96c1ea404cfdb8793c",6.5,0.547644392202106
"3984f5a60a7edf96c1ea404cfdb8793c",7,0.535227807201041
"3984f5a60a7edf96c1ea404cfdb8793c",7.5,0.52195933212205
"3984f5a60a7edf96c1ea404cfdb8793c",8,0.507850088589491
"3984f5a60a7edf96c1ea404cfdb8793c",8.5,0.492918111687778
"3984f5a60a7edf96c1ea404cfdb8793c",9,0.47718936800988
"3984f5a60a7edf96c1ea404cfdb8793c",9.5,0.460698717946088
"3984f5a60a7edf96c1ea404cfdb8793c",10,0.443490771681357
"4ecc7a3ba783beafe2e299172d65805d",0,0.276271989092184
"4ecc7a3ba783beafe2e299172d65805d",0.5,0.267666018719632
"4ecc7a3ba783beafe2e299172d65805d",1,0.260819503051007
"4ecc7a3ba783beafe2e299172d65805d",1.5,0.255654511537991
"4ecc7a3ba783beafe2e299172d65805d",2,0.252110184222042
"4ecc7a3ba783beafe2e299172d65805d",2.5,0.250143763328703
"4ecc7a3ba783beafe2e299172d65805d",3,0.249731186335217
"4ecc7a3ba783beafe2e299172d65805d",3.5,0.250867374305959
"4ecc7a3ba783beafe2e299172d65805d",4,0.253566288684859
"4ecc7a3ba783beafe2e299172d65805d",4.5,0.257860771790838
"4ecc7a3ba783beafe2e299172d65805d",5,0.263802128935753
"4ecc7a3ba783beafe2e299172d65805d",5.5,0.271459351107973
"4ecc7a3ba783beafe2e299172d65805d",6,0.280917814890064
"4ecc7a3ba783beafe2e299172d65805d",6.5,0.292277230650806
"4ecc7a3ba783beafe2e299172d65805d",7,0.305648543892511
"4ecc7a3ba783beafe2e299172d65805d",7.5,0.321149435333209
"4ecc7a3ba783beafe2e299172d65805d",8,0.338898026849311
"4ecc7a3ba783beafe2e299172d65805d",8.5,0.359004405370888
"4ecc7a3ba783beafe2e299172d65805d",9,0.381559657352174
"4ecc7a3ba783beafe2e299172d65805d",9.5,0.406622302494851
"4ecc7a3ba783beafe2e299172d65805d",10,0.434202367714754
"55a54212e01d370d2744d010a5bfe225",0,0.431657696486358
"55a54212e01d370d2744d010a5bfe225",0.5,0.39656971405703
"55a54212e01d370d2744d010a5bfe225",1,0.366341648767008
"55a54212e01d370d2744d010a5bfe225",1.5,0.340838446608104
"55a54212e01d370d2744d010a5bfe225",2,0.319821244535357
"55a54212e01d370d2744d010a5bfe225",2.5,0.303009763622479
"55a54212e01d370d2744d010a5bfe225",3,0.29012773123379
"55a54212e01d370d2744d010a5bfe225",3.5,0.280933553610696
"55a54212e01d370d2744d010a5bfe225",4,0.275239651887922
"55a54212e01d370d2744d010a5bfe225",4.5,0.272923778800535
"55a54212e01d370d2744d010a5bfe225",5,0.27393491882562
"55a54212e01d370d2744d010a5bfe225",5.5,0.278295436923309
"55a54212e01d370d2744d010a5bfe225",6,0.28610015844909
"55a54212e01d370d2744d010a5bfe225",6.5,0.297512082028022
"55a54212e01d370d2744d010a5bfe225",7,0.312753444193859
"55a54212e01d370d2744d010a5bfe225",7.5,0.33208988735434
"55a54212e01d370d2744d010a5bfe225",8,0.355804647530765
"55a54212e01d370d2744d010a5bfe225",8.5,0.384159276075695
"55a54212e01d370d2744d010a5bfe225",9,0.417338000627675
"55a54212e01d370d2744d010a5bfe225",9.5,0.455375227453485
"55a54212e01d370d2744d010a5bfe225",10,0.498070721960825
"802ebad26a920809e57df5fe9ff0ba29",0,0.357795534855084
"802ebad26a920809e57df5fe9ff0ba29",0.5,0.379386549337675
"802ebad26a920809e57df5fe9ff0ba29",1,0.399433157870538
"802ebad26a920809e57df5fe9ff0ba29",1.5,0.417765298046643
"802ebad26a920809e57df5fe9ff0ba29",2,0.434253082017679
"802ebad26a920809e57df5fe9ff0ba29",2.5,0.448801568417068
"802ebad26a920809e57df5fe9ff0ba29",3,0.461344730733679
"802ebad26a920809e57df5fe9ff0ba29",3.5,0.471839277859028
"802ebad26a920809e57df5fe9ff0ba29",4,0.480258817990712
"802ebad26a920809e57df5fe9ff0ba29",4.5,0.486588702741593
"802ebad26a920809e57df5fe9ff0ba29",5,0.490821761497851
"802ebad26a920809e57df5fe9ff0ba29",5.5,0.492955043021469
"802ebad26a920809e57df5fe9ff0ba29",6,0.492987620621825
"802ebad26a920809e57df5fe9ff0ba29",6.5,0.490919483060682
"802ebad26a920809e57df5fe9ff0ba29",7,0.486751517604236
"802ebad26a920809e57df5fe9ff0ba29",7.5,0.480486585295381
"802ebad26a920809e57df5fe9ff0ba29",8,0.472131682323007
"802ebad26a920809e57df5fe9ff0ba29",8.5,0.461701166044018
"802ebad26a920809e57df5fe9ff0ba29",9,0.449220990753238
"802ebad26a920809e57df5fe9ff0ba29",9.5,0.434733838552079
"802ebad26a920809e57df5fe9ff0ba29",10,0.418304938674515
"ce2100896561d5e109c74f41565d2623",0,0.377109954218029
"ce2100896561d5e109c74f41565d2623",0.5,0.447629306591052
"ce2100896561d5e109c74f41565d2623",1,0.50911444809114
"ce2100896561d5e109c74f41565d2623",1.5,0.557912757759509
"ce2100896561d5e109c74f41565d2623",2,0.591817927588358
"ce2100896561d5e109c74f41565d2623",2.5,0.609997140204495
"ce2100896561d5e109c74f41565d2623",3,0.612305901644322
"ce2100896561d5e109c74f41565d2623",3.5,0.598742404761055
"ce2100896561d5e109c74f41565d2623",4,0.569371200560904
"ce2100896561d5e109c74f41565d2623",4.5,0.524749807408141
"ce2100896561d5e109c74f41565d2623",5,0.466632358615873
"ce2100896561d5e109c74f41565d2623",5.5,0.39831475350116
"ce2100896561d5e109c74f41565d2623",6,0.323831968754637
"ce2100896561d5e109c74f41565d2623",6.5,0.246580569100903
"ce2100896561d5e109c74f41565d2623",7,0.170195339943192
"ce2100896561d5e109c74f41565d2623",7.5,0.101807660010263
"ce2100896561d5e109c74f41565d2623",8,0.0506927055266973
"ce2100896561d5e109c74f41565d2623",8.5,0.0205413621391738
"ce2100896561d5e109c74f41565d2623",9,0.00679175218885448
"ce2100896561d5e109c74f41565d2623",9.5,0.00189696797927537
"ce2100896561d5e109c74f41565d2623",10,0.000464842397946928
"972fddecf4c6292de29d9b0ebff13ce5",0,0.280929148309723
"972fddecf4c6292de29d9b0ebff13ce5",0.5,0.250317609136808
"972fddecf4c6292de29d9b0ebff13ce5",1,0.22310515877651
"972fddecf4c6292de29d9b0ebff13ce5",1.5,0.19909488194744
"972fddecf4c6292de29d9b0ebff13ce5",2,0.178046179627722
"972fddecf4c6292de29d9b0ebff13ce5",2.5,0.159695409011898
"972fddecf4c6292de29d9b0ebff13ce5",3,0.143772481159744
"972fddecf4c6292de29d9b0ebff13ce5",3.5,0.130013329581928
"972fddecf4c6292de29d9b0ebff13ce5",4,0.118168570952628
"972fddecf4c6292de29d9b0ebff13ce5",4.5,0.108008931914439
"972fddecf4c6292de29d9b0ebff13ce5",5,0.0993281190804141
"972fddecf4c6292de29d9b0ebff13ce5",5.5,0.0919437999347052
"972fddecf4c6292de29d9b0ebff13ce5",6,0.0856972848977676
"972fddecf4c6292de29d9b0ebff13ce5",6.5,0.0804523931389265
"972fddecf4c6292de29d9b0ebff13ce5",7,0.0760938729423228
"972fddecf4c6292de29d9b0ebff13ce5",7.5,0.0725256466430752
"972fddecf4c6292de29d9b0ebff13ce5",8,0.0696690670801428
"972fddecf4c6292de29d9b0ebff13ce5",8.5,0.0674613085147386
"972fddecf4c6292de29d9b0ebff13ce5",9,0.0658539684256875
"972fddecf4c6292de29d9b0ebff13ce5",9.5,0.0648119245961013
"972fddecf4c6292de29d9b0ebff13ce5",10,0.0643124712240786
"24aef4e5bdd9aca9005e90ae8fe89a67",0,0.781867074627029
"24aef4e5bdd9aca9005e90ae8fe89a67",0.5,0.74625689382167
"24aef4e5bdd9aca9005e90ae8fe89a67",1,0.709553839124697
"24aef4e5bdd9aca9005e90ae8fe89a67",1.5,0.672599508589368
"24aef4e5bdd9aca9005e90ae8fe89a67",2,0.636213986718938
"24aef4e5bdd9aca9005e90ae8fe89a67",2.5,0.601139143808562
"24aef4e5bdd9aca9005e90ae8fe89a67",3,0.568000008833762
"24aef4e5bdd9aca9005e90ae8fe89a67",3.5,0.537286236893263
"24aef4e5bdd9aca9005e90ae8fe89a67",4,0.509351566340558
"24aef4e5bdd9aca9005e90ae8fe89a67",4.5,0.484426699651677
"24aef4e5bdd9aca9005e90ae8fe89a67",5,0.462640309900146
"24aef4e5bdd9aca9005e90ae8fe89a67",5.5,0.444043410296576
"24aef4e5bdd9aca9005e90ae8fe89a67",6,0.428633507706533
"24aef4e5bdd9aca9005e90ae8fe89a67",6.5,0.416376271351286
"24aef4e5bdd9aca9005e90ae8fe89a67",7,0.407223564467786
"24aef4e5bdd9aca9005e90ae8fe89a67",7.5,0.401127477773429
"24aef4e5bdd9aca9005e90ae8fe89a67",8,0.398050465097576
"24aef4e5bdd9aca9005e90ae8fe89a67",8.5,0.397971873412251
"24aef4e5bdd9aca9005e90ae8fe89a67",9,0.400891160306533
"24aef4e5bdd9aca9005e90ae8fe89a67",9.5,0.40682797542471
"24aef4e5bdd9aca9005e90ae8fe89a67",10,0.415819110621705
"04875030d92c68bc497920cb6bcab147",0,0.566464423816956
"04875030d92c68bc497920cb6bcab147",0.5,0.596952990675141
"04875030d92c68bc497920cb6bcab147",1,0.623042196105799
"04875030d92c68bc497920cb6bcab147",1.5,0.644847129388336
"04875030d92c68bc497920cb6bcab147",2,0.662549643586023
"04875030d92c68bc497920cb6bcab147",2.5,0.676353458924295
"04875030d92c68bc497920cb6bcab147",3,0.686451279881524
"04875030d92c68bc497920cb6bcab147",3.5,0.693002274480903
"04875030d92c68bc497920cb6bcab147",4,0.696117695590463
"04875030d92c68bc497920cb6bcab147",4.5,0.695852611066591
"04875030d92c68bc497920cb6bcab147",5,0.692202281706823
"04875030d92c68bc497920cb6bcab147",5.5,0.68510246143315
"04875030d92c68bc497920cb6bcab147",6,0.674433682109979
"04875030d92c68bc497920cb6bcab147",6.5,0.66003036955508
"04875030d92c68bc497920cb6bcab147",7,0.641696356626062
"04875030d92c68bc497920cb6bcab147",7.5,0.619228889082516
"04875030d92c68bc497920cb6bcab147",8,0.592453316661482
"04875030d92c68bc497920cb6bcab147",8.5,0.561269931193312
"04875030d92c68bc497920cb6bcab147",9,0.525712351142078
"04875030d92c68bc497920cb6bcab147",9.5,0.486013034349159
"04875030d92c68bc497920cb6bcab147",10,0.442665997534302
"e2e208b81866a7c77ddf15f0779050a3",0,0.0632539912426026
"e2e208b81866a7c77ddf15f0779050a3",0.5,0.0861648665669443
"e2e208b81866a7c77ddf15f0779050a3",1,0.113973785668033
"e2e208b81866a7c77ddf15f0779050a3",1.5,0.146380981807762
"e2e208b81866a7c77ddf15f0779050a3",2,0.182662562580594
"e2e208b81866a7c77ddf15f0779050a3",2.5,0.221753810916894
"e2e208b81866a7c77ddf15f0779050a3",3,0.262391762257724
"e2e208b81866a7c77ddf15f0779050a3",3.5,0.303272038378072
"e2e208b81866a7c77ddf15f0779050a3",4,0.343180813667159
"e2e208b81866a7c77ddf15f0779050a3",4.5,0.381081717548919
"e2e208b81866a7c77ddf15f0779050a3",5,0.416155920348826
"e2e208b81866a7c77ddf15f0779050a3",5.5,0.447804558107963
"e2e208b81866a7c77ddf15f0779050a3",6,0.475626083598282
"e2e208b81866a7c77ddf15f0779050a3",6.5,0.49938011558476
"e2e208b81866a7c77ddf15f0779050a3",7,0.518946653105531
"e2e208b81866a7c77ddf15f0779050a3",7.5,0.534286665907325
"e2e208b81866a7c77ddf15f0779050a3",8,0.545407680668497
"e2e208b81866a7c77ddf15f0779050a3",8.5,0.552336216816859
"e2e208b81866a7c77ddf15f0779050a3",9,0.555097771975297
"e2e208b81866a7c77ddf15f0779050a3",9.5,0.553704431875774
"e2e208b81866a7c77ddf15f0779050a3",10,0.548149961628108
"7019de3188b5760c38578dc5a8684f9e",0,0.956596109923747
"7019de3188b5760c38578dc5a8684f9e",0.5,0.93770297831627
"7019de3188b5760c38578dc5a8684f9e",1,0.914645998187166
"7019de3188b5760c38578dc5a8684f9e",1.5,0.888265212134943
"7019de3188b5760c38578dc5a8684f9e",2,0.859989021884712
"7019de3188b5760c38578dc5a8684f9e",2.5,0.831624266578824
"7019de3188b5760c38578dc5a8684f9e",3,0.805076334227892
"7019de3188b5760c38578dc5a8684f9e",3.5,0.782096476941426
"7019de3188b5760c38578dc5a8684f9e",4,0.764116501326625
"7019de3188b5760c38578dc5a8684f9e",4.5,0.752178077717747
"7019de3188b5760c38578dc5a8684f9e",5,0.746927594489276
"7019de3188b5760c38578dc5a8684f9e",5.5,0.748636897387816
"7019de3188b5760c38578dc5a8684f9e",6,0.757218346972001
"7019de3188b5760c38578dc5a8684f9e",6.5,0.772219525417725
"7019de3188b5760c38578dc5a8684f9e",7,0.792802404774303
"7019de3188b5760c38578dc5a8684f9e",7.5,0.817730524445105
"7019de3188b5760c38578dc5a8684f9e",8,0.845401366283249
"7019de3188b5760c38578dc5a8684f9e",8.5,0.873961378453486
"7019de3188b5760c38578dc5a8684f9e",9,0.901518137094687
"7019de3188b5760c38578dc5a8684f9e",9.5,0.926417037421638
"7019de3188b5760c38578dc5a8684f9e",10,0.947499609472896
"300813bf30c10aa9ea9b264834692c53",0,0.682902811509462
"300813bf30c10aa9ea9b264834692c53",0.5,0.575273620143481
"300813bf30c10aa9ea9b264834692c53",1,0.473192045546236
"300813bf30c10aa9ea9b264834692c53",1.5,0.384870995188471
"300813bf30c10aa9ea9b264834692c53",2,0.313796435422791
"300813bf30c10aa9ea9b264834692c53",2.5,0.259797526281329
"300813bf30c10aa9ea9b264834692c53",3,0.220802987757168
"300813bf30c10aa9ea9b264834692c53",3.5,0.1942648389366
"300813bf30c10aa9ea9b264834692c53",4,0.177972971278815
"300813bf30c10aa9ea9b264834692c53",4.5,0.170398783174292
"300813bf30c10aa9ea9b264834692c53",5,0.170792022602374
"300813bf30c10aa9ea9b264834692c53",5.5,0.179192214205511
"300813bf30c10aa9ea9b264834692c53",6,0.196428614385335
"300813bf30c10aa9ea9b264834692c53",6.5,0.22410493651781
"300813bf30c10aa9ea9b264834692c53",7,0.26448654144199
"300813bf30c10aa9ea9b264834692c53",7.5,0.320120079741821
"300813bf30c10aa9ea9b264834692c53",8,0.392960425949192
"300813bf30c10aa9ea9b264834692c53",8.5,0.482890777334383
"300813bf30c10aa9ea9b264834692c53",9,0.585975763815206
"300813bf30c10aa9ea9b264834692c53",9.5,0.693543299760802
"300813bf30c10aa9ea9b264834692c53",10,0.793603744232651
"ce885dac43d5b9900e4f77e391e36d33",0,0.263556144171006
"ce885dac43d5b9900e4f77e391e36d33",0.5,0.213726761140098
"ce885dac43d5b9900e4f77e391e36d33",1,0.177678669044605
"ce885dac43d5b9900e4f77e391e36d33",1.5,0.152767445564317
"ce885dac43d5b9900e4f77e391e36d33",2,0.13670946990227
"ce885dac43d5b9900e4f77e391e36d33",2.5,0.127861956997253
"ce885dac43d5b9900e4f77e391e36d33",3,0.125272393485483
"ce885dac43d5b9900e4f77e391e36d33",3.5,0.128656603179142
"ce885dac43d5b9900e4f77e391e36d33",4,0.138385506784481
"ce885dac43d5b9900e4f77e391e36d33",4.5,0.155501803306214
"ce885dac43d5b9900e4f77e391e36d33",5,0.181738598738875
"ce885dac43d5b9900e4f77e391e36d33",5.5,0.219450527213812
"ce885dac43d5b9900e4f77e391e36d33",6,0.271287270289185
"ce885dac43d5b9900e4f77e391e36d33",6.5,0.339389041643215
"ce885dac43d5b9900e4f77e391e36d33",7,0.42401904883878
"ce885dac43d5b9900e4f77e391e36d33",7.5,0.52207554125814
"ce885dac43d5b9900e4f77e391e36d33",8,0.626690699812869
"ce885dac43d5b9900e4f77e391e36d33",8.5,0.728893542187122
"ce885dac43d5b9900e4f77e391e36d33",9,0.820059831295488
"ce885dac43d5b9900e4f77e391e36d33",9.5,0.893172278192579
"ce885dac43d5b9900e4f77e391e36d33",10,0.944203835227544
"65aa97f852082bbfcfb8681aeba5c3b1",0,0.984131112247982
"65aa97f852082bbfcfb8681aeba5c3b1",0.5,0.975662814595065
"65aa97f852082bbfcfb8681aeba5c3b1",1,0.96436192127787
"65aa97f852082bbfcfb8681aeba5c3b1",1.5,0.950179989290823
"65aa97f852082bbfcfb8681aeba5c3b1",2,0.933485609199693
"65aa97f852082bbfcfb8681aeba5c3b1",2.5,0.915098319494284
"65aa97f852082bbfcfb8681aeba5c3b1",3,0.896213926481816
"65aa97f852082bbfcfb8681aeba5c3b1",3.5,0.878241158723757
"65aa97f852082bbfcfb8681aeba5c3b1",4,0.862602485905151
"65aa97f852082bbfcfb8681aeba5c3b1",4.5,0.850553925052184
"65aa97f852082bbfcfb8681aeba5c3b1",5,0.843055556289505
"65aa97f852082bbfcfb8681aeba5c3b1",5.5,0.840696349676843
"65aa97f852082bbfcfb8681aeba5c3b1",6,0.843659818077467
"65aa97f852082bbfcfb8681aeba5c3b1",6.5,0.851715297544102
"65aa97f852082bbfcfb8681aeba5c3b1",7,0.864229063215932
"65aa97f852082bbfcfb8681aeba5c3b1",7.5,0.880202480514452
"65aa97f852082bbfcfb8681aeba5c3b1",8,0.89835288237889
"65aa97f852082bbfcfb8681aeba5c3b1",8.5,0.917249500149508
"65aa97f852082bbfcfb8681aeba5c3b1",9,0.935497990968453
"65aa97f852082bbfcfb8681aeba5c3b1",9.5,0.95193854698199
"65aa97f852082bbfcfb8681aeba5c3b1",10,0.96580141153345
"57d30817700c8065b3da62354403e737",0,0.842791281631378
"57d30817700c8065b3da62354403e737",0.5,0.832199089000677
"57d30817700c8065b3da62354403e737",1,0.823340065050773
"57d30817700c8065b3da62354403e737",1.5,0.81647911648572
"57d30817700c8065b3da62354403e737",2,0.811818318846291
"57d30817700c8065b3da62354403e737",2.5,0.809493097826882
"57d30817700c8065b3da62354403e737",3,0.809570396266876
"57d30817700c8065b3da62354403e737",3.5,0.812047995690075
"57d30817700c8065b3da62354403e737",4,0.816854536308058
"57d30817700c8065b3da62354403e737",4.5,0.823850251077836
"57d30817700c8065b3da62354403e737",5,0.832828897892159
"57d30817700c8065b3da62354403e737",5.5,0.843521739404535
"57d30817700c8065b3da62354403e737",6,0.855604582743436
"57d30817700c8065b3da62354403e737",6.5,0.868708763492432
"57d30817700c8065b3da62354403e737",7,0.882436491080506
"57d30817700c8065b3da62354403e737",7.5,0.896380194908018
"57d30817700c8065b3da62354403e737",8,0.91014455868232
"57d30817700c8065b3da62354403e737",8.5,0.92336904465383
"57d30817700c8065b3da62354403e737",9,0.935748175449198
"57d30817700c8065b3da62354403e737",9.5,0.947046886493636
"57d30817700c8065b3da62354403e737",10,0.957108948877272
"84ac3000a95971322e8f904918039135",0,0.0101470895928119
"84ac3000a95971322e8f904918039135",0.5,0.0139659345329921
"84ac3000a95971322e8f904918039135",1,0.018706199868143
"84ac3000a95971322e8f904918039135",1.5,0.0243822987053603
"84ac3000a95971322e8f904918039135",2,0.0309290196428656
"84ac3000a95971322e8f904918039135",2.5,0.0381891093742482
"84ac3000a95971322e8f904918039135",3,0.0459121051470201
"84ac3000a95971322e8f904918039135",3.5,0.0537662910848297
"84ac3000a95971322e8f904918039135",4,0.0613628916316624
"84ac3000a95971322e8f904918039135",4.5,0.0682890727711308
"84ac3000a95971322e8f904918039135",5,0.0741448297847248
"84ac3000a95971322e8f904918039135",5.5,0.0785787263894196
"84ac3000a95971322e8f904918039135",6,0.0813184440666888
"84ac3000a95971322e8f904918039135",6.5,0.0821935703918808
"84ac3000a95971322e8f904918039135",7,0.0811493748793731
"84ac3000a95971322e8f904918039135",7.5,0.0782511458708634
"84ac3000a95971322e8f904918039135",8,0.0736790120031771
"84ac3000a95971322e8f904918039135",8.5,0.0677133428901067
"84ac3000a95971322e8f904918039135",9,0.0607112067156129
"84ac3000a95971322e8f904918039135",9.5,0.0530752355707345
"84ac3000a95971322e8f904918039135",10,0.0452176015758782
"cc0826be426370366199cac0fa4ba7a0",0,0.127444008570562
"cc0826be426370366199cac0fa4ba7a0",0.5,0.120431595923015
"cc0826be426370366199cac0fa4ba7a0",1,0.119920855103991
"cc0826be426370366199cac0fa4ba7a0",1.5,0.125853818496559
"cc0826be426370366199cac0fa4ba7a0",2,0.138891286731959
"cc0826be426370366199cac0fa4ba7a0",2.5,0.160380314025843
"cc0826be426370366199cac0fa4ba7a0",3,0.192184409170398
"cc0826be426370366199cac0fa4ba7a0",3.5,0.236159576024919
"cc0826be426370366199cac0fa4ba7a0",4,0.293056459614977
"cc0826be426370366199cac0fa4ba7a0",4.5,0.361053001642401
"cc0826be426370366199cac0fa4ba7a0",5,0.435114325100471
"cc0826be426370366199cac0fa4ba7a0",5.5,0.508722979205817
"cc0826be426370366199cac0fa4ba7a0",6,0.577337660886069
"cc0826be426370366199cac0fa4ba7a0",6.5,0.64089715816836
"cc0826be426370366199cac0fa4ba7a0",7,0.704561818449269
"cc0826be426370366199cac0fa4ba7a0",7.5,0.775557028323824
"cc0826be426370366199cac0fa4ba7a0",8,0.853332071761876
"cc0826be426370366199cac0fa4ba7a0",8.5,0.923163981009289
"cc0826be426370366199cac0fa4ba7a0",9,0.968426341622608
"cc0826be426370366199cac0fa4ba7a0",9.5,0.989322265097359
"cc0826be426370366199cac0fa4ba7a0",10,0.996830397543062
